relationship_id,person_a_id,person_a_name,person_b_id,person_b_name,phone_call_count,phone_call_dates,phone_call_durations_sec,total_call_duration_sec,transaction_count,transaction_dates,transaction_amounts,total_transaction_amount,meeting_count,meeting_dates,meeting_locations,relationship_label,ground_truth_confidence,relationship_type,relationship_description
REL00001,P0504,Neha Patel 17628,P0415,Nisha Chauhan,17,2025-10-18; 2025-08-25; 2024-03-13; 2025-02-22; 2026-06-25; 2024-02-09; 2026-08-01; 2024-05-07; 2025-01-29; 2026-08-12; 2025-08-02; 2024-06-15; 2024-07-17; 2026-02-20; 2025-03-22; 2024-09-18; 2026-02-28,3198; 3078; 1547; 2207; 3024; 2121; 2720; 2940; 1628; 2972; 356; 2786; 1698; 1856; 3133; 1130; 1112,37506,6,2025-05-04; 2024-02-05; 2026-08-01; 2026-04-12; 2025-01-05; 2025-10-08,195220; 187320; 17407; 192837; 184502; 179170,956456.0,4,2024-05-31; 2024-09-24; 2025-09-11; 2025-04-11,Gurugram; Faridabad; Ghaziabad; Agra,0,0.4024,Colleague,"Observed interaction between Neha Patel 17628 and Nisha Chauhan. Available records include 17 calls, 6 transactions, and 4 meetings. Evidence does not establish a meaningful relationship."
REL00002,P0166,Neha Singh 29537,P0013,Abhishek Agarwal,2,2025-02-11; 2025-12-24,620; 102,722,2,2025-06-14; 2026-07-20,6687; 14359,21046.0,3,2024-06-18; 2026-04-29; 2025-03-13,Faridabad; Faridabad; Lucknow,1,0.7403,Associate,Relationship evidence between Neha Singh 29537 and Abhishek Agarwal. Phone records show 2 calls. Transaction records show 2 transactions. Meeting records show 3 meetings.
REL00003,P0392,Aditya Pandey,P0316,Sneha Kumar,3,2024-04-21; 2025-10-13; 2025-08-09,815; 836; 372,2023,2,2026-04-13; 2024-05-26,9315; 7365,16680.0,0,,,0,0.3262,Acquaintance,"Observed interaction between Aditya Pandey and Sneha Kumar. Available records include 3 calls, 2 transactions, and 0 meetings. Evidence does not establish a meaningful relationship."
REL00004,P0408,Karan Gupta 8892,P0316,Sneha Kumar,10,2026-03-03; 2025-12-14; 2025-03-03; 2025-06-21; 2025-03-02; 2025-11-01; 2024-10-22; 2026-01-20; 2025-03-17; 2024-06-23,421; 827; 441; 1501; 335; 465; 1056; 432; 1089; 285,6852,8,2025-04-06; 2025-08-03; 2026-04-13; 2024-08-05; 2024-07-09; 2024-07-24; 2024-03-01; 2026-02-06,25950; 27150; 35993; 55581; 59767; 16312; 23774; 12460,256987.0,1,2024-10-27,Noida,0,0.3322,Business Contact,"Observed interaction between Karan Gupta 8892 and Sneha Kumar. Available records include 10 calls, 8 transactions, and 1 meetings. Evidence does not establish a meaningful relationship."
REL00005,P0284,Aditya Gupta 85849,P0066,Rohan Patel,5,2026-02-17; 2024-04-13; 2024-01-10; 2024-03-03; 2024-09-29,3199; 149; 2845; 2505; 3352,12050,4,2024-02-12; 2024-04-09; 2024-08-04; 2025-06-18,217562; 11903; 108478; 168068,506011.0,4,2025-06-16; 2026-02-18; 2024-09-29; 2026-08-12,Chandigarh; Chandigarh; Meerut; Agra,0,0.3503,Acquaintance,"Observed interaction between Aditya Gupta 85849 and Rohan Patel. Available records include 5 calls, 4 transactions, and 4 meetings. Evidence does not establish a meaningful relationship."
REL00006,P0380,Neha Patel,P0352,Priya Mehta 17710,6,2025-11-12; 2025-02-12; 2025-01-22; 2025-09-17; 2024-02-28; 2024-12-30,358; 845; 122; 23; 487; 735,2570,0,,,0.0,1,2025-02-15,Gurugram,0,0.0187,Business Contact,"Observed interaction between Neha Patel and Priya Mehta 17710. Available records include 6 calls, 0 transactions, and 1 meetings. Evidence does not establish a meaningful relationship."
REL00007,P0126,Raj Khanna,P0544,Rahul Verma 97915,27,2025-09-25; 2025-12-03; 2025-11-05; 2026-06-09; 2025-05-01; 2025-06-11; 2025-02-27; 2025-11-07; 2024-07-11; 2024-01-04; 2025-10-15; 2026-08-22; 2026-04-12; 2024-11-25; 2024-01-18; 2025-10-10; 2025-01-03; 2026-06-13; 2024-02-16; 2026-04-06; 2026-01-23; 2024-11-29; 2025-11-25; 2025-03-30; 2024-08-27; 2025-09-13; 2025-05-11,1759; 3147; 2629; 3372; 453; 1546; 1872; 2070; 2816; 2985; 531; 3127; 1696; 1323; 2606; 919; 3036; 706; 2250; 2462; 3334; 3055; 2186; 250; 643; 2159; 3383,56315,8,2024-03-30; 2024-11-04; 2026-05-02; 2025-11-20; 2025-07-15; 2026-06-14; 2025-04-23; 2024-06-21,244988; 126991; 40324; 136397; 183707; 151732; 73150; 73794,1031083.0,5,2024-08-04; 2024-06-23; 2026-02-10; 2026-08-24; 2025-11-06,Noida; Noida; Jaipur; Delhi; Gurugram,1,0.9637,Business Contact,Relationship evidence between Raj Khanna and Rahul Verma 97915. Phone records show 27 calls. Transaction records show 8 transactions. Meeting records show 5 meetings.
REL00008,P0335,Pooja Verma 73221,P0393,Vivaan Patel 1968,1,2025-11-12,507,507,2,2026-07-08; 2025-11-17,4533; 22306,26839.0,1,2024-05-19,Lucknow,0,0.2254,Business Contact,"Observed interaction between Pooja Verma 73221 and Vivaan Patel 1968. Available records include 1 calls, 2 transactions, and 1 meetings. Evidence does not establish a meaningful relationship."
REL00009,P0504,Neha Patel 17628,P0093,Rahul Gupta 92105,15,2024-12-17; 2025-01-21; 2026-07-21; 2026-01-04; 2026-01-30; 2026-01-23; 2026-01-12; 2025-01-25; 2025-10-31; 2025-10-19; 2026-03-14; 2025-07-29; 2026-05-26; 2025-03-23; 2026-04-07,537; 517; 590; 296; 655; 239; 288; 242; 756; 1576; 1272; 445; 1584; 297; 1233,10527,4,2025-01-11; 2024-05-10; 2026-05-23; 2024-11-16,51832; 2220; 42737; 10111,106900.0,5,2025-08-27; 2025-07-02; 2024-07-13; 2026-05-17; 2025-02-01,Jaipur; Meerut; Meerut; Gurugram; Lucknow,0,0.4323,Acquaintance,"Observed interaction between Neha Patel 17628 and Rahul Gupta 92105. Available records include 15 calls, 4 transactions, and 5 meetings. Evidence does not establish a meaningful relationship."
REL00010,P0228,Vivaan Patel,P0110,Saurabh Pandey,12,2024-05-28; 2026-04-15; 2026-08-23; 2024-10-30; 2026-05-07; 2024-08-12; 2025-05-26; 2025-11-27; 2025-04-11; 2024-05-30; 2025-09-07; 2024-10-17,717; 3179; 2845; 3598; 3402; 3510; 2999; 260; 2573; 1431; 1385; 2177,28076,10,2025-12-06; 2024-05-06; 2024-10-07; 2026-05-18; 2025-12-24; 2025-08-10; 2025-05-04; 2025-10-08; 2026-04-28; 2024-08-08,139767; 86413; 194586; 108751; 25417; 222391; 97331; 50029; 227025; 197895,1349605.0,4,2024-08-03; 2026-05-18; 2026-01-20; 2026-08-14,Ghaziabad; Delhi; Gurugram; Chandigarh,1,0.9173,Known Associate,Relationship evidence between Vivaan Patel and Saurabh Pandey. Phone records show 12 calls. Transaction records show 10 transactions. Meeting records show 4 meetings.
REL00011,P0307,Aditya Gupta 57368,P0164,Vikram Bansal,9,2025-03-08; 2025-11-25; 2025-04-29; 2024-12-22; 2026-02-14; 2025-02-04; 2025-02-04; 2024-03-14; 2025-06-24,764; 309; 309; 733; 219; 737; 896; 581; 423,4971,1,2024-04-09,4789,4789.0,2,2024-11-27; 2026-02-09,Agra; Delhi,1,0.7049,Associate,Relationship evidence between Aditya Gupta 57368 and Vikram Bansal. Phone records show 9 calls. Transaction records show 1 transactions. Meeting records show 2 meetings.
REL00012,P0312,Anjali Khan,P0469,Vivaan Khan 48030,1,2025-03-28,732,732,2,2025-05-09; 2024-10-25,5245; 7373,12618.0,0,,,0,0.0842,Acquaintance,"Observed interaction between Anjali Khan and Vivaan Khan 48030. Available records include 1 calls, 2 transactions, and 0 meetings. Evidence does not establish a meaningful relationship."
REL00013,P0201,Rahul Verma,P0010,Karan Patel,28,2026-08-31; 2025-03-13; 2025-11-26; 2026-05-11; 2024-06-21; 2026-08-06; 2024-02-27; 2024-04-08; 2024-12-30; 2025-04-30; 2024-07-02; 2026-08-25; 2024-02-23; 2024-04-30; 2025-06-11; 2025-10-27; 2024-12-12; 2025-08-30; 2025-03-20; 2024-06-01; 2025-10-04; 2026-01-09; 2025-02-17; 2024-09-07; 2024-02-04; 2024-05-01; 2024-09-03; 2025-02-10,1060; 679; 1468; 1280; 413; 1396; 1586; 828; 1648; 1476; 1688; 1433; 1408; 243; 1652; 1009; 1735; 1391; 842; 623; 1355; 1397; 971; 812; 83; 305; 298; 229,29308,2,2024-05-04; 2025-05-15,68813; 31482,100295.0,6,2024-01-24; 2025-08-23; 2025-08-09; 2025-08-09; 2025-05-06; 2024-10-07,Noida; Agra; Gurugram; Jaipur; Chandigarh; Jaipur,0,0.3044,Colleague,"Observed interaction between Rahul Verma and Karan Patel. Available records include 28 calls, 2 transactions, and 6 meetings. Evidence does not establish a meaningful relationship."
REL00014,P0129,Karan Patel 93970,P0102,Divya Bansal 42364,2,2025-02-19; 2026-04-12,737; 40,777,2,2025-02-07; 2025-07-23,18077; 17869,35946.0,1,2025-05-15,Noida,1,0.6057,Business Contact,Relationship evidence between Karan Patel 93970 and Divya Bansal 42364. Phone records show 2 calls. Transaction records show 2 transactions. Meeting records show 1 meetings.
REL00015,P0599,Neha Singh 485,P0552,Neha Kumar 22714,6,2026-02-10; 2026-02-10; 2024-07-31; 2025-11-05; 2026-07-08; 2024-04-30,205; 633; 731; 204; 25; 588,2386,2,2025-04-02; 2026-03-30,10798; 4531,15329.0,0,,,0,0.0233,Acquaintance,"Observed interaction between Neha Singh 485 and Neha Kumar 22714. Available records include 6 calls, 2 transactions, and 0 meetings. Evidence does not establish a meaningful relationship."
REL00016,P0589,Vikram Sharma 51362,P0212,Nikhil Gupta 17974,3,2026-05-21; 2026-02-10; 2024-02-05,106; 147; 538,791,0,,,0.0,2,2024-11-01; 2025-01-07,Lucknow; Gurugram,1,0.5769,Acquaintance,Relationship evidence between Vikram Sharma 51362 and Nikhil Gupta 17974. Phone records show 3 calls. Transaction records show 0 transactions. Meeting records show 2 meetings.
REL00017,P0001,Divya Verma,P0255,Abhishek Malhotra,0,,,0,2,2025-11-05; 2025-06-30,15079; 5082,20161.0,1,2025-08-13,Chandigarh,0,0.2463,Business Contact,"Observed interaction between Divya Verma and Abhishek Malhotra. Available records include 0 calls, 2 transactions, and 1 meetings. Evidence does not establish a meaningful relationship."
REL00018,P0536,Abhishek Verma 42407,P0361,Ravi Chauhan,22,2026-04-19; 2024-02-15; 2024-08-30; 2024-02-07; 2024-07-11; 2024-05-25; 2024-11-02; 2026-05-26; 2026-05-02; 2024-08-08; 2024-05-17; 2025-09-08; 2025-07-19; 2024-08-09; 2025-08-28; 2025-01-02; 2024-10-11; 2024-05-11; 2026-01-16; 2025-09-29; 2025-03-08; 2024-03-17,1186; 582; 593; 841; 1390; 394; 879; 994; 230; 580; 1445; 931; 1482; 353; 1157; 477; 204; 1349; 1560; 611; 1356; 1487,20081,4,2025-10-23; 2024-07-16; 2026-01-01; 2025-01-16,69033; 23501; 57009; 22118,171661.0,6,2024-11-19; 2026-03-17; 2025-03-20; 2025-01-23; 2024-01-27; 2025-09-10,Ghaziabad; Noida; Faridabad; Noida; Lucknow; Noida,0,0.4394,Acquaintance,"Observed interaction between Abhishek Verma 42407 and Ravi Chauhan. Available records include 22 calls, 4 transactions, and 6 meetings. Evidence does not establish a meaningful relationship."
REL00019,P0417,Rohan Pandey,P0068,Ravi Bansal,17,2026-03-07; 2024-10-06; 2024-05-29; 2026-06-08; 2026-03-28; 2024-08-19; 2024-10-07; 2024-01-11; 2024-04-10; 2025-01-21; 2024-08-15; 2025-01-22; 2024-04-17; 2026-03-12; 2026-08-05; 2024-05-06; 2024-06-28,2276; 3103; 1375; 2531; 3484; 3424; 2125; 511; 2286; 1549; 2989; 2463; 1275; 2379; 1230; 2608; 525,36133,8,2026-07-07; 2024-02-19; 2024-06-23; 2024-11-21; 2026-08-27; 2026-02-08; 2025-02-02; 2024-07-04,100485; 221310; 204326; 187684; 216765; 149377; 154617; 165875,1400439.0,4,2026-06-22; 2026-05-20; 2025-02-16; 2025-05-03,Agra; Gurugram; Faridabad; Delhi,1,0.9079,Business Contact,Relationship evidence between Rohan Pandey and Ravi Bansal. Phone records show 17 calls. Transaction records show 8 transactions. Meeting records show 4 meetings.
REL00020,P0160,Nikhil Patel,P0130,Rohan Khanna 72261,36,2026-07-29; 2026-01-12; 2025-10-16; 2025-01-14; 2025-12-25; 2026-03-07; 2024-09-12; 2025-11-25; 2025-09-15; 2025-03-04; 2025-12-24; 2025-04-13; 2024-07-06; 2025-03-25; 2024-12-28; 2026-03-28; 2025-04-24; 2025-05-29; 2024-10-20; 2024-10-09; 2025-03-14; 2025-06-17; 2026-08-22; 2026-01-05; 2026-06-21; 2026-08-03; 2026-04-13; 2024-08-22; 2024-11-08; 2025-10-12; 2026-05-28; 2024-03-30; 2026-08-28; 2024-11-08; 2025-02-20; 2026-02-28,1400; 3582; 489; 2719; 445; 434; 3109; 1103; 503; 796; 2476; 355; 466; 3165; 1290; 2389; 2138; 3430; 163; 1856; 2893; 2203; 3113; 678; 2084; 2159; 2229; 2926; 2892; 2300; 2978; 630; 1780; 176; 2644; 898,64891,7,2026-07-21; 2026-05-01; 2026-02-02; 2024-01-08; 2026-01-01; 2025-03-11; 2025-12-20,150070; 206520; 100455; 74022; 203719; 183322; 225839,1143947.0,2,2026-06-20; 2026-08-25,Lucknow; Agra,1,0.7597,Colleague,Relationship evidence between Nikhil Patel and Rohan Khanna 72261. Phone records show 36 calls. Transaction records show 7 transactions. Meeting records show 2 meetings.
REL00021,P0460,Anjali Bansal 42726,P0173,Vivaan Malhotra,20,2024-03-17; 2025-01-10; 2026-05-09; 2024-05-16; 2025-06-10; 2024-12-27; 2024-02-22; 2025-03-08; 2025-05-22; 2025-01-23; 2024-06-23; 2025-01-17; 2024-04-25; 2024-12-12; 2026-07-24; 2025-11-26; 2024-09-12; 2026-05-01; 2025-07-06; 2026-05-21,1629; 301; 654; 672; 1049; 661; 602; 496; 64; 1571; 1352; 1224; 866; 505; 684; 1376; 1115; 1751; 132; 1008,17712,1,2026-07-02,65998,65998.0,2,2024-02-28; 2024-12-30,Delhi; Agra,1,0.7019,Acquaintance,Relationship evidence between Anjali Bansal 42726 and Vivaan Malhotra. Phone records show 20 calls. Transaction records show 1 transactions. Meeting records show 2 meetings.
REL00022,P0306,Raj Chauhan,P0363,Neha Singh 41516,5,2024-12-29; 2024-01-10; 2024-04-13; 2025-03-17; 2025-05-18,464; 233; 1143; 1113; 374,3327,6,2025-02-24; 2024-05-06; 2026-07-24; 2025-05-14; 2024-01-08; 2024-06-08,34785; 31634; 63695; 53820; 51061; 41227,276222.0,6,2025-01-08; 2025-03-14; 2026-07-02; 2024-07-05; 2025-07-03; 2026-04-11,Faridabad; Noida; Chandigarh; Chandigarh; Gurugram; Gurugram,0,0.3238,Colleague,"Observed interaction between Raj Chauhan and Neha Singh 41516. Available records include 5 calls, 6 transactions, and 6 meetings. Evidence does not establish a meaningful relationship."
REL00023,P0445,Divya Verma 57879,P0006,Shreya Singh,10,2024-10-18; 2024-02-11; 2024-05-16; 2025-02-08; 2025-03-07; 2026-01-31; 2024-12-05; 2026-07-11; 2024-02-02; 2024-06-13,1424; 467; 1041; 1422; 604; 303; 922; 1061; 1186; 1074,9504,0,,,0.0,2,2026-03-30; 2025-11-29,Gurugram; Meerut,1,0.7979,Business Contact,Relationship evidence between Divya Verma 57879 and Shreya Singh. Phone records show 10 calls. Transaction records show 0 transactions. Meeting records show 2 meetings.
REL00024,P0410,Anjali Pandey 88893,P0514,Sneha Bansal 30951,36,2024-04-20; 2026-03-22; 2024-01-22; 2024-05-09; 2024-06-08; 2024-12-18; 2025-05-27; 2024-01-14; 2026-02-24; 2025-12-01; 2024-08-30; 2024-02-23; 2025-11-25; 2026-04-29; 2024-12-16; 2025-03-15; 2025-09-03; 2026-01-25; 2024-01-09; 2025-03-20; 2025-05-06; 2024-10-23; 2024-10-15; 2025-05-12; 2024-03-25; 2026-02-18; 2025-03-15; 2024-09-10; 2025-09-24; 2024-06-05; 2026-01-16; 2025-06-07; 2024-07-10; 2024-09-12; 2024-10-14; 2026-02-24,591; 1199; 2991; 1133; 2849; 3481; 1877; 932; 2061; 3013; 3326; 3437; 542; 2991; 3111; 2177; 2623; 862; 892; 2541; 2696; 2718; 729; 1059; 613; 661; 1763; 277; 1241; 907; 718; 1866; 192; 2645; 937; 492,62143,5,2026-06-04; 2024-02-22; 2025-01-24; 2025-02-21; 2025-06-21,90332; 193542; 176018; 70667; 68137,598696.0,2,2024-12-10; 2025-03-12,Chandigarh; Delhi,1,0.8673,Acquaintance,Relationship evidence between Anjali Pandey 88893 and Sneha Bansal 30951. Phone records show 36 calls. Transaction records show 5 transactions. Meeting records show 2 meetings.
REL00025,P0053,Rahul Gupta 1855,P0312,Anjali Khan,12,2026-08-23; 2024-12-25; 2025-12-29; 2025-03-04; 2024-09-09; 2024-11-23; 2026-07-05; 2024-02-18; 2024-07-05; 2024-02-11; 2024-01-01; 2024-02-23,1412; 1585; 718; 494; 644; 1026; 633; 1302; 266; 942; 438; 576,10036,2,2026-08-29; 2025-05-18,49655; 45815,95470.0,3,2024-11-07; 2024-04-24; 2024-04-09,Delhi; Lucknow; Gurugram,1,0.6593,Associate,Relationship evidence between Rahul Gupta 1855 and Anjali Khan. Phone records show 12 calls. Transaction records show 2 transactions. Meeting records show 3 meetings.
REL00026,P0371,Sneha Patel,P0542,Pooja Verma 66933,15,2024-08-03; 2025-08-21; 2025-01-28; 2024-03-30; 2026-06-27; 2024-04-18; 2024-05-13; 2025-10-06; 2026-01-30; 2025-09-08; 2024-05-03; 2024-02-12; 2025-08-23; 2026-07-23; 2026-06-24,1400; 1734; 450; 455; 1503; 972; 262; 213; 1179; 1327; 762; 677; 1545; 1031; 1618,15128,1,2024-07-25,71934,71934.0,3,2026-01-08; 2024-06-06; 2024-02-14,Gurugram; Ghaziabad; Jaipur,1,0.7317,Former Partner,Relationship evidence between Sneha Patel and Pooja Verma 66933. Phone records show 15 calls. Transaction records show 1 transactions. Meeting records show 3 meetings.
REL00027,P0259,Abhishek Malhotra 53369,P0574,Vikram Patel 77188,16,2024-03-10; 2025-05-09; 2025-03-05; 2025-06-20; 2026-08-11; 2025-05-30; 2026-03-20; 2024-01-23; 2024-06-19; 2025-09-05; 2024-10-07; 2025-12-14; 2024-05-12; 2024-10-23; 2024-02-16; 2025-08-02,184; 1686; 1480; 449; 1576; 1728; 874; 1073; 1462; 1150; 1111; 213; 398; 956; 1597; 1103,17040,8,2025-01-28; 2025-07-29; 2026-03-09; 2025-02-03; 2025-02-14; 2025-09-13; 2024-10-05; 2024-07-30,26125; 2471; 22971; 30548; 3161; 69213; 61695; 68036,284220.0,6,2025-12-25; 2026-01-07; 2025-06-21; 2024-09-22; 2024-11-06; 2026-05-22,Ghaziabad; Faridabad; Faridabad; Lucknow; Noida; Gurugram,0,0.2784,Colleague,"Observed interaction between Abhishek Malhotra 53369 and Vikram Patel 77188. Available records include 16 calls, 8 transactions, and 6 meetings. Evidence does not establish a meaningful relationship."
REL00028,P0547,Deepak Sharma 15265,P0244,Rahul Chauhan,0,,,0,2,2026-08-22; 2026-06-23,9601; 4857,14458.0,0,,,0,0.1019,Business Contact,"Observed interaction between Deepak Sharma 15265 and Rahul Chauhan. Available records include 0 calls, 2 transactions, and 0 meetings. Evidence does not establish a meaningful relationship."
REL00029,P0053,Rahul Gupta 1855,P0255,Abhishek Malhotra,19,2024-12-21; 2025-10-09; 2025-09-11; 2025-01-12; 2024-11-28; 2024-03-26; 2026-08-27; 2025-12-23; 2026-06-24; 2025-07-16; 2024-09-27; 2026-01-09; 2024-05-16; 2025-02-22; 2026-07-08; 2025-09-18; 2024-10-28; 2024-11-28; 2024-02-28,2683; 3462; 162; 3494; 1576; 1018; 3112; 1265; 843; 1168; 184; 2321; 2812; 3307; 3316; 2509; 555; 3079; 3174,40040,3,2025-12-05; 2025-01-26; 2026-08-26,181396; 77461; 238072,496929.0,7,2025-10-03; 2025-10-11; 2025-09-10; 2025-07-18; 2024-07-30; 2026-04-16; 2025-03-28,Ghaziabad; Meerut; Faridabad; Ghaziabad; Agra; Jaipur; Gurugram,1,0.8526,Colleague,Relationship evidence between Rahul Gupta 1855 and Abhishek Malhotra. Phone records show 19 calls. Transaction records show 3 transactions. Meeting records show 7 meetings.
REL00030,P0445,Divya Verma 57879,P0378,Sneha Pandey,3,2024-07-04; 2025-04-15; 2024-07-08,855; 200; 213,1268,0,,,0.0,1,2025-08-06,Chandigarh,0,0.3307,Colleague,"Observed interaction between Divya Verma 57879 and Sneha Pandey. Available records include 3 calls, 0 transactions, and 1 meetings. Evidence does not establish a meaningful relationship."
REL00031,P0185,Aditya Kumar,P0289,Arjun Verma,31,2026-04-17; 2025-02-07; 2025-12-04; 2025-09-14; 2024-07-11; 2024-03-12; 2024-05-26; 2024-03-14; 2025-03-12; 2024-09-08; 2025-04-10; 2026-07-19; 2025-10-22; 2025-02-16; 2024-04-12; 2026-01-11; 2025-06-23; 2024-05-20; 2026-01-14; 2026-02-07; 2026-04-07; 2024-01-13; 2025-09-09; 2024-04-12; 2025-01-21; 2025-01-28; 2024-01-22; 2024-04-22; 2026-04-26; 2024-01-14; 2026-02-20,3521; 2759; 299; 661; 1137; 3274; 462; 1216; 704; 2689; 2576; 175; 3365; 158; 3362; 555; 2341; 3135; 3471; 1506; 3017; 468; 948; 690; 2087; 3231; 2425; 1939; 3460; 788; 1379,57798,5,2024-12-05; 2025-05-05; 2024-06-07; 2024-09-06; 2024-02-27,152482; 191414; 80112; 174491; 152504,751003.0,3,2024-05-06; 2024-01-22; 2026-04-24,Delhi; Noida; Lucknow,1,0.8182,Associate,Relationship evidence between Aditya Kumar and Arjun Verma. Phone records show 31 calls. Transaction records show 5 transactions. Meeting records show 3 meetings.
REL00032,P0524,Anjali Malhotra,P0426,Anjali Yadav 89072,5,2025-01-29; 2024-05-30; 2024-12-27; 2025-11-02; 2024-10-20,522; 1461; 847; 1466; 1524,5820,4,2026-04-22; 2026-07-12; 2024-04-25; 2025-05-18,24224; 16435; 31428; 15334,87421.0,1,2024-10-15,Meerut,0,0.2267,Colleague,"Observed interaction between Anjali Malhotra and Anjali Yadav 89072. Available records include 5 calls, 4 transactions, and 1 meetings. Evidence does not establish a meaningful relationship."
REL00033,P0342,Manish Gupta,P0122,Aditya Patel 78965,7,2025-03-14; 2025-06-27; 2024-12-08; 2025-09-06; 2024-07-04; 2025-11-26; 2025-03-11,367; 1426; 1467; 677; 1339; 1734; 647,7657,1,2024-12-22,15621,15621.0,5,2024-10-04; 2026-07-27; 2025-05-26; 2025-11-08; 2025-01-12,Faridabad; Noida; Delhi; Gurugram; Gurugram,0,0.3121,Business Contact,"Observed interaction between Manish Gupta and Aditya Patel 78965. Available records include 7 calls, 1 transactions, and 5 meetings. Evidence does not establish a meaningful relationship."
REL00034,P0400,Rahul Verma 17246,P0458,Vivaan Singh,8,2025-08-14; 2025-03-13; 2026-01-14; 2024-10-12; 2024-05-28; 2024-04-02; 2024-11-26; 2024-05-10,206; 805; 414; 381; 346; 526; 454; 512,3644,0,,,0.0,0,,,1,0.658,Acquaintance,Relationship evidence between Rahul Verma 17246 and Vivaan Singh. Phone records show 8 calls. Transaction records show 0 transactions. Meeting records show 0 meetings.
REL00035,P0424,Saurabh Mehta 23092,P0342,Manish Gupta,6,2025-01-27; 2025-03-04; 2025-07-16; 2025-05-24; 2025-07-05; 2025-06-30,524; 565; 569; 861; 255; 413,3187,2,2024-03-26; 2025-08-17,23926; 14322,38248.0,0,,,0,0.1892,Colleague,"Observed interaction between Saurabh Mehta 23092 and Manish Gupta. Available records include 6 calls, 2 transactions, and 0 meetings. Evidence does not establish a meaningful relationship."
REL00036,P0225,Aman Bansal,P0090,Abhishek Mehta,16,2025-07-25; 2025-04-30; 2024-05-16; 2026-08-01; 2024-04-22; 2024-03-02; 2026-07-22; 2024-12-23; 2025-01-04; 2026-05-19; 2026-05-19; 2026-06-06; 2026-03-08; 2026-04-18; 2024-05-22; 2024-10-28,1002; 355; 1770; 1189; 922; 556; 491; 1755; 519; 174; 1589; 342; 300; 1484; 1501; 353,14302,1,2025-01-21,5453,5453.0,2,2025-12-13; 2025-03-10,Meerut; Delhi,0,0.4455,Colleague,"Observed interaction between Aman Bansal and Abhishek Mehta. Available records include 16 calls, 1 transactions, and 2 meetings. Evidence does not establish a meaningful relationship."
REL00037,P0596,Anjali Patel 67257,P0076,Sahil Chauhan,6,2024-01-31; 2024-05-30; 2025-01-09; 2024-05-24; 2024-03-21; 2024-09-07,98; 32; 602; 871; 853; 446,2902,2,2024-06-02; 2026-02-22,6477; 15893,22370.0,0,,,0,0.2628,Known Associate,"Observed interaction between Anjali Patel 67257 and Sahil Chauhan. Available records include 6 calls, 2 transactions, and 0 meetings. Evidence does not establish a meaningful relationship."
REL00038,P0541,Deepak Verma,P0307,Aditya Gupta 57368,3,2025-03-30; 2026-03-11; 2025-10-22,731; 33; 313,1077,2,2024-04-23; 2024-06-08,2466; 21551,24017.0,1,2024-02-02,Agra,0,0.2654,Known Associate,"Observed interaction between Deepak Verma and Aditya Gupta 57368. Available records include 3 calls, 2 transactions, and 1 meetings. Evidence does not establish a meaningful relationship."
REL00039,P0516,Nikhil Patel 47637,P0165,Divya Chauhan 55995,3,2026-08-28; 2026-06-15; 2025-04-10,587; 748; 869,2204,1,2024-09-21,19245,19245.0,2,2025-05-28; 2024-11-09,Ghaziabad; Jaipur,0,0.3267,Associate,"Observed interaction between Nikhil Patel 47637 and Divya Chauhan 55995. Available records include 3 calls, 1 transactions, and 2 meetings. Evidence does not establish a meaningful relationship."
REL00040,P0279,Abhishek Singh,P0095,Sneha Verma,3,2024-08-04; 2025-02-14; 2025-09-25,77; 244; 421,742,0,,,0.0,2,2024-07-07; 2026-04-22,Lucknow; Agra,0,0.2962,Former Partner,"Observed interaction between Abhishek Singh and Sneha Verma. Available records include 3 calls, 0 transactions, and 2 meetings. Evidence does not establish a meaningful relationship."
REL00041,P0480,Aditya Agarwal 58388,P0489,Aman Malhotra 18838,25,2026-04-02; 2025-01-15; 2025-10-24; 2025-03-10; 2024-07-18; 2024-10-03; 2024-04-21; 2024-04-16; 2024-03-20; 2025-01-06; 2025-09-09; 2026-03-08; 2026-05-16; 2024-12-09; 2024-01-29; 2024-09-02; 2024-10-15; 2024-06-15; 2025-07-08; 2024-04-19; 2024-03-07; 2024-08-04; 2025-09-03; 2024-01-12; 2026-02-13,693; 444; 1189; 473; 1367; 126; 552; 611; 234; 1227; 1216; 151; 1214; 1678; 1050; 153; 158; 704; 250; 692; 77; 790; 1599; 638; 875,18161,7,2025-05-27; 2024-07-18; 2024-11-18; 2026-02-08; 2025-02-04; 2026-01-13; 2024-12-30,18976; 14763; 45426; 55383; 68005; 15238; 67821,285612.0,4,2026-04-06; 2026-03-04; 2024-06-02; 2024-01-25,Agra; Jaipur; Chandigarh; Agra,0,0.5041,Business Contact,"Observed interaction between Aditya Agarwal 58388 and Aman Malhotra 18838. Available records include 25 calls, 7 transactions, and 4 meetings. Evidence does not establish a meaningful relationship."
REL00042,P0039,Deepak Khan 71122,P0298,Priya Pandey 79088,1,2024-03-21,660,660,2,2024-04-05; 2026-01-05,8088; 7566,15654.0,1,2026-04-06,Gurugram,0,0.2714,Colleague,"Observed interaction between Deepak Khan 71122 and Priya Pandey 79088. Available records include 1 calls, 2 transactions, and 1 meetings. Evidence does not establish a meaningful relationship."
REL00043,P0165,Divya Chauhan 55995,P0514,Sneha Bansal 30951,5,2025-06-19; 2026-08-10; 2026-02-26; 2024-12-15; 2025-04-03,824; 154; 367; 317; 388,2050,2,2025-09-30; 2026-05-26,14619; 1811,16430.0,2,2026-07-01; 2025-12-30,Jaipur; Ghaziabad,0,0.081,Former Partner,"Observed interaction between Divya Chauhan 55995 and Sneha Bansal 30951. Available records include 5 calls, 2 transactions, and 2 meetings. Evidence does not establish a meaningful relationship."
REL00044,P0077,Amit Kumar,P0157,Amit Bansal,5,2026-04-04; 2024-01-16; 2024-05-26; 2026-02-23; 2026-06-10,336; 580; 836; 820; 109,2681,1,2025-05-25,3583,3583.0,0,,,0,0.1646,Former Partner,"Observed interaction between Amit Kumar and Amit Bansal. Available records include 5 calls, 1 transactions, and 0 meetings. Evidence does not establish a meaningful relationship."
REL00045,P0174,Kavya Chauhan,P0303,Saurabh Yadav 49147,0,,,0,1,2025-01-07,12079,12079.0,2,2024-04-01; 2024-03-13,Gurugram; Chandigarh,0,0.0977,Colleague,"Observed interaction between Kavya Chauhan and Saurabh Yadav 49147. Available records include 0 calls, 1 transactions, and 2 meetings. Evidence does not establish a meaningful relationship."
REL00046,P0485,Divya Chauhan 37708,P0263,Divya Patel,8,2025-05-14; 2024-02-10; 2025-01-07; 2026-05-29; 2024-10-20; 2025-02-14; 2025-02-22; 2026-05-27,1329; 1453; 324; 962; 811; 1109; 1790; 1339,9117,0,,,0.0,5,2024-11-17; 2025-01-17; 2024-03-26; 2025-11-29; 2025-02-27,Lucknow; Chandigarh; Faridabad; Delhi; Agra,1,0.8726,Known Associate,Relationship evidence between Divya Chauhan 37708 and Divya Patel. Phone records show 8 calls. Transaction records show 0 transactions. Meeting records show 5 meetings.
REL00047,P0059,Shreya Malhotra,P0251,Sahil Singh,9,2026-05-23; 2024-04-17; 2024-10-24; 2025-01-19; 2024-06-11; 2025-08-06; 2025-02-12; 2026-05-24; 2024-03-15,248; 417; 493; 705; 115; 377; 497; 499; 677,4028,0,,,0.0,1,2025-07-01,Chandigarh,1,0.4827,Acquaintance,Relationship evidence between Shreya Malhotra and Sahil Singh. Phone records show 9 calls. Transaction records show 0 transactions. Meeting records show 1 meetings.
REL00048,P0185,Aditya Kumar,P0111,Karan Yadav,39,2024-12-02; 2024-03-07; 2024-11-20; 2024-12-16; 2025-09-10; 2025-05-12; 2024-08-05; 2025-12-20; 2026-01-29; 2025-05-02; 2024-04-27; 2024-10-12; 2025-04-10; 2024-02-09; 2025-07-12; 2024-06-08; 2026-08-29; 2025-04-26; 2024-05-29; 2025-10-17; 2024-08-06; 2024-11-23; 2025-08-04; 2024-02-02; 2025-09-07; 2026-03-03; 2025-01-24; 2024-03-04; 2026-08-16; 2026-04-07; 2025-01-05; 2026-03-19; 2025-03-16; 2025-04-29; 2024-08-06; 2024-02-25; 2024-08-04; 2026-06-07; 2024-01-24,3227; 2920; 1852; 1225; 1152; 2723; 841; 462; 700; 403; 1241; 1779; 454; 1341; 3037; 1969; 1839; 2269; 996; 2862; 1182; 873; 3521; 340; 498; 1875; 1520; 3205; 1336; 793; 933; 1550; 1836; 2092; 2067; 2313; 2941; 3330; 778,66275,6,2025-12-14; 2025-03-23; 2024-12-29; 2026-07-23; 2025-12-10; 2025-08-07,112010; 225748; 12603; 157038; 215277; 244298,966974.0,5,2025-09-03; 2024-07-22; 2024-03-20; 2026-01-10; 2025-11-14,Agra; Agra; Gurugram; Meerut; Meerut,1,0.7533,Known Associate,Relationship evidence between Aditya Kumar and Karan Yadav. Phone records show 39 calls. Transaction records show 6 transactions. Meeting records show 5 meetings.
REL00049,P0470,Vikram Khan 35044,P0152,Rahul Pandey,6,2026-03-22; 2025-11-21; 2025-02-20; 2024-09-26; 2025-06-17; 2026-01-09,23; 481; 872; 897; 148; 669,3090,1,2025-04-05,21436,21436.0,0,,,0,0.3396,Known Associate,"Observed interaction between Vikram Khan 35044 and Rahul Pandey. Available records include 6 calls, 1 transactions, and 0 meetings. Evidence does not establish a meaningful relationship."
REL00050,P0100,Aditya Patel 40669,P0038,Riya Gupta,10,2026-03-03; 2024-06-19; 2025-09-07; 2025-01-21; 2024-08-09; 2024-12-22; 2024-08-02; 2024-07-14; 2025-11-26; 2025-08-13,89; 818; 1726; 805; 93; 678; 688; 1088; 1737; 315,8037,3,2025-12-17; 2025-05-26; 2025-10-26,61768; 56270; 55790,173828.0,5,2024-12-26; 2024-12-26; 2026-04-28; 2025-07-09; 2025-03-12,Lucknow; Meerut; Noida; Gurugram; Chandigarh,1,0.6914,Colleague,Relationship evidence between Aditya Patel 40669 and Riya Gupta. Phone records show 10 calls. Transaction records show 3 transactions. Meeting records show 5 meetings.
REL00051,P0182,Vikram Khan,P0567,Rohan Pandey 67265,1,2025-01-25,311,311,2,2026-05-15; 2025-11-06,23062; 22791,45853.0,1,2025-03-23,Faridabad,0,0.2487,Former Partner,"Observed interaction between Vikram Khan and Rohan Pandey 67265. Available records include 1 calls, 2 transactions, and 1 meetings. Evidence does not establish a meaningful relationship."
REL00052,P0102,Divya Bansal 42364,P0090,Abhishek Mehta,2,2025-09-23; 2026-08-12,441; 126,567,2,2025-05-23; 2026-02-06,20941; 18349,39290.0,0,,,1,0.4799,Associate,Relationship evidence between Divya Bansal 42364 and Abhishek Mehta. Phone records show 2 calls. Transaction records show 2 transactions. Meeting records show 0 meetings.
REL00053,P0455,Nisha Kumar,P0516,Nikhil Patel 47637,30,2024-08-04; 2024-08-16; 2026-03-06; 2025-04-10; 2025-07-18; 2025-01-25; 2024-04-27; 2024-07-19; 2026-05-26; 2025-04-25; 2026-08-31; 2024-05-07; 2024-12-25; 2026-03-23; 2026-07-24; 2025-04-20; 2025-02-26; 2026-07-18; 2026-04-20; 2025-10-22; 2025-12-21; 2026-03-14; 2026-01-28; 2025-02-09; 2024-01-08; 2026-08-20; 2025-01-18; 2026-03-11; 2024-08-17; 2025-06-03,1281; 1216; 2817; 1203; 1379; 3554; 3376; 1818; 2877; 1109; 137; 1818; 253; 183; 227; 748; 3357; 1653; 3563; 3465; 2245; 3478; 3156; 2577; 1420; 1492; 818; 2463; 1881; 1110,56674,1,2025-07-23,112593,112593.0,6,2024-07-16; 2025-09-23; 2025-10-21; 2025-02-06; 2026-04-28; 2024-02-22,Agra; Jaipur; Gurugram; Jaipur; Gurugram; Jaipur,0,0.5165,Colleague,"Observed interaction between Nisha Kumar and Nikhil Patel 47637. Available records include 30 calls, 1 transactions, and 6 meetings. Evidence does not establish a meaningful relationship."
REL00054,P0530,Kavya Patel,P0163,Riya Malhotra,4,2025-05-31; 2024-05-01; 2025-10-08; 2025-08-13,823; 421; 883; 800,2927,0,,,0.0,1,2025-10-04,Faridabad,1,0.7012,Known Associate,Relationship evidence between Kavya Patel and Riya Malhotra. Phone records show 4 calls. Transaction records show 0 transactions. Meeting records show 1 meetings.
REL00055,P0163,Riya Malhotra,P0331,Ravi Khan 10491,7,2025-10-05; 2026-02-27; 2025-08-30; 2024-06-05; 2024-01-29; 2025-09-24; 2025-12-25,2346; 442; 2462; 1686; 223; 3160; 3127,13446,2,2024-05-13; 2025-04-09,176320; 175544,351864.0,1,2026-03-07,Meerut,0,0.2653,Business Contact,"Observed interaction between Riya Malhotra and Ravi Khan 10491. Available records include 7 calls, 2 transactions, and 1 meetings. Evidence does not establish a meaningful relationship."
REL00056,P0228,Vivaan Patel,P0305,Aditya Sharma 23330,27,2024-09-23; 2025-11-06; 2024-02-22; 2024-10-08; 2024-03-25; 2026-08-15; 2024-05-27; 2025-10-04; 2024-01-24; 2025-10-15; 2025-08-16; 2026-06-06; 2024-04-15; 2024-04-23; 2025-04-15; 2026-08-07; 2025-09-02; 2024-05-05; 2024-04-19; 2024-05-25; 2024-10-16; 2024-09-25; 2026-07-05; 2024-07-03; 2024-04-05; 2024-03-20; 2025-05-21,3579; 1600; 3553; 971; 1720; 532; 2131; 3378; 209; 1814; 421; 2112; 2682; 432; 981; 2935; 1839; 1657; 1404; 2715; 1966; 3431; 779; 856; 1343; 161; 851,46052,9,2025-11-06; 2025-08-03; 2025-10-08; 2025-09-13; 2026-05-25; 2024-02-02; 2024-04-30; 2024-12-17; 2024-12-21,136854; 170957; 167284; 153257; 11314; 51520; 146773; 204431; 76715,1119105.0,8,2026-08-06; 2024-05-04; 2024-07-16; 2025-09-12; 2024-01-31; 2025-07-02; 2024-01-24; 2025-06-14,Lucknow; Gurugram; Ghaziabad; Meerut; Noida; Ghaziabad; Delhi; Meerut,1,0.7819,Colleague,Relationship evidence between Vivaan Patel and Aditya Sharma 23330. Phone records show 27 calls. Transaction records show 9 transactions. Meeting records show 8 meetings.
REL00057,P0086,Pooja Bansal,P0130,Rohan Khanna 72261,13,2025-12-26; 2025-07-18; 2025-10-29; 2024-10-28; 2025-04-23; 2026-02-02; 2026-04-08; 2025-05-22; 2025-03-22; 2025-06-08; 2026-08-27; 2025-02-13; 2026-08-02,455; 572; 414; 465; 1467; 1792; 1529; 635; 864; 270; 1255; 1684; 1629,13031,8,2025-08-24; 2024-11-15; 2024-06-18; 2026-03-24; 2024-07-29; 2026-01-09; 2025-05-14; 2025-03-19,60478; 57540; 37608; 43779; 16097; 52206; 58270; 28177,354155.0,2,2025-08-03; 2024-12-27,Meerut; Noida,0,0.3573,Colleague,"Observed interaction between Pooja Bansal and Rohan Khanna 72261. Available records include 13 calls, 8 transactions, and 2 meetings. Evidence does not establish a meaningful relationship."
REL00058,P0035,Akash Patel,P0524,Anjali Malhotra,23,2024-01-31; 2024-04-27; 2024-07-03; 2026-04-08; 2024-11-26; 2025-03-15; 2026-03-20; 2024-07-09; 2025-01-01; 2024-09-08; 2024-03-15; 2024-08-08; 2025-11-03; 2025-01-15; 2025-01-15; 2024-05-28; 2026-03-09; 2024-11-17; 2024-05-05; 2024-01-10; 2024-11-22; 2025-12-05; 2024-01-12,3056; 1467; 995; 2026; 2444; 3377; 1437; 1072; 2420; 391; 1699; 1281; 2584; 989; 2279; 1010; 541; 2417; 1258; 3053; 2609; 3427; 2869,44701,7,2024-03-17; 2025-08-10; 2026-07-03; 2025-10-23; 2025-03-07; 2025-11-29; 2026-02-13,124086; 93304; 223226; 93917; 61943; 61674; 23018,681168.0,3,2026-04-01; 2025-05-20; 2025-05-25,Delhi; Faridabad; Jaipur,0,0.2417,Colleague,"Observed interaction between Akash Patel and Anjali Malhotra. Available records include 23 calls, 7 transactions, and 3 meetings. Evidence does not establish a meaningful relationship."
REL00059,P0464,Neha Malhotra,P0176,Aditya Khan,14,2024-08-30; 2025-08-13; 2024-01-22; 2024-10-18; 2024-01-19; 2025-10-21; 2026-03-13; 2026-05-26; 2025-08-12; 2024-01-05; 2026-07-22; 2025-04-17; 2024-10-18; 2024-05-14,1783; 884; 135; 1152; 1140; 140; 750; 1380; 93; 202; 1022; 254; 1759; 1703,12397,4,2025-03-01; 2026-01-10; 2024-11-04; 2024-10-08,43574; 47327; 54473; 12455,157829.0,4,2025-07-23; 2026-03-04; 2024-11-16; 2025-05-20,Agra; Delhi; Jaipur; Faridabad,1,0.7798,Former Partner,Relationship evidence between Neha Malhotra and Aditya Khan. Phone records show 14 calls. Transaction records show 4 transactions. Meeting records show 4 meetings.
REL00060,P0466,Shreya Patel,P0506,Yash Pandey 76542,0,,,0,1,2024-04-15,1459,1459.0,2,2024-08-17; 2024-02-18,Delhi; Gurugram,0,0.0457,Acquaintance,"Observed interaction between Shreya Patel and Yash Pandey 76542. Available records include 0 calls, 1 transactions, and 2 meetings. Evidence does not establish a meaningful relationship."
REL00061,P0331,Ravi Khan 10491,P0447,Raj Pandey,10,2024-01-06; 2026-08-14; 2025-12-05; 2026-06-07; 2024-02-23; 2024-09-22; 2026-06-23; 2026-03-14; 2024-02-14; 2024-04-23,316; 1366; 427; 1200; 1468; 2937; 2629; 3362; 3447; 1674,18826,2,2024-10-03; 2025-12-16,54653; 46113,100766.0,2,2025-08-20; 2025-04-16,Noida; Gurugram,0,0.3118,Acquaintance,"Observed interaction between Ravi Khan 10491 and Raj Pandey. Available records include 10 calls, 2 transactions, and 2 meetings. Evidence does not establish a meaningful relationship."
REL00062,P0152,Rahul Pandey,P0599,Neha Singh 485,25,2025-06-24; 2024-09-03; 2025-08-14; 2025-05-04; 2025-11-08; 2025-05-16; 2024-10-14; 2024-11-25; 2026-03-02; 2026-01-18; 2025-05-09; 2024-08-19; 2024-04-04; 2024-09-27; 2026-02-23; 2024-10-30; 2025-12-29; 2024-03-25; 2024-12-27; 2025-07-25; 2026-05-05; 2026-06-12; 2024-09-05; 2025-11-06; 2025-10-24,1565; 481; 1483; 219; 213; 1072; 183; 495; 86; 1433; 502; 1018; 1736; 848; 444; 1058; 274; 757; 487; 1727; 1269; 1619; 1140; 1112; 701,21922,8,2026-02-17; 2026-08-25; 2024-11-15; 2025-12-26; 2025-04-09; 2025-11-02; 2024-06-06; 2026-05-18,68127; 15849; 19047; 30676; 49663; 52538; 61301; 69300,366501.0,6,2024-07-26; 2026-03-09; 2025-02-13; 2024-07-11; 2024-03-11; 2024-10-11,Jaipur; Gurugram; Faridabad; Agra; Noida; Gurugram,0,0.3613,Acquaintance,"Observed interaction between Rahul Pandey and Neha Singh 485. Available records include 25 calls, 8 transactions, and 6 meetings. Evidence does not establish a meaningful relationship."
REL00063,P0110,Saurabh Pandey,P0113,Rohan Malhotra 57341,1,2024-09-30,49,49,1,2025-05-02,22188,22188.0,1,2025-06-27,Chandigarh,1,0.5556,Colleague,Relationship evidence between Saurabh Pandey and Rohan Malhotra 57341. Phone records show 1 calls. Transaction records show 1 transactions. Meeting records show 1 meetings.
REL00064,P0122,Aditya Patel 78965,P0564,Karan Gupta 87415,2,2024-06-03; 2025-02-10,534; 461,995,1,2025-06-04,11435,11435.0,0,,,0,0.0281,Associate,"Observed interaction between Aditya Patel 78965 and Karan Gupta 87415. Available records include 2 calls, 1 transactions, and 0 meetings. Evidence does not establish a meaningful relationship."
REL00065,P0280,Nikhil Gupta 84455,P0379,Neha Bansal,6,2024-10-28; 2024-07-12; 2025-02-16; 2024-06-29; 2025-08-31; 2024-10-09,2289; 2608; 2141; 2244; 1895; 567,11744,7,2025-11-28; 2024-02-21; 2025-10-23; 2024-09-11; 2024-04-23; 2024-08-12; 2024-04-27,23929; 244634; 19355; 160793; 79777; 72591; 27261,628340.0,6,2025-06-28; 2024-04-13; 2024-10-09; 2024-08-19; 2026-06-22; 2025-09-27,Jaipur; Jaipur; Jaipur; Noida; Ghaziabad; Faridabad,0,0.3733,Business Contact,"Observed interaction between Nikhil Gupta 84455 and Neha Bansal. Available records include 6 calls, 7 transactions, and 6 meetings. Evidence does not establish a meaningful relationship."
REL00066,P0176,Aditya Khan,P0209,Deepak Singh,5,2025-09-02; 2024-10-21; 2026-01-21; 2024-01-04; 2024-04-06,209; 535; 737; 657; 508,2646,1,2026-01-26,10504,10504.0,2,2026-05-23; 2026-07-17,Ghaziabad; Gurugram,0,0.1171,Business Contact,"Observed interaction between Aditya Khan and Deepak Singh. Available records include 5 calls, 1 transactions, and 2 meetings. Evidence does not establish a meaningful relationship."
REL00067,P0072,Rohan Singh,P0171,Priya Khanna,33,2024-01-14; 2025-11-13; 2025-04-30; 2025-03-14; 2024-12-08; 2024-01-22; 2024-06-30; 2024-09-27; 2026-06-21; 2024-03-19; 2024-06-23; 2025-11-26; 2026-02-17; 2026-05-23; 2024-01-10; 2025-08-31; 2024-12-26; 2025-04-30; 2025-08-20; 2024-01-02; 2025-05-15; 2026-06-13; 2024-09-10; 2025-04-28; 2024-04-22; 2024-02-16; 2026-04-18; 2024-01-18; 2025-08-03; 2025-11-27; 2024-10-24; 2026-05-05; 2024-08-21,2271; 2180; 805; 3212; 720; 3295; 504; 529; 1367; 3412; 3135; 1494; 1973; 2129; 3129; 1556; 2355; 1174; 2837; 2112; 1158; 1612; 1999; 175; 3510; 1564; 1353; 3028; 1486; 2241; 3292; 2839; 3575,68021,10,2025-09-02; 2025-05-10; 2024-04-25; 2024-10-03; 2025-12-03; 2025-06-15; 2026-01-15; 2025-10-17; 2024-01-22; 2024-05-31,117562; 234464; 67738; 182849; 47128; 103636; 140503; 18101; 74059; 161410,1147450.0,3,2026-01-28; 2025-12-13; 2025-03-17,Meerut; Ghaziabad; Noida,1,0.7946,Colleague,Relationship evidence between Rohan Singh and Priya Khanna. Phone records show 33 calls. Transaction records show 10 transactions. Meeting records show 3 meetings.
REL00068,P0387,Aarav Khan,P0111,Karan Yadav,25,2026-07-21; 2025-11-26; 2024-12-23; 2026-06-28; 2024-12-05; 2025-02-04; 2025-08-26; 2025-03-03; 2026-08-25; 2024-10-09; 2024-11-12; 2024-07-14; 2024-02-12; 2025-08-16; 2025-06-16; 2025-12-19; 2024-12-17; 2026-05-04; 2025-09-19; 2024-05-05; 2025-03-19; 2026-03-25; 2025-04-10; 2025-08-03; 2026-03-22,1682; 770; 650; 285; 77; 1081; 1463; 361; 1015; 1454; 367; 1131; 653; 1337; 1203; 1420; 393; 681; 1057; 650; 192; 1697; 663; 91; 989,21362,8,2024-02-11; 2024-08-10; 2024-10-16; 2026-04-25; 2025-08-30; 2024-05-06; 2024-02-24; 2025-05-15,42084; 2667; 58403; 48170; 2084; 8540; 34955; 20051,216954.0,5,2024-12-24; 2026-06-18; 2024-10-17; 2026-03-15; 2026-05-29,Lucknow; Lucknow; Gurugram; Noida; Faridabad,0,0.2499,Colleague,"Observed interaction between Aarav Khan and Karan Yadav. Available records include 25 calls, 8 transactions, and 5 meetings. Evidence does not establish a meaningful relationship."
REL00069,P0202,Pooja Verma,P0443,Sneha Khanna 9925,7,2026-08-13; 2024-12-29; 2024-09-11; 2026-04-11; 2025-11-25; 2025-10-14; 2025-01-30,925; 877; 260; 595; 678; 1282; 696,5313,5,2024-06-26; 2025-07-31; 2025-03-22; 2025-11-26; 2026-06-15,44268; 20242; 28149; 34770; 19785,147214.0,2,2025-03-02; 2025-07-21,Ghaziabad; Faridabad,0,0.3067,Colleague,"Observed interaction between Pooja Verma and Sneha Khanna 9925. Available records include 7 calls, 5 transactions, and 2 meetings. Evidence does not establish a meaningful relationship."
REL00070,P0305,Aditya Sharma 23330,P0581,Aditya Patel 91545,19,2024-05-21; 2025-06-23; 2025-03-28; 2025-12-11; 2024-11-16; 2025-05-30; 2026-08-15; 2025-12-02; 2025-12-30; 2025-01-01; 2025-04-24; 2024-12-28; 2025-03-13; 2025-04-22; 2025-03-06; 2025-02-24; 2025-04-17; 2024-01-29; 2026-07-23,2409; 228; 3260; 1844; 482; 3215; 695; 2639; 1358; 3342; 1113; 2497; 2217; 1648; 641; 2663; 2345; 2436; 1321,36353,3,2024-02-24; 2026-02-12; 2026-05-15,112933; 43013; 115628,271574.0,4,2025-11-17; 2024-01-07; 2025-04-18; 2026-04-06,Lucknow; Chandigarh; Delhi; Noida,0,0.2191,Business Contact,"Observed interaction between Aditya Sharma 23330 and Aditya Patel 91545. Available records include 19 calls, 3 transactions, and 4 meetings. Evidence does not establish a meaningful relationship."
REL00071,P0110,Saurabh Pandey,P0342,Manish Gupta,8,2024-12-05; 2026-06-04; 2024-03-03; 2024-05-04; 2026-01-28; 2025-08-21; 2025-11-21; 2025-06-07,3148; 3056; 337; 2993; 959; 2234; 710; 2422,15859,5,2026-01-28; 2025-05-22; 2024-05-19; 2024-08-16; 2026-07-05,187125; 177685; 233413; 50573; 88877,737673.0,5,2025-10-05; 2024-11-14; 2026-01-06; 2026-08-17; 2024-01-07,Chandigarh; Agra; Ghaziabad; Noida; Noida,0,0.2,Acquaintance,"Observed interaction between Saurabh Pandey and Manish Gupta. Available records include 8 calls, 5 transactions, and 5 meetings. Evidence does not establish a meaningful relationship."
REL00072,P0124,Sneha Yadav 57433,P0533,Vivaan Singh 24005,11,2025-04-30; 2024-01-26; 2026-05-02; 2025-06-01; 2025-03-30; 2025-02-04; 2024-02-26; 2026-08-06; 2024-05-04; 2024-11-03; 2025-02-18,1050; 436; 1739; 541; 1783; 1796; 1179; 593; 1742; 1314; 1455,13628,1,2025-03-25,18147,18147.0,1,2025-03-18,Gurugram,1,0.7599,Associate,Relationship evidence between Sneha Yadav 57433 and Vivaan Singh 24005. Phone records show 11 calls. Transaction records show 1 transactions. Meeting records show 1 meetings.
REL00073,P0190,Raj Agarwal,P0146,Riya Singh 90472,26,2025-05-06; 2024-10-23; 2024-10-23; 2025-11-14; 2024-04-12; 2025-08-25; 2025-05-19; 2025-01-11; 2025-11-14; 2024-10-08; 2025-02-04; 2025-01-30; 2025-12-15; 2026-03-30; 2024-04-19; 2025-04-20; 2025-03-02; 2026-04-13; 2025-03-11; 2024-05-31; 2024-01-29; 2024-10-17; 2025-04-13; 2024-05-03; 2025-07-31; 2025-02-02,82; 1248; 680; 129; 1381; 1392; 1405; 1329; 970; 147; 786; 345; 1018; 1540; 998; 627; 78; 384; 792; 1085; 1090; 491; 774; 1506; 1135; 859,22271,4,2025-06-09; 2024-03-05; 2024-06-27; 2025-11-02,21844; 48119; 46471; 62225,178659.0,2,2026-01-02; 2026-05-29,Gurugram; Faridabad,0,0.4747,Colleague,"Observed interaction between Raj Agarwal and Riya Singh 90472. Available records include 26 calls, 4 transactions, and 2 meetings. Evidence does not establish a meaningful relationship."
REL00074,P0311,Sneha Chauhan 30741,P0404,Saurabh Verma 99411,6,2025-01-20; 2025-04-28; 2025-09-12; 2025-11-05; 2024-07-03; 2025-08-12,745; 539; 814; 694; 558; 285,3635,2,2024-05-12; 2025-12-15,11119; 19795,30914.0,1,2025-08-17,Meerut,0,0.2087,Associate,"Observed interaction between Sneha Chauhan 30741 and Saurabh Verma 99411. Available records include 6 calls, 2 transactions, and 1 meetings. Evidence does not establish a meaningful relationship."
REL00075,P0414,Shreya Sharma,P0070,Riya Patel,13,2024-04-08; 2025-11-12; 2024-04-18; 2025-05-26; 2026-08-14; 2025-11-26; 2025-05-02; 2024-11-27; 2026-02-17; 2024-08-25; 2026-03-01; 2026-04-07; 2026-07-28,3120; 3378; 1089; 551; 832; 3102; 1693; 3215; 1840; 383; 373; 2626; 1145,23347,5,2024-04-27; 2024-02-08; 2026-05-17; 2026-02-06; 2024-03-15,125744; 210108; 108126; 168999; 175489,788466.0,3,2026-05-10; 2024-01-31; 2026-08-03,Gurugram; Meerut; Noida,1,0.9107,Associate,Relationship evidence between Shreya Sharma and Riya Patel. Phone records show 13 calls. Transaction records show 5 transactions. Meeting records show 3 meetings.
REL00076,P0387,Aarav Khan,P0137,Ravi Singh,4,2024-07-19; 2024-09-15; 2025-05-17; 2025-03-24,715; 312; 250; 226,1503,2,2026-01-29; 2024-06-14,14723; 17818,32541.0,0,,,0,0.2849,Acquaintance,"Observed interaction between Aarav Khan and Ravi Singh. Available records include 4 calls, 2 transactions, and 0 meetings. Evidence does not establish a meaningful relationship."
REL00077,P0197,Divya Khan,P0089,Deepak Mehta,0,,,0,2,2024-04-08; 2024-07-27,1589; 5105,6694.0,2,2026-07-03; 2024-01-06,Meerut; Jaipur,0,0.2032,Former Partner,"Observed interaction between Divya Khan and Deepak Mehta. Available records include 0 calls, 2 transactions, and 2 meetings. Evidence does not establish a meaningful relationship."
REL00078,P0074,Deepak Pandey,P0349,Shreya Bansal,5,2025-10-19; 2025-06-24; 2025-05-23; 2024-07-13; 2026-05-02,232; 604; 867; 505; 532,2740,2,2024-12-26; 2024-12-31,20766; 18807,39573.0,2,2026-05-23; 2024-05-21,Noida; Chandigarh,0,0.1554,Colleague,"Observed interaction between Deepak Pandey and Shreya Bansal. Available records include 5 calls, 2 transactions, and 2 meetings. Evidence does not establish a meaningful relationship."
REL00079,P0386,Priya Verma,P0073,Ravi Mehta,2,2024-04-13; 2024-04-30,530; 256,786,0,,,0.0,2,2024-02-22; 2025-09-07,Lucknow; Meerut,1,0.4568,Former Partner,Relationship evidence between Priya Verma and Ravi Mehta. Phone records show 2 calls. Transaction records show 0 transactions. Meeting records show 2 meetings.
REL00080,P0297,Karan Pandey 87097,P0258,Saurabh Mehta,5,2026-06-12; 2026-06-11; 2024-06-10; 2024-10-21; 2024-03-17,567; 609; 267; 893; 550,2886,1,2026-08-12,20529,20529.0,0,,,0,0.18,Known Associate,"Observed interaction between Karan Pandey 87097 and Saurabh Mehta. Available records include 5 calls, 1 transactions, and 0 meetings. Evidence does not establish a meaningful relationship."
REL00081,P0409,Saurabh Khan,P0059,Shreya Malhotra,19,2025-10-30; 2024-01-31; 2024-02-03; 2024-12-12; 2025-03-07; 2024-09-24; 2024-07-24; 2024-12-08; 2026-06-28; 2026-02-22; 2024-03-01; 2024-05-22; 2024-07-28; 2025-07-14; 2026-04-16; 2026-01-21; 2024-12-03; 2026-08-04; 2026-02-14,2837; 375; 1085; 2141; 418; 3419; 2429; 2618; 2999; 3540; 3255; 3427; 264; 1536; 409; 1824; 2570; 3148; 2628,40922,10,2026-08-09; 2024-03-23; 2026-06-27; 2025-07-18; 2025-05-05; 2026-08-27; 2024-05-12; 2024-10-04; 2026-01-10; 2024-02-12,37279; 19332; 140179; 143065; 69046; 180481; 101817; 123119; 135198; 89539,1039055.0,4,2026-03-11; 2026-05-20; 2026-06-16; 2024-08-21,Delhi; Delhi; Delhi; Ghaziabad,1,0.8729,Former Partner,Relationship evidence between Saurabh Khan and Shreya Malhotra. Phone records show 19 calls. Transaction records show 10 transactions. Meeting records show 4 meetings.
REL00082,P0389,Akash Agarwal,P0019,Amit Sharma,3,2026-02-23; 2025-01-21; 2025-12-13,148; 460; 738,1346,0,,,0.0,1,2025-03-13,Lucknow,0,0.0568,Former Partner,"Observed interaction between Akash Agarwal and Amit Sharma. Available records include 3 calls, 0 transactions, and 1 meetings. Evidence does not establish a meaningful relationship."
REL00083,P0449,Aditya Khanna 82942,P0121,Arjun Yadav,2,2024-12-17; 2025-03-23,79; 263,342,1,2024-08-25,3514,3514.0,0,,,0,0.2101,Former Partner,"Observed interaction between Aditya Khanna 82942 and Arjun Yadav. Available records include 2 calls, 1 transactions, and 0 meetings. Evidence does not establish a meaningful relationship."
REL00084,P0233,Aditya Khanna,P0423,Anjali Yadav,6,2024-02-16; 2026-04-01; 2024-01-16; 2026-06-13; 2026-01-07; 2024-09-12,852; 78; 98; 78; 149; 469,1724,2,2024-07-03; 2024-10-16,1932; 10793,12725.0,2,2024-12-24; 2025-09-08,Ghaziabad; Faridabad,0,0.0541,Acquaintance,"Observed interaction between Aditya Khanna and Anjali Yadav. Available records include 6 calls, 2 transactions, and 2 meetings. Evidence does not establish a meaningful relationship."
REL00085,P0408,Karan Gupta 8892,P0491,Riya Khan 18221,19,2024-09-13; 2026-08-18; 2025-07-10; 2024-07-29; 2025-05-21; 2025-12-23; 2026-01-22; 2026-04-12; 2024-12-31; 2026-07-08; 2026-07-26; 2026-05-29; 2024-08-13; 2025-03-30; 2025-12-31; 2024-11-05; 2026-08-22; 2025-01-10; 2026-03-09,2378; 1318; 2797; 1120; 2277; 1215; 1426; 2978; 2337; 2182; 547; 341; 1539; 1802; 3009; 2667; 2111; 1265; 441,33750,4,2024-07-27; 2026-07-22; 2024-05-20; 2026-05-11,146575; 70433; 89937; 204486,511431.0,2,2025-07-20; 2024-08-03,Noida; Meerut,1,0.9167,Acquaintance,Relationship evidence between Karan Gupta 8892 and Riya Khan 18221. Phone records show 19 calls. Transaction records show 4 transactions. Meeting records show 2 meetings.
REL00086,P0146,Riya Singh 90472,P0037,Saurabh Khanna,5,2026-02-21; 2025-04-09; 2024-04-26; 2024-01-22; 2025-05-25,876; 54; 296; 304; 622,2152,1,2025-01-28,10343,10343.0,2,2026-04-27; 2024-03-27,Delhi; Faridabad,0,0.3006,Colleague,"Observed interaction between Riya Singh 90472 and Saurabh Khanna. Available records include 5 calls, 1 transactions, and 2 meetings. Evidence does not establish a meaningful relationship."
REL00087,P0394,Raj Yadav 5483,P0508,Sahil Sharma 91221,6,2025-03-30; 2024-02-15; 2024-08-17; 2024-07-29; 2025-01-23; 2024-07-07,695; 461; 565; 73; 696; 332,2822,1,2024-02-02,18245,18245.0,1,2026-02-20,Meerut,0,0.3287,Associate,"Observed interaction between Raj Yadav 5483 and Sahil Sharma 91221. Available records include 6 calls, 1 transactions, and 1 meetings. Evidence does not establish a meaningful relationship."
REL00088,P0345,Karan Gupta 73681,P0269,Akash Malhotra,10,2026-01-13; 2026-04-29; 2025-09-28; 2025-03-20; 2026-06-05; 2025-03-13; 2026-03-12; 2026-01-16; 2026-08-08; 2026-01-23,1600; 176; 1713; 283; 1193; 854; 1537; 1448; 648; 1155,10607,0,,,0.0,3,2025-04-19; 2025-03-10; 2025-08-09,Agra; Lucknow; Faridabad,1,0.6036,Former Partner,Relationship evidence between Karan Gupta 73681 and Akash Malhotra. Phone records show 10 calls. Transaction records show 0 transactions. Meeting records show 3 meetings.
REL00089,P0391,Nisha Singh 13995,P0479,Kavya Malhotra,27,2024-10-14; 2026-03-29; 2025-11-29; 2026-08-31; 2024-10-07; 2024-03-28; 2024-09-12; 2026-02-28; 2025-07-09; 2024-10-29; 2024-12-11; 2025-08-07; 2025-02-08; 2024-02-09; 2025-09-22; 2024-10-07; 2025-01-05; 2024-10-02; 2025-11-06; 2024-09-13; 2026-03-12; 2025-10-30; 2026-04-09; 2026-03-01; 2025-09-14; 2024-01-13; 2024-05-07,1377; 2448; 2826; 1434; 3544; 1203; 3591; 852; 1937; 2015; 190; 1921; 156; 2030; 271; 1589; 2086; 2732; 3578; 2399; 1012; 1793; 359; 2493; 445; 1252; 2619,48152,5,2025-07-18; 2024-11-17; 2024-03-06; 2025-03-27; 2024-07-03,77634; 210796; 216238; 82389; 78037,665094.0,2,2026-06-08; 2025-05-21,Gurugram; Ghaziabad,1,0.895,Acquaintance,Relationship evidence between Nisha Singh 13995 and Kavya Malhotra. Phone records show 27 calls. Transaction records show 5 transactions. Meeting records show 2 meetings.
REL00090,P0151,Anjali Bansal,P0051,Aman Patel,0,,,0,2,2024-07-07; 2025-12-01,17104; 14928,32032.0,0,,,0,0.2072,Colleague,"Observed interaction between Anjali Bansal and Aman Patel. Available records include 0 calls, 2 transactions, and 0 meetings. Evidence does not establish a meaningful relationship."
REL00091,P0043,Saurabh Verma,P0567,Rohan Pandey 67265,12,2024-01-17; 2025-11-25; 2026-05-15; 2026-05-28; 2026-05-19; 2024-12-27; 2025-07-07; 2026-01-05; 2024-02-15; 2025-09-06; 2024-08-28; 2024-12-24,567; 437; 2196; 1937; 583; 2213; 437; 1090; 955; 1454; 2456; 1641,15966,1,2026-04-29,225664,225664.0,6,2025-11-28; 2025-03-01; 2024-03-14; 2025-10-19; 2025-03-12; 2026-06-15,Faridabad; Gurugram; Delhi; Meerut; Agra; Meerut,0,0.3172,Colleague,"Observed interaction between Saurabh Verma and Rohan Pandey 67265. Available records include 12 calls, 1 transactions, and 6 meetings. Evidence does not establish a meaningful relationship."
REL00092,P0418,Nikhil Chauhan,P0384,Kavya Pandey 18527,14,2024-10-24; 2026-08-10; 2024-06-02; 2026-07-22; 2025-08-28; 2024-01-27; 2024-04-18; 2025-09-15; 2024-08-04; 2026-04-07; 2024-11-16; 2025-06-07; 2026-01-02; 2026-03-10,3159; 2201; 3329; 2501; 3039; 1529; 1000; 1671; 3522; 2506; 253; 2811; 3094; 734,31349,1,2025-01-25,209914,209914.0,2,2025-10-26; 2024-03-21,Noida; Ghaziabad,0,0.3979,Business Contact,"Observed interaction between Nikhil Chauhan and Kavya Pandey 18527. Available records include 14 calls, 1 transactions, and 2 meetings. Evidence does not establish a meaningful relationship."
REL00093,P0589,Vikram Sharma 51362,P0562,Vikram Yadav 83321,18,2025-04-28; 2025-11-06; 2025-06-21; 2025-06-16; 2025-03-27; 2024-11-20; 2024-10-02; 2024-07-18; 2026-05-06; 2025-08-12; 2024-10-27; 2026-07-21; 2024-09-06; 2024-12-02; 2024-09-05; 2026-03-29; 2026-02-25; 2025-01-05,532; 993; 704; 1592; 296; 1479; 553; 971; 1560; 899; 801; 223; 780; 1207; 1095; 216; 801; 1398,16100,2,2025-05-10; 2025-09-11,32192; 60847,93039.0,5,2026-03-16; 2025-03-04; 2024-08-23; 2025-08-06; 2026-04-27,Gurugram; Lucknow; Ghaziabad; Jaipur; Agra,0,0.4331,Acquaintance,"Observed interaction between Vikram Sharma 51362 and Vikram Yadav 83321. Available records include 18 calls, 2 transactions, and 5 meetings. Evidence does not establish a meaningful relationship."
REL00094,P0267,Saurabh Singh,P0294,Riya Gupta 89996,32,2025-02-22; 2025-03-07; 2025-06-01; 2024-05-31; 2025-08-12; 2025-05-21; 2025-10-09; 2026-06-21; 2026-03-02; 2024-07-21; 2026-07-10; 2024-07-03; 2026-06-16; 2025-04-09; 2024-01-16; 2024-06-19; 2024-05-03; 2025-03-04; 2024-09-26; 2026-02-22; 2025-07-21; 2025-12-29; 2026-08-10; 2025-04-26; 2026-01-30; 2024-04-13; 2024-05-09; 2026-06-09; 2024-02-04; 2026-05-03; 2025-03-17; 2024-01-25,2946; 803; 419; 662; 2229; 2288; 1709; 1849; 1571; 642; 1767; 2974; 2401; 1108; 3036; 1321; 607; 1499; 3498; 1498; 2542; 2613; 2645; 561; 3078; 305; 422; 3145; 1573; 1958; 1794; 2703,58166,4,2025-04-05; 2026-01-28; 2026-05-04; 2025-03-22,85835; 208616; 135070; 193530,623051.0,2,2024-05-17; 2026-01-21,Gurugram; Agra,1,0.9608,Business Contact,Relationship evidence between Saurabh Singh and Riya Gupta 89996. Phone records show 32 calls. Transaction records show 4 transactions. Meeting records show 2 meetings.
REL00095,P0522,Deepak Bansal 95582,P0086,Pooja Bansal,0,,,0,2,2025-01-13; 2025-11-21,21779; 15361,37140.0,2,2025-01-23; 2024-11-24,Chandigarh; Gurugram,0,0.1829,Colleague,"Observed interaction between Deepak Bansal 95582 and Pooja Bansal. Available records include 0 calls, 2 transactions, and 2 meetings. Evidence does not establish a meaningful relationship."
REL00096,P0287,Manish Mehta 58599,P0100,Aditya Patel 40669,5,2024-02-19; 2025-07-31; 2025-06-14; 2026-07-07; 2025-06-21,613; 540; 884; 456; 312,2805,1,2024-11-26,13085,13085.0,2,2024-11-22; 2026-02-14,Gurugram; Gurugram,1,0.4626,Colleague,Relationship evidence between Manish Mehta 58599 and Aditya Patel 40669. Phone records show 5 calls. Transaction records show 1 transactions. Meeting records show 2 meetings.
REL00097,P0216,Manish Malhotra,P0441,Arjun Agarwal,2,2024-11-17; 2024-04-11,375; 311,686,2,2024-06-18; 2024-05-01,9932; 9473,19405.0,2,2025-05-13; 2025-03-25,Ghaziabad; Gurugram,0,0.1081,Former Partner,"Observed interaction between Manish Malhotra and Arjun Agarwal. Available records include 2 calls, 2 transactions, and 2 meetings. Evidence does not establish a meaningful relationship."
REL00098,P0266,Nisha Singh 7442,P0109,Rohan Verma,12,2024-07-30; 2025-07-19; 2026-05-08; 2025-06-04; 2026-02-11; 2024-06-21; 2024-01-29; 2025-09-04; 2026-07-13; 2024-02-10; 2026-07-01; 2025-07-06,1161; 1696; 459; 73; 1060; 1764; 1744; 112; 816; 476; 637; 1229,11227,1,2025-03-12,60304,60304.0,1,2025-06-17,Gurugram,1,0.8242,Colleague,Relationship evidence between Nisha Singh 7442 and Rohan Verma. Phone records show 12 calls. Transaction records show 1 transactions. Meeting records show 1 meetings.
REL00099,P0303,Saurabh Yadav 49147,P0113,Rohan Malhotra 57341,5,2026-06-29; 2025-03-18; 2025-05-20; 2024-09-26; 2024-03-29,160; 305; 769; 704; 139,2077,0,,,0.0,1,2024-12-28,Noida,0,0.2631,Acquaintance,"Observed interaction between Saurabh Yadav 49147 and Rohan Malhotra 57341. Available records include 5 calls, 0 transactions, and 1 meetings. Evidence does not establish a meaningful relationship."
REL00100,P0228,Vivaan Patel,P0077,Amit Kumar,10,2026-01-23; 2025-06-09; 2025-11-19; 2026-03-06; 2024-03-16; 2025-12-24; 2025-12-05; 2024-11-18; 2026-07-02; 2026-08-04,277; 1895; 531; 3008; 3373; 2255; 1420; 899; 3566; 2406,19630,6,2025-11-07; 2026-05-07; 2026-06-17; 2025-10-03; 2024-02-06; 2026-08-29,176329; 174439; 12089; 74464; 45880; 163706,646907.0,3,2025-01-20; 2026-06-12; 2026-08-23,Ghaziabad; Ghaziabad; Faridabad,0,0.3645,Acquaintance,"Observed interaction between Vivaan Patel and Amit Kumar. Available records include 10 calls, 6 transactions, and 3 meetings. Evidence does not establish a meaningful relationship."
REL00101,P0497,Riya Gupta 73025,P0192,Anjali Singh,20,2026-06-15; 2024-03-31; 2026-08-31; 2025-06-12; 2026-05-27; 2026-01-10; 2026-02-06; 2024-08-07; 2024-01-04; 2025-03-20; 2024-03-09; 2025-05-17; 2025-07-25; 2025-09-17; 2024-08-01; 2025-12-28; 2024-07-01; 2024-02-09; 2025-03-04; 2025-12-05,598; 1316; 838; 1352; 1255; 540; 1366; 774; 1051; 1146; 1405; 428; 674; 1781; 534; 658; 1428; 1053; 1063; 1691,20951,5,2025-10-07; 2025-02-05; 2025-09-04; 2024-12-31; 2025-07-10,65040; 40720; 14652; 30695; 16728,167835.0,2,2026-06-21; 2026-07-07,Faridabad; Jaipur,0,0.5393,Acquaintance,"Observed interaction between Riya Gupta 73025 and Anjali Singh. Available records include 20 calls, 5 transactions, and 2 meetings. Evidence does not establish a meaningful relationship."
REL00102,P0334,Shreya Malhotra 73285,P0254,Saurabh Chauhan,3,2025-04-20; 2024-11-22; 2025-11-07,136; 375; 733,1244,0,,,0.0,0,,,0,0.1454,Acquaintance,"Observed interaction between Shreya Malhotra 73285 and Saurabh Chauhan. Available records include 3 calls, 0 transactions, and 0 meetings. Evidence does not establish a meaningful relationship."
REL00103,P0132,Anjali Kumar,P0496,Saurabh Khan 49757,24,2024-10-24; 2024-10-01; 2025-06-03; 2024-08-08; 2026-06-30; 2026-05-21; 2026-03-12; 2025-02-22; 2024-03-03; 2025-07-29; 2026-03-01; 2024-11-26; 2024-09-24; 2025-11-22; 2024-11-21; 2025-02-25; 2025-02-04; 2026-04-08; 2025-03-28; 2025-03-11; 2025-02-12; 2024-09-23; 2026-07-23; 2024-02-25,609; 1054; 1551; 508; 755; 1363; 1736; 153; 691; 976; 899; 513; 1232; 401; 1157; 482; 1656; 1340; 285; 1316; 1310; 735; 324; 1298,22344,7,2025-07-06; 2024-01-21; 2026-08-31; 2026-01-09; 2024-01-22; 2026-04-01; 2025-01-23,13829; 45684; 48229; 74468; 10318; 8450; 69980,270958.0,6,2024-08-03; 2025-01-05; 2025-07-02; 2024-07-22; 2024-06-09; 2026-05-08,Lucknow; Jaipur; Ghaziabad; Faridabad; Gurugram; Meerut,0,0.316,Business Contact,"Observed interaction between Anjali Kumar and Saurabh Khan 49757. Available records include 24 calls, 7 transactions, and 6 meetings. Evidence does not establish a meaningful relationship."
REL00104,P0221,Divya Verma 65032,P0567,Rohan Pandey 67265,27,2026-05-15; 2024-01-21; 2026-02-12; 2026-08-20; 2025-06-23; 2024-04-14; 2025-05-28; 2025-02-11; 2026-03-21; 2025-05-11; 2024-02-13; 2024-06-09; 2024-10-16; 2024-11-04; 2024-01-25; 2024-08-23; 2025-10-08; 2026-03-01; 2025-12-05; 2024-09-10; 2024-02-04; 2024-10-05; 2026-02-06; 2024-05-06; 2026-04-12; 2026-03-13; 2025-01-21,2804; 1761; 657; 3471; 3153; 1225; 467; 433; 422; 2186; 3077; 3001; 3242; 3120; 1821; 202; 180; 3161; 3520; 2338; 2597; 741; 511; 3134; 2529; 3366; 1722,54841,3,2024-07-17; 2026-05-01; 2025-09-12,235261; 91838; 215723,542822.0,2,2024-11-27; 2025-03-11,Lucknow; Delhi,1,0.8195,Acquaintance,Relationship evidence between Divya Verma 65032 and Rohan Pandey 67265. Phone records show 27 calls. Transaction records show 3 transactions. Meeting records show 2 meetings.
REL00105,P0470,Vikram Khan 35044,P0208,Priya Bansal,13,2024-04-05; 2024-08-15; 2025-02-20; 2025-07-28; 2024-10-12; 2025-05-09; 2024-10-18; 2026-07-18; 2025-12-20; 2025-06-30; 2025-06-02; 2024-09-07; 2025-01-26,190; 2155; 3100; 1732; 1646; 3244; 2358; 3046; 563; 1972; 1037; 2486; 221,23750,8,2025-02-10; 2026-02-28; 2024-08-25; 2025-04-02; 2025-01-13; 2025-05-03; 2025-07-30; 2024-04-21,178511; 91424; 97145; 47688; 222252; 175128; 31924; 35005,879077.0,4,2025-07-28; 2024-06-22; 2024-07-31; 2026-06-04,Chandigarh; Agra; Ghaziabad; Noida,0,0.2495,Colleague,"Observed interaction between Vikram Khan 35044 and Priya Bansal. Available records include 13 calls, 8 transactions, and 4 meetings. Evidence does not establish a meaningful relationship."
REL00106,P0485,Divya Chauhan 37708,P0536,Abhishek Verma 42407,23,2025-02-25; 2024-11-14; 2026-01-28; 2024-12-11; 2026-05-04; 2024-06-03; 2024-02-07; 2024-11-25; 2025-12-06; 2025-08-01; 2025-09-05; 2025-02-20; 2026-06-11; 2024-01-06; 2024-10-01; 2025-12-07; 2024-08-02; 2026-02-12; 2025-07-29; 2026-03-24; 2025-05-15; 2025-07-12; 2025-05-26,1402; 2790; 1085; 1438; 2009; 3023; 2098; 2227; 2392; 3149; 3122; 453; 550; 1863; 2984; 437; 1658; 641; 3220; 175; 783; 2249; 3184,42932,4,2024-05-04; 2024-06-19; 2024-07-21; 2025-03-24,237999; 39796; 20239; 242129,540163.0,1,2025-03-10,Chandigarh,0,0.2598,Colleague,"Observed interaction between Divya Chauhan 37708 and Abhishek Verma 42407. Available records include 23 calls, 4 transactions, and 1 meetings. Evidence does not establish a meaningful relationship."
REL00107,P0538,Rahul Singh 52287,P0499,Rohan Patel 52511,5,2025-02-12; 2024-01-10; 2024-10-30; 2024-04-30; 2025-03-21,321; 757; 712; 297; 555,2642,2,2024-11-26; 2025-09-21,12677; 18974,31651.0,1,2025-10-27,Gurugram,0,0.0581,Colleague,"Observed interaction between Rahul Singh 52287 and Rohan Patel 52511. Available records include 5 calls, 2 transactions, and 1 meetings. Evidence does not establish a meaningful relationship."
REL00108,P0536,Abhishek Verma 42407,P0210,Karan Pandey,27,2025-04-18; 2024-08-03; 2026-08-16; 2024-12-04; 2026-08-07; 2026-02-03; 2026-01-07; 2026-05-22; 2026-08-08; 2024-05-18; 2024-06-17; 2025-06-20; 2026-01-02; 2026-04-29; 2025-04-30; 2024-01-11; 2024-11-21; 2025-03-02; 2024-07-02; 2024-06-02; 2025-04-26; 2024-03-09; 2024-01-06; 2024-11-15; 2025-12-19; 2024-07-11; 2024-07-23,2962; 504; 2322; 1998; 1475; 507; 370; 2679; 2039; 2554; 760; 393; 1555; 2726; 2410; 1045; 1532; 2695; 177; 909; 1244; 1284; 3481; 1865; 2513; 3107; 1372,46478,6,2025-01-11; 2025-10-01; 2026-02-24; 2025-02-16; 2026-08-14; 2024-09-17,157092; 151824; 178191; 182849; 63107; 30309,763372.0,5,2025-08-29; 2024-06-05; 2024-04-15; 2026-01-18; 2024-08-09,Faridabad; Gurugram; Faridabad; Agra; Noida,0,0.2443,Colleague,"Observed interaction between Abhishek Verma 42407 and Karan Pandey. Available records include 27 calls, 6 transactions, and 5 meetings. Evidence does not establish a meaningful relationship."
REL00109,P0535,Nisha Bansal,P0393,Vivaan Patel 1968,23,2024-06-21; 2024-01-03; 2026-03-13; 2024-08-25; 2024-08-09; 2024-04-03; 2026-08-09; 2026-04-02; 2025-09-21; 2024-05-30; 2024-05-26; 2024-06-17; 2025-05-01; 2026-06-14; 2024-01-01; 2024-11-27; 2024-03-20; 2026-07-06; 2024-02-23; 2024-05-20; 2025-06-07; 2026-04-06; 2025-03-26,1862; 2843; 2052; 1459; 1359; 2169; 3232; 600; 1106; 2414; 1730; 1665; 3289; 1699; 3012; 2063; 1574; 1396; 3555; 2258; 1418; 2293; 440,45488,5,2026-06-23; 2025-09-11; 2026-05-12; 2024-08-07; 2024-06-19,176138; 228524; 82807; 196475; 47456,731400.0,6,2026-05-10; 2025-03-23; 2025-07-27; 2025-03-28; 2025-05-16; 2025-12-12,Faridabad; Noida; Lucknow; Jaipur; Meerut; Gurugram,0,0.2089,Business Contact,"Observed interaction between Nisha Bansal and Vivaan Patel 1968. Available records include 23 calls, 5 transactions, and 6 meetings. Evidence does not establish a meaningful relationship."
REL00110,P0375,Ravi Singh 33587,P0478,Nikhil Gupta 98850,6,2024-08-06; 2025-09-23; 2025-07-27; 2026-06-16; 2026-07-31; 2026-08-19,215; 411; 403; 203; 785; 30,2047,2,2024-07-19; 2025-03-28,12328; 17736,30064.0,3,2024-07-18; 2024-01-06; 2025-08-23,Faridabad; Meerut; Noida,1,0.7233,Acquaintance,Relationship evidence between Ravi Singh 33587 and Nikhil Gupta 98850. Phone records show 6 calls. Transaction records show 2 transactions. Meeting records show 3 meetings.
REL00111,P0260,Rahul Singh,P0515,Rahul Gupta 17883,4,2025-10-24; 2024-10-08; 2025-10-19; 2025-05-05,427; 64; 732; 741,1964,1,2024-09-16,9484,9484.0,0,,,0,0.2226,Associate,"Observed interaction between Rahul Singh and Rahul Gupta 17883. Available records include 4 calls, 1 transactions, and 0 meetings. Evidence does not establish a meaningful relationship."
REL00112,P0586,Manish Gupta 74594,P0032,Deepak Khan,20,2026-02-06; 2026-06-14; 2025-10-25; 2026-02-07; 2025-07-12; 2026-04-06; 2024-04-16; 2024-02-09; 2025-01-13; 2024-01-30; 2025-09-19; 2026-07-04; 2025-12-31; 2024-06-05; 2025-12-23; 2026-01-23; 2024-06-30; 2026-06-10; 2026-05-21; 2024-05-14,229; 919; 1768; 1792; 304; 174; 968; 1365; 1515; 187; 703; 259; 1174; 628; 457; 1401; 1317; 1570; 94; 741,17565,8,2026-05-07; 2025-11-19; 2026-05-18; 2026-07-10; 2024-11-20; 2026-07-08; 2025-12-27; 2024-06-22,50005; 69677; 3857; 54844; 56575; 10058; 10513; 27289,282818.0,4,2026-04-24; 2026-02-18; 2025-05-28; 2024-05-31,Faridabad; Noida; Gurugram; Chandigarh,0,0.2156,Colleague,"Observed interaction between Manish Gupta 74594 and Deepak Khan. Available records include 20 calls, 8 transactions, and 4 meetings. Evidence does not establish a meaningful relationship."
REL00113,P0204,Kavya Kumar,P0518,Sahil Malhotra 77265,23,2024-10-07; 2025-07-28; 2024-12-25; 2024-04-30; 2024-12-15; 2025-04-22; 2025-08-04; 2026-05-06; 2025-12-14; 2024-03-29; 2025-08-02; 2026-08-10; 2025-04-19; 2024-03-31; 2024-04-29; 2026-07-29; 2024-04-02; 2024-07-05; 2026-01-17; 2024-03-29; 2024-07-09; 2024-11-21; 2025-08-28,2686; 202; 3260; 813; 3350; 162; 1010; 2733; 1654; 2005; 452; 3086; 1130; 1380; 3549; 2908; 2750; 902; 3181; 3215; 3143; 663; 1391,45625,3,2024-02-24; 2025-01-23; 2025-12-23,85255; 56662; 83128,225045.0,4,2024-05-23; 2025-08-01; 2024-11-19; 2025-02-27,Ghaziabad; Ghaziabad; Faridabad; Ghaziabad,1,0.7907,Known Associate,Relationship evidence between Kavya Kumar and Sahil Malhotra 77265. Phone records show 23 calls. Transaction records show 3 transactions. Meeting records show 4 meetings.
REL00114,P0303,Saurabh Yadav 49147,P0266,Nisha Singh 7442,8,2025-05-16; 2024-12-29; 2025-08-15; 2025-01-07; 2024-12-23; 2026-03-01; 2025-10-19; 2025-06-19,480; 869; 666; 723; 871; 194; 57; 874,4734,1,2025-08-22,13137,13137.0,0,,,1,0.4967,Acquaintance,Relationship evidence between Saurabh Yadav 49147 and Nisha Singh 7442. Phone records show 8 calls. Transaction records show 1 transactions. Meeting records show 0 meetings.
REL00115,P0583,Rahul Patel,P0216,Manish Malhotra,18,2024-12-16; 2025-12-17; 2025-05-30; 2025-07-18; 2026-04-29; 2026-01-30; 2026-03-24; 2024-10-02; 2024-04-02; 2025-06-09; 2026-03-02; 2024-08-03; 2024-09-21; 2024-08-11; 2025-04-23; 2024-09-24; 2024-02-02; 2026-08-02,592; 2237; 2816; 2705; 883; 2066; 692; 2033; 2523; 1442; 1644; 2429; 1667; 2816; 2530; 258; 1440; 2992,33765,6,2024-04-17; 2025-10-06; 2025-01-02; 2026-06-09; 2026-07-11; 2024-01-09,51615; 120469; 134648; 97742; 98256; 179838,682568.0,6,2026-07-13; 2024-04-12; 2024-07-10; 2026-07-24; 2025-01-01; 2024-11-09,Gurugram; Chandigarh; Lucknow; Gurugram; Delhi; Chandigarh,0,0.4832,Business Contact,"Observed interaction between Rahul Patel and Manish Malhotra. Available records include 18 calls, 6 transactions, and 6 meetings. Evidence does not establish a meaningful relationship."
REL00116,P0468,Kavya Agarwal,P0590,Divya Chauhan 12679,17,2025-04-29; 2026-05-04; 2024-09-06; 2024-09-15; 2026-01-10; 2025-01-17; 2025-09-07; 2024-12-11; 2025-05-09; 2025-11-25; 2025-02-14; 2024-11-03; 2024-02-11; 2026-08-09; 2026-06-17; 2024-08-27; 2026-02-20,1098; 280; 922; 932; 1645; 611; 1242; 880; 1274; 118; 395; 1108; 400; 675; 1282; 1488; 1133,15483,5,2024-07-22; 2025-08-04; 2026-02-08; 2024-05-22; 2024-05-13,45666; 9051; 13848; 42537; 20541,131643.0,4,2026-03-31; 2024-12-20; 2025-04-14; 2025-02-09,Gurugram; Chandigarh; Delhi; Gurugram,1,0.6161,Acquaintance,Relationship evidence between Kavya Agarwal and Divya Chauhan 12679. Phone records show 17 calls. Transaction records show 5 transactions. Meeting records show 4 meetings.
REL00117,P0177,Vivaan Chauhan,P0309,Karan Singh,2,2026-05-28; 2024-07-27,467; 112,579,0,,,0.0,1,2026-01-11,Ghaziabad,1,0.4962,Business Contact,Relationship evidence between Vivaan Chauhan and Karan Singh. Phone records show 2 calls. Transaction records show 0 transactions. Meeting records show 1 meetings.
REL00118,P0569,Deepak Sharma 39999,P0384,Kavya Pandey 18527,19,2024-04-12; 2025-04-27; 2025-07-17; 2025-12-04; 2025-02-07; 2025-12-16; 2024-08-05; 2026-07-23; 2025-04-28; 2025-11-15; 2025-01-20; 2026-05-01; 2025-04-19; 2025-12-24; 2024-09-05; 2026-02-20; 2026-07-27; 2024-04-08; 2025-01-31,323; 711; 1622; 333; 878; 1643; 729; 639; 1738; 1441; 1555; 929; 1282; 866; 1153; 206; 770; 1060; 1431,19309,1,2026-01-28,5525,5525.0,3,2024-08-15; 2026-06-25; 2025-09-15,Gurugram; Ghaziabad; Meerut,1,0.6696,Associate,Relationship evidence between Deepak Sharma 39999 and Kavya Pandey 18527. Phone records show 19 calls. Transaction records show 1 transactions. Meeting records show 3 meetings.
REL00119,P0514,Sneha Bansal 30951,P0002,Ravi Agarwal,4,2025-10-23; 2024-08-23; 2024-05-21; 2025-05-26,212; 65; 236; 329,842,1,2025-03-21,3542,3542.0,0,,,0,0.1255,Former Partner,"Observed interaction between Sneha Bansal 30951 and Ravi Agarwal. Available records include 4 calls, 1 transactions, and 0 meetings. Evidence does not establish a meaningful relationship."
REL00120,P0185,Aditya Kumar,P0436,Yash Pandey,2,2025-11-22; 2026-04-20,512; 55,567,1,2024-09-24,14319,14319.0,1,2024-07-02,Gurugram,0,0.1454,Colleague,"Observed interaction between Aditya Kumar and Yash Pandey. Available records include 2 calls, 1 transactions, and 1 meetings. Evidence does not establish a meaningful relationship."
REL00121,P0530,Kavya Patel,P0109,Rohan Verma,2,2025-11-02; 2026-06-02,434; 842,1276,1,2026-04-06,900,900.0,0,,,1,0.4983,Known Associate,Relationship evidence between Kavya Patel and Rohan Verma. Phone records show 2 calls. Transaction records show 1 transactions. Meeting records show 0 meetings.
REL00122,P0132,Anjali Kumar,P0589,Vikram Sharma 51362,7,2024-01-12; 2025-05-12; 2025-10-31; 2025-11-17; 2025-02-15; 2025-03-08; 2026-02-28,75; 330; 455; 284; 779; 669; 138,2730,2,2025-09-10; 2026-04-06,15254; 16951,32205.0,3,2025-01-16; 2026-03-10; 2025-04-29,Meerut; Lucknow; Meerut,1,0.4835,Former Partner,Relationship evidence between Anjali Kumar and Vikram Sharma 51362. Phone records show 7 calls. Transaction records show 2 transactions. Meeting records show 3 meetings.
REL00123,P0184,Raj Yadav,P0435,Sahil Kumar 80714,6,2024-03-22; 2024-06-02; 2024-01-08; 2024-12-11; 2026-08-28; 2026-08-14,744; 624; 284; 222; 547; 852,3273,1,2025-09-21,24342,24342.0,2,2026-06-12; 2025-04-10,Jaipur; Delhi,0,0.168,Former Partner,"Observed interaction between Raj Yadav and Sahil Kumar 80714. Available records include 6 calls, 1 transactions, and 2 meetings. Evidence does not establish a meaningful relationship."
REL00124,P0041,Sneha Yadav,P0125,Aman Mehta,8,2026-06-29; 2025-09-05; 2025-12-03; 2025-01-13; 2024-09-15; 2025-03-11; 2024-12-11; 2025-11-22,323; 805; 858; 44; 575; 293; 203; 320,3421,1,2024-12-31,14166,14166.0,0,,,1,0.4553,Known Associate,Relationship evidence between Sneha Yadav and Aman Mehta. Phone records show 8 calls. Transaction records show 1 transactions. Meeting records show 0 meetings.
REL00125,P0333,Aarav Kumar,P0305,Aditya Sharma 23330,6,2026-01-26; 2025-02-09; 2024-09-11; 2024-06-28; 2024-03-27; 2025-07-01,253; 318; 1548; 356; 1356; 1070,4901,2,2025-03-17; 2026-07-03,38004; 47270,85274.0,3,2025-04-14; 2025-12-06; 2025-09-24,Ghaziabad; Lucknow; Agra,0,0.3604,Acquaintance,"Observed interaction between Aarav Kumar and Aditya Sharma 23330. Available records include 6 calls, 2 transactions, and 3 meetings. Evidence does not establish a meaningful relationship."
REL00126,P0079,Raj Malhotra,P0335,Pooja Verma 73221,6,2025-06-08; 2026-01-12; 2024-03-21; 2024-12-11; 2026-08-07; 2025-10-14,1594; 678; 925; 880; 105; 436,4618,3,2026-08-31; 2026-02-03; 2024-09-20,12391; 58811; 17260,88462.0,5,2026-03-23; 2024-07-15; 2025-08-07; 2024-09-24; 2024-11-06,Agra; Lucknow; Lucknow; Ghaziabad; Delhi,0,0.331,Colleague,"Observed interaction between Raj Malhotra and Pooja Verma 73221. Available records include 6 calls, 3 transactions, and 5 meetings. Evidence does not establish a meaningful relationship."
REL00127,P0485,Divya Chauhan 37708,P0221,Divya Verma 65032,2,2026-03-07; 2024-07-09,303; 533,836,2,2025-11-18; 2024-02-16,20312; 13563,33875.0,2,2026-07-20; 2024-07-04,Faridabad; Faridabad,0,0.0117,Known Associate,"Observed interaction between Divya Chauhan 37708 and Divya Verma 65032. Available records include 2 calls, 2 transactions, and 2 meetings. Evidence does not establish a meaningful relationship."
REL00128,P0213,Kavya Chauhan 57985,P0020,Manish Kumar,20,2025-04-18; 2025-09-05; 2026-03-20; 2025-10-12; 2024-11-21; 2024-04-09; 2024-08-14; 2024-08-18; 2024-01-19; 2025-12-27; 2024-11-28; 2024-08-14; 2024-03-06; 2025-09-18; 2024-10-21; 2026-01-15; 2025-12-30; 2025-09-15; 2026-04-26; 2025-04-16,2528; 1843; 2720; 2558; 1466; 2337; 1713; 2068; 2404; 171; 1524; 1515; 1429; 1538; 3489; 1940; 741; 2012; 3161; 2163,39320,7,2024-08-03; 2025-06-29; 2025-12-15; 2024-06-23; 2025-11-20; 2025-02-03; 2024-09-18,115627; 18458; 183198; 233423; 159766; 30606; 175513,916591.0,4,2025-05-13; 2025-07-28; 2024-12-19; 2024-03-26,Ghaziabad; Lucknow; Meerut; Faridabad,1,0.8171,Known Associate,Relationship evidence between Kavya Chauhan 57985 and Manish Kumar. Phone records show 20 calls. Transaction records show 7 transactions. Meeting records show 4 meetings.
REL00129,P0323,Saurabh Patel,P0463,Ravi Khanna,19,2024-12-26; 2025-08-01; 2025-03-17; 2025-03-01; 2026-02-22; 2024-01-24; 2026-02-08; 2024-10-17; 2025-07-23; 2026-01-31; 2025-05-17; 2024-08-28; 2025-01-19; 2026-08-01; 2025-07-04; 2024-05-14; 2025-01-22; 2025-09-13; 2026-08-29,1800; 312; 258; 870; 507; 492; 286; 1228; 652; 425; 385; 1630; 1652; 1564; 881; 1186; 896; 780; 1598,17402,1,2024-08-10,56811,56811.0,2,2026-07-11; 2025-09-05,Faridabad; Meerut,0,0.4697,Acquaintance,"Observed interaction between Saurabh Patel and Ravi Khanna. Available records include 19 calls, 1 transactions, and 2 meetings. Evidence does not establish a meaningful relationship."
REL00130,P0109,Rohan Verma,P0326,Yash Yadav 49970,9,2024-08-18; 2026-05-29; 2025-02-17; 2025-05-21; 2026-02-13; 2025-04-20; 2024-10-20; 2026-04-25; 2026-08-04,480; 180; 201; 429; 315; 23; 565; 869; 362,3424,2,2026-02-20; 2025-04-20,22002; 6144,28146.0,3,2025-11-30; 2026-07-18; 2024-04-10,Jaipur; Agra; Jaipur,1,0.7423,Former Partner,Relationship evidence between Rohan Verma and Yash Yadav 49970. Phone records show 9 calls. Transaction records show 2 transactions. Meeting records show 3 meetings.
REL00131,P0421,Akash Malhotra 22388,P0194,Aditya Gupta,4,2024-05-21; 2025-09-16; 2025-09-26; 2025-05-30,224; 1287; 1228; 1559,4298,4,2025-02-22; 2026-08-26; 2024-01-24; 2024-11-28,34760; 23818; 63854; 13923,136355.0,2,2025-01-14; 2024-01-24,Agra; Jaipur,1,0.7322,Acquaintance,Relationship evidence between Akash Malhotra 22388 and Aditya Gupta. Phone records show 4 calls. Transaction records show 4 transactions. Meeting records show 2 meetings.
REL00132,P0198,Anjali Verma,P0166,Neha Singh 29537,16,2026-08-01; 2024-07-23; 2024-11-26; 2024-05-15; 2024-10-27; 2024-03-07; 2026-07-04; 2024-02-01; 2024-07-30; 2025-08-14; 2025-04-17; 2025-04-15; 2024-09-07; 2025-12-01; 2025-09-09; 2025-03-30,1110; 3383; 844; 2009; 2168; 2747; 575; 3411; 2594; 3551; 1476; 772; 1122; 2013; 3077; 406,31258,4,2024-01-08; 2026-02-05; 2024-02-03; 2025-11-29,187438; 116521; 237295; 146253,687507.0,2,2025-04-26; 2026-06-01,Jaipur; Noida,0,0.4741,Acquaintance,"Observed interaction between Anjali Verma and Neha Singh 29537. Available records include 16 calls, 4 transactions, and 2 meetings. Evidence does not establish a meaningful relationship."
REL00133,P0267,Saurabh Singh,P0551,Anjali Khanna,5,2025-06-30; 2026-01-01; 2024-01-25; 2025-03-25; 2025-05-07,867; 763; 81; 319; 851,2881,2,2025-02-11; 2026-04-28,24261; 1807,26068.0,2,2025-01-07; 2025-02-13,Lucknow; Chandigarh,0,0.1557,Associate,"Observed interaction between Saurabh Singh and Anjali Khanna. Available records include 5 calls, 2 transactions, and 2 meetings. Evidence does not establish a meaningful relationship."
REL00134,P0128,Arjun Singh,P0107,Rohan Khanna,6,2026-02-10; 2026-03-21; 2024-04-24; 2026-01-09; 2024-06-22; 2025-01-10,442; 692; 367; 165; 268; 834,2768,1,2025-05-09,7384,7384.0,2,2024-09-27; 2024-04-09,Meerut; Noida,0,0.1658,Colleague,"Observed interaction between Arjun Singh and Rohan Khanna. Available records include 6 calls, 1 transactions, and 2 meetings. Evidence does not establish a meaningful relationship."
REL00135,P0504,Neha Patel 17628,P0251,Sahil Singh,15,2026-03-17; 2025-04-06; 2025-12-17; 2024-09-21; 2025-08-04; 2024-10-08; 2025-08-31; 2024-02-06; 2026-02-18; 2024-05-23; 2024-05-31; 2025-06-18; 2024-10-22; 2024-01-27; 2024-08-14,1639; 2428; 1605; 3043; 1312; 1376; 3052; 768; 2445; 2716; 1368; 2066; 3040; 1921; 2877,31656,5,2024-10-28; 2024-06-07; 2026-01-31; 2026-04-04; 2025-12-12,43699; 48410; 169239; 86633; 235220,583201.0,6,2025-01-28; 2024-09-20; 2025-10-14; 2024-08-21; 2024-01-29; 2026-05-21,Ghaziabad; Agra; Faridabad; Gurugram; Agra; Delhi,0,0.2908,Colleague,"Observed interaction between Neha Patel 17628 and Sahil Singh. Available records include 15 calls, 5 transactions, and 6 meetings. Evidence does not establish a meaningful relationship."
REL00136,P0521,Deepak Yadav,P0530,Kavya Patel,20,2026-05-23; 2025-05-28; 2024-11-17; 2025-06-19; 2025-01-18; 2025-01-22; 2026-06-05; 2026-08-06; 2025-05-11; 2025-10-25; 2024-06-22; 2026-06-10; 2025-06-21; 2025-05-08; 2024-06-28; 2025-05-10; 2026-07-07; 2025-01-23; 2024-01-15; 2025-11-15,192; 761; 520; 693; 482; 519; 367; 629; 1306; 1653; 1552; 1676; 304; 1391; 463; 790; 1081; 1000; 1226; 1367,17972,3,2026-07-17; 2024-01-13; 2026-05-10,70697; 31933; 28546,131176.0,3,2025-01-07; 2025-11-11; 2024-02-03,Jaipur; Noida; Meerut,0,0.3776,Acquaintance,"Observed interaction between Deepak Yadav and Kavya Patel. Available records include 20 calls, 3 transactions, and 3 meetings. Evidence does not establish a meaningful relationship."
REL00137,P0278,Karan Verma 13929,P0567,Rohan Pandey 67265,6,2026-06-12; 2024-03-22; 2026-03-28; 2024-02-27; 2025-04-02; 2025-08-03,555; 273; 270; 282; 836; 777,2993,2,2024-07-06; 2025-12-07,21825; 8531,30356.0,2,2024-08-21; 2025-12-07,Chandigarh; Gurugram,0,0.0237,Former Partner,"Observed interaction between Karan Verma 13929 and Rohan Pandey 67265. Available records include 6 calls, 2 transactions, and 2 meetings. Evidence does not establish a meaningful relationship."
REL00138,P0273,Aarav Chauhan,P0566,Pooja Yadav,17,2026-04-30; 2026-07-28; 2024-03-06; 2026-07-16; 2026-07-13; 2024-05-15; 2025-06-19; 2024-11-06; 2024-03-03; 2024-07-31; 2024-08-21; 2024-09-06; 2025-08-22; 2026-02-18; 2025-08-18; 2025-05-03; 2025-04-20,522; 2319; 3320; 329; 1426; 3355; 2716; 419; 924; 2079; 596; 1930; 461; 2069; 928; 529; 2341,26263,6,2025-08-26; 2024-08-08; 2025-09-04; 2025-05-13; 2024-11-03; 2025-08-05,12517; 162492; 122657; 235742; 247237; 39235,819880.0,7,2026-01-07; 2026-06-26; 2025-03-29; 2026-03-07; 2025-10-20; 2024-07-18; 2025-08-26,Agra; Chandigarh; Delhi; Faridabad; Jaipur; Agra; Faridabad,1,0.8633,Business Contact,Relationship evidence between Aarav Chauhan and Pooja Yadav. Phone records show 17 calls. Transaction records show 6 transactions. Meeting records show 7 meetings.
REL00139,P0181,Deepak Kumar,P0337,Deepak Khan 67700,8,2025-10-22; 2024-11-02; 2024-09-27; 2026-06-07; 2025-06-28; 2024-09-11; 2024-12-15; 2024-10-08,714; 594; 535; 336; 660; 470; 134; 794,4237,2,2026-08-26; 2024-07-05,16477; 713,17190.0,2,2024-11-22; 2026-07-03,Lucknow; Chandigarh,1,0.5987,Former Partner,Relationship evidence between Deepak Kumar and Deepak Khan 67700. Phone records show 8 calls. Transaction records show 2 transactions. Meeting records show 2 meetings.
REL00140,P0184,Raj Yadav,P0068,Ravi Bansal,31,2025-03-29; 2024-12-16; 2025-10-15; 2025-12-04; 2025-07-05; 2026-04-22; 2024-07-06; 2024-07-17; 2026-03-08; 2024-04-21; 2026-02-20; 2024-08-25; 2024-08-06; 2024-11-10; 2025-05-28; 2024-11-08; 2024-11-23; 2026-02-23; 2025-06-27; 2025-04-28; 2024-04-15; 2025-12-02; 2024-11-03; 2026-08-07; 2025-09-16; 2024-08-03; 2025-08-07; 2025-11-19; 2024-06-07; 2024-11-27; 2024-06-09,906; 3259; 1742; 3338; 823; 766; 2619; 2833; 763; 1453; 2235; 2060; 2796; 2558; 3350; 1827; 3313; 3095; 1223; 1056; 1196; 2053; 3537; 1363; 1638; 713; 1374; 1486; 3096; 1569; 3516,63556,4,2026-02-02; 2024-11-18; 2025-04-05; 2024-11-11,121489; 157662; 113164; 209935,602250.0,8,2025-03-03; 2024-01-06; 2026-02-19; 2026-08-20; 2025-02-17; 2024-02-26; 2025-02-22; 2024-12-28,Gurugram; Chandigarh; Faridabad; Delhi; Ghaziabad; Ghaziabad; Faridabad; Faridabad,1,0.9415,Known Associate,Relationship evidence between Raj Yadav and Ravi Bansal. Phone records show 31 calls. Transaction records show 4 transactions. Meeting records show 8 meetings.
REL00141,P0025,Vikram Yadav,P0330,Raj Yadav 44360,30,2025-09-24; 2025-05-30; 2025-03-26; 2026-05-26; 2024-10-07; 2024-04-19; 2024-03-17; 2024-09-05; 2024-06-13; 2024-11-29; 2026-01-10; 2025-05-06; 2026-08-22; 2026-01-08; 2025-08-30; 2025-04-26; 2026-08-27; 2024-02-17; 2026-03-10; 2025-11-06; 2025-02-03; 2025-12-05; 2026-07-19; 2025-12-24; 2025-05-13; 2024-09-12; 2024-10-13; 2025-09-13; 2025-08-23; 2025-01-19,181; 267; 174; 1369; 761; 625; 1161; 816; 957; 642; 287; 1026; 335; 1595; 211; 724; 1647; 1560; 907; 1748; 370; 368; 1267; 672; 1235; 469; 1210; 240; 957; 562,24343,7,2024-12-01; 2025-08-09; 2025-07-13; 2026-02-20; 2025-11-07; 2024-09-23; 2025-07-24,71602; 40196; 4864; 20411; 10913; 43151; 49347,240484.0,3,2026-07-15; 2026-03-02; 2025-04-01,Ghaziabad; Gurugram; Meerut,0,0.3639,Business Contact,"Observed interaction between Vikram Yadav and Raj Yadav 44360. Available records include 30 calls, 7 transactions, and 3 meetings. Evidence does not establish a meaningful relationship."
REL00142,P0472,Rahul Gupta 14684,P0371,Sneha Patel,4,2024-09-18; 2025-09-10; 2026-02-04; 2026-08-13,43; 163; 142; 677,1025,2,2025-02-24; 2025-03-13,13486; 16436,29922.0,2,2026-03-28; 2024-02-19,Lucknow; Delhi,1,0.7239,Business Contact,Relationship evidence between Rahul Gupta 14684 and Sneha Patel. Phone records show 4 calls. Transaction records show 2 transactions. Meeting records show 2 meetings.
REL00143,P0525,Divya Bansal 82134,P0383,Riya Yadav 14586,4,2025-05-31; 2026-06-13; 2026-03-28; 2024-11-30,829; 571; 523; 309,2232,1,2025-08-11,11436,11436.0,0,,,0,0.2257,Associate,"Observed interaction between Divya Bansal 82134 and Riya Yadav 14586. Available records include 4 calls, 1 transactions, and 0 meetings. Evidence does not establish a meaningful relationship."
REL00144,P0078,Rohan Yadav,P0579,Yash Singh,22,2026-05-16; 2026-05-21; 2024-03-30; 2025-08-10; 2026-08-02; 2025-04-24; 2025-09-16; 2025-10-27; 2024-07-14; 2026-02-08; 2024-03-15; 2026-02-24; 2025-12-01; 2025-03-17; 2026-04-17; 2024-10-10; 2025-04-21; 2025-04-07; 2026-06-29; 2026-06-20; 2026-01-26; 2024-06-04,1392; 736; 209; 432; 1386; 1238; 755; 989; 1140; 1659; 1478; 1574; 1739; 945; 103; 882; 1237; 661; 73; 1337; 1756; 858,22579,2,2024-01-20; 2024-01-09,31521; 44255,75776.0,5,2025-03-13; 2024-06-03; 2024-09-22; 2026-05-26; 2024-08-16,Agra; Meerut; Lucknow; Chandigarh; Ghaziabad,0,0.4695,Acquaintance,"Observed interaction between Rohan Yadav and Yash Singh. Available records include 22 calls, 2 transactions, and 5 meetings. Evidence does not establish a meaningful relationship."
REL00145,P0589,Vikram Sharma 51362,P0364,Priya Pandey 64238,8,2024-07-30; 2024-11-11; 2024-07-04; 2024-04-13; 2024-01-27; 2025-06-30; 2025-09-08; 2026-08-25,1789; 140; 1656; 320; 1166; 773; 201; 730,6775,1,2026-06-10,43331,43331.0,2,2026-08-08; 2024-08-23,Ghaziabad; Ghaziabad,1,0.65,Acquaintance,Relationship evidence between Vikram Sharma 51362 and Priya Pandey 64238. Phone records show 8 calls. Transaction records show 1 transactions. Meeting records show 2 meetings.
REL00146,P0435,Sahil Kumar 80714,P0278,Karan Verma 13929,4,2024-05-20; 2026-06-17; 2026-07-09; 2026-08-25,470; 146; 874; 404,1894,1,2024-01-27,15047,15047.0,0,,,1,0.7103,Colleague,Relationship evidence between Sahil Kumar 80714 and Karan Verma 13929. Phone records show 4 calls. Transaction records show 1 transactions. Meeting records show 0 meetings.
REL00147,P0214,Aditya Singh,P0390,Vikram Verma,8,2024-07-22; 2024-07-29; 2026-02-28; 2025-01-24; 2025-08-27; 2026-04-14; 2024-05-07; 2024-04-05,199; 538; 612; 761; 548; 144; 186; 794,3782,1,2024-08-02,4443,4443.0,3,2026-08-21; 2025-05-15; 2026-01-28,Agra; Meerut; Meerut,1,0.5745,Associate,Relationship evidence between Aditya Singh and Vikram Verma. Phone records show 8 calls. Transaction records show 1 transactions. Meeting records show 3 meetings.
REL00148,P0216,Manish Malhotra,P0093,Rahul Gupta 92105,6,2025-06-04; 2024-04-24; 2026-08-25; 2025-04-12; 2024-01-17; 2024-01-08,409; 842; 450; 429; 898; 122,3150,1,2024-12-29,12309,12309.0,2,2026-08-26; 2024-11-13,Noida; Jaipur,1,0.7338,Former Partner,Relationship evidence between Manish Malhotra and Rahul Gupta 92105. Phone records show 6 calls. Transaction records show 1 transactions. Meeting records show 2 meetings.
REL00149,P0308,Sneha Khanna,P0235,Neha Sharma,7,2026-01-17; 2025-10-24; 2026-07-07; 2024-11-27; 2024-02-16; 2024-05-24; 2026-05-17,569; 423; 1216; 78; 322; 1122; 378,4108,7,2024-05-23; 2025-12-12; 2025-04-26; 2026-02-19; 2024-02-09; 2024-03-03; 2025-09-02,29502; 40415; 50719; 56378; 22641; 56950; 24599,281204.0,4,2024-06-27; 2026-08-16; 2025-06-15; 2024-06-04,Gurugram; Meerut; Noida; Gurugram,0,0.2105,Colleague,"Observed interaction between Sneha Khanna and Neha Sharma. Available records include 7 calls, 7 transactions, and 4 meetings. Evidence does not establish a meaningful relationship."
REL00150,P0209,Deepak Singh,P0314,Nikhil Sharma 66477,15,2024-11-24; 2024-01-30; 2026-03-13; 2024-01-27; 2024-12-05; 2024-01-30; 2026-06-29; 2025-04-26; 2024-02-05; 2026-01-22; 2026-06-11; 2024-05-27; 2026-07-24; 2025-02-21; 2024-02-17,1164; 832; 1621; 1285; 1539; 1135; 407; 383; 265; 90; 774; 516; 248; 919; 195,11373,2,2024-04-25; 2025-05-02,62874; 56404,119278.0,5,2026-05-26; 2026-07-08; 2025-07-03; 2025-03-26; 2024-05-17,Agra; Delhi; Faridabad; Chandigarh; Chandigarh,1,0.8469,Known Associate,Relationship evidence between Deepak Singh and Nikhil Sharma 66477. Phone records show 15 calls. Transaction records show 2 transactions. Meeting records show 5 meetings.
REL00151,P0264,Nikhil Patel 45707,P0132,Anjali Kumar,15,2025-05-04; 2025-05-19; 2026-02-05; 2026-05-01; 2026-05-22; 2025-08-07; 2024-07-19; 2024-05-08; 2024-08-12; 2025-06-11; 2024-05-12; 2026-04-04; 2026-08-22; 2024-05-26; 2024-08-18,1410; 228; 1582; 254; 1528; 887; 638; 1319; 275; 571; 523; 573; 438; 1555; 1410,13191,4,2024-11-04; 2024-12-02; 2025-12-28; 2025-04-18,70146; 69751; 36960; 19263,196120.0,1,2024-12-01,Jaipur,1,0.6737,Business Contact,Relationship evidence between Nikhil Patel 45707 and Anjali Kumar. Phone records show 15 calls. Transaction records show 4 transactions. Meeting records show 1 meetings.
REL00152,P0149,Arjun Chauhan,P0594,Arjun Khan,1,2025-10-09,69,69,2,2026-03-24; 2024-07-21,6469; 969,7438.0,3,2024-05-26; 2025-10-11; 2024-02-04,Ghaziabad; Gurugram; Jaipur,1,0.5468,Acquaintance,Relationship evidence between Arjun Chauhan and Arjun Khan. Phone records show 1 calls. Transaction records show 2 transactions. Meeting records show 3 meetings.
REL00153,P0586,Manish Gupta 74594,P0493,Arjun Khanna 33163,6,2025-10-05; 2026-06-09; 2026-04-16; 2025-08-14; 2025-02-19; 2025-04-07,239; 484; 656; 289; 578; 470,2716,1,2024-04-30,24910,24910.0,0,,,0,0.105,Known Associate,"Observed interaction between Manish Gupta 74594 and Arjun Khanna 33163. Available records include 6 calls, 1 transactions, and 0 meetings. Evidence does not establish a meaningful relationship."
REL00154,P0527,Deepak Malhotra 27081,P0346,Aman Khan,9,2026-04-06; 2026-06-11; 2025-05-14; 2026-03-01; 2025-07-16; 2025-04-12; 2025-11-10; 2024-04-08; 2025-11-15,761; 1623; 1123; 598; 189; 1661; 808; 933; 1375,9071,2,2024-01-27; 2025-07-10,18544; 14397,32941.0,3,2024-08-20; 2025-04-13; 2026-04-29,Noida; Noida; Lucknow,1,0.7852,Business Contact,Relationship evidence between Deepak Malhotra 27081 and Aman Khan. Phone records show 9 calls. Transaction records show 2 transactions. Meeting records show 3 meetings.
REL00155,P0130,Rohan Khanna 72261,P0356,Deepak Singh 8974,8,2026-06-06; 2025-05-31; 2024-07-05; 2025-02-11; 2026-04-19; 2026-08-21; 2026-06-25; 2025-06-07,219; 165; 880; 716; 247; 814; 37; 223,3301,1,2026-01-21,24898,24898.0,0,,,1,0.5562,Business Contact,Relationship evidence between Rohan Khanna 72261 and Deepak Singh 8974. Phone records show 8 calls. Transaction records show 1 transactions. Meeting records show 0 meetings.
REL00156,P0156,Nisha Agarwal 87045,P0577,Raj Verma 35297,21,2024-08-23; 2025-12-11; 2026-08-27; 2025-06-27; 2024-06-19; 2025-01-18; 2024-06-11; 2024-04-12; 2025-11-27; 2024-06-18; 2025-10-12; 2025-10-11; 2026-05-29; 2025-09-25; 2024-08-19; 2026-05-13; 2026-08-10; 2026-02-08; 2026-01-03; 2024-06-04; 2025-07-07,2617; 1856; 948; 1260; 320; 1761; 1334; 1716; 2257; 1845; 2071; 2036; 1438; 677; 3075; 1348; 121; 426; 1149; 3021; 2396,33672,1,2025-11-15,91685,91685.0,5,2024-08-01; 2026-08-03; 2026-01-21; 2025-09-19; 2025-08-31,Noida; Delhi; Jaipur; Gurugram; Gurugram,0,0.3683,Acquaintance,"Observed interaction between Nisha Agarwal 87045 and Raj Verma 35297. Available records include 21 calls, 1 transactions, and 5 meetings. Evidence does not establish a meaningful relationship."
REL00157,P0165,Divya Chauhan 55995,P0249,Aarav Patel 11486,6,2025-03-05; 2025-02-04; 2025-08-28; 2024-07-17; 2024-09-11; 2026-05-04,378; 92; 251; 302; 163; 431,1617,0,,,0.0,2,2024-05-06; 2026-01-13,Agra; Gurugram,0,0.08,Known Associate,"Observed interaction between Divya Chauhan 55995 and Aarav Patel 11486. Available records include 6 calls, 0 transactions, and 2 meetings. Evidence does not establish a meaningful relationship."
REL00158,P0146,Riya Singh 90472,P0283,Yash Bansal 88919,0,,,0,2,2025-06-17; 2024-11-14,17678; 3862,21540.0,0,,,0,0.2724,Business Contact,"Observed interaction between Riya Singh 90472 and Yash Bansal 88919. Available records include 0 calls, 2 transactions, and 0 meetings. Evidence does not establish a meaningful relationship."
REL00159,P0483,Nisha Patel 11594,P0238,Aman Khanna,3,2025-07-08; 2026-01-30; 2025-09-16,485; 177; 92,754,1,2026-06-20,24093,24093.0,0,,,0,0.1261,Acquaintance,"Observed interaction between Nisha Patel 11594 and Aman Khanna. Available records include 3 calls, 1 transactions, and 0 meetings. Evidence does not establish a meaningful relationship."
REL00160,P0279,Abhishek Singh,P0042,Manish Mehta,6,2025-10-03; 2025-04-22; 2025-03-12; 2025-08-22; 2024-06-21; 2026-06-16,746; 728; 833; 518; 796; 318,3939,1,2024-08-18,17632,17632.0,0,,,0,0.045,Known Associate,"Observed interaction between Abhishek Singh and Manish Mehta. Available records include 6 calls, 1 transactions, and 0 meetings. Evidence does not establish a meaningful relationship."
REL00161,P0372,Vikram Malhotra 48723,P0248,Priya Pandey,43,2024-02-28; 2025-10-15; 2024-04-17; 2026-06-04; 2026-02-27; 2024-10-13; 2026-05-12; 2026-01-11; 2026-01-20; 2024-10-09; 2026-07-15; 2024-09-14; 2025-10-17; 2025-06-04; 2024-12-02; 2025-03-05; 2025-11-13; 2026-05-06; 2024-09-14; 2024-12-31; 2024-03-26; 2024-01-14; 2024-04-13; 2025-12-31; 2026-04-05; 2025-05-12; 2024-09-05; 2025-08-22; 2025-05-21; 2024-08-14; 2025-08-28; 2025-03-20; 2025-11-12; 2024-09-29; 2024-04-16; 2026-03-10; 2026-04-26; 2025-12-26; 2025-05-14; 2025-07-28; 2025-09-13; 2026-05-07; 2025-08-02,1659; 2604; 2245; 2854; 1687; 292; 2584; 561; 2538; 3553; 3370; 2752; 523; 2477; 508; 601; 3249; 1097; 1597; 2496; 2875; 3025; 2593; 1847; 3459; 1732; 3062; 3168; 283; 1542; 2770; 3348; 1923; 2007; 2468; 2261; 272; 1753; 3450; 3418; 2692; 3169; 3305,95669,9,2025-03-18; 2025-11-16; 2026-07-18; 2024-01-27; 2024-08-09; 2025-08-03; 2024-07-04; 2024-01-25; 2025-10-07,96235; 35900; 86618; 118041; 220212; 17438; 201118; 129701; 232672,1137935.0,5,2026-07-01; 2024-09-16; 2025-01-02; 2026-04-18; 2025-11-30,Meerut; Meerut; Ghaziabad; Faridabad; Chandigarh,1,0.9303,Acquaintance,Relationship evidence between Vikram Malhotra 48723 and Priya Pandey. Phone records show 43 calls. Transaction records show 9 transactions. Meeting records show 5 meetings.
REL00162,P0333,Aarav Kumar,P0470,Vikram Khan 35044,5,2024-08-02; 2025-07-25; 2026-02-28; 2026-06-03; 2025-07-14,683; 349; 778; 430; 791,3031,1,2024-12-22,6137,6137.0,0,,,0,0.2972,Acquaintance,"Observed interaction between Aarav Kumar and Vikram Khan 35044. Available records include 5 calls, 1 transactions, and 0 meetings. Evidence does not establish a meaningful relationship."
REL00163,P0092,Manish Verma 45891,P0342,Manish Gupta,24,2026-07-25; 2026-01-09; 2024-04-02; 2025-10-16; 2025-02-19; 2024-11-16; 2025-09-28; 2025-05-24; 2025-10-16; 2024-07-09; 2026-02-13; 2025-01-26; 2024-07-26; 2024-09-28; 2026-05-26; 2025-12-25; 2025-05-12; 2024-12-25; 2024-12-11; 2026-04-05; 2025-03-24; 2026-07-06; 2025-01-05; 2026-02-11,772; 810; 1442; 185; 576; 897; 2503; 1391; 2193; 2988; 2750; 2415; 1333; 3219; 2413; 2324; 848; 1750; 2653; 2969; 431; 933; 502; 490,38787,4,2025-12-29; 2025-09-04; 2026-07-25; 2026-06-16,183851; 116073; 233401; 79040,612365.0,3,2024-05-29; 2026-01-03; 2024-12-14,Lucknow; Meerut; Jaipur,0,0.2466,Business Contact,"Observed interaction between Manish Verma 45891 and Manish Gupta. Available records include 24 calls, 4 transactions, and 3 meetings. Evidence does not establish a meaningful relationship."
REL00164,P0395,Akash Malhotra 5560,P0107,Rohan Khanna,6,2025-08-06; 2024-03-25; 2024-11-27; 2024-08-18; 2025-03-29; 2026-04-25,61; 271; 581; 178; 703; 300,2094,1,2024-01-27,16703,16703.0,2,2024-08-17; 2026-05-03,Ghaziabad; Ghaziabad,0,0.3075,Acquaintance,"Observed interaction between Akash Malhotra 5560 and Rohan Khanna. Available records include 6 calls, 1 transactions, and 2 meetings. Evidence does not establish a meaningful relationship."
REL00165,P0451,Shreya Bansal 30538,P0222,Shreya Agarwal,0,,,0,1,2024-01-22,20561,20561.0,0,,,0,0.1743,Colleague,"Observed interaction between Shreya Bansal 30538 and Shreya Agarwal. Available records include 0 calls, 1 transactions, and 0 meetings. Evidence does not establish a meaningful relationship."
REL00166,P0450,Priya Malhotra 58892,P0425,Nikhil Bansal 98958,22,2025-08-17; 2025-02-13; 2025-10-04; 2025-08-12; 2026-06-28; 2026-07-12; 2025-01-31; 2026-02-03; 2024-09-24; 2025-12-24; 2026-03-26; 2025-01-07; 2026-04-02; 2026-03-31; 2024-09-26; 2025-03-17; 2025-01-14; 2025-01-08; 2026-07-10; 2026-08-05; 2026-08-17; 2024-08-28,715; 1166; 791; 217; 1479; 335; 718; 1754; 1498; 565; 1689; 1162; 1245; 323; 257; 1666; 1099; 1510; 1034; 1156; 702; 274,21355,4,2026-04-06; 2026-04-26; 2025-09-10; 2024-08-21,47657; 74623; 31355; 62986,216621.0,4,2024-10-02; 2025-08-11; 2026-05-06; 2024-02-24,Chandigarh; Agra; Chandigarh; Chandigarh,0,0.4069,Acquaintance,"Observed interaction between Priya Malhotra 58892 and Nikhil Bansal 98958. Available records include 22 calls, 4 transactions, and 4 meetings. Evidence does not establish a meaningful relationship."
REL00167,P0067,Anjali Chauhan,P0176,Aditya Khan,4,2025-10-27; 2024-02-28; 2026-07-06; 2024-12-21,508; 743; 171; 85,1507,1,2025-11-29,12113,12113.0,2,2024-03-07; 2026-01-06,Faridabad; Agra,0,0.0957,Associate,"Observed interaction between Anjali Chauhan and Aditya Khan. Available records include 4 calls, 1 transactions, and 2 meetings. Evidence does not establish a meaningful relationship."
REL00168,P0029,Vikram Gupta,P0503,Priya Sharma 4142,5,2024-08-08; 2025-11-08; 2025-04-07; 2024-11-13; 2025-07-05,733; 710; 331; 358; 258,2390,0,,,0.0,1,2025-08-06,Lucknow,0,0.3317,Known Associate,"Observed interaction between Vikram Gupta and Priya Sharma 4142. Available records include 5 calls, 0 transactions, and 1 meetings. Evidence does not establish a meaningful relationship."
REL00169,P0148,Riya Gupta 17993,P0553,Aman Chauhan 20789,23,2026-02-11; 2025-01-01; 2025-08-24; 2024-05-02; 2026-03-04; 2024-03-13; 2025-09-20; 2024-03-06; 2025-06-26; 2025-02-27; 2026-01-17; 2024-06-14; 2026-01-20; 2024-07-18; 2024-09-11; 2025-09-07; 2026-03-03; 2026-02-16; 2024-07-02; 2026-05-05; 2024-07-04; 2024-01-31; 2025-10-26,1073; 1552; 304; 739; 242; 252; 886; 1235; 1495; 1463; 853; 1708; 894; 840; 1486; 1031; 343; 1795; 763; 434; 256; 697; 787,21128,6,2024-06-30; 2025-12-25; 2025-03-16; 2026-06-19; 2024-09-15; 2025-05-26,13892; 26191; 36144; 54615; 28293; 31706,190841.0,1,2024-12-25,Noida,0,0.3189,Acquaintance,"Observed interaction between Riya Gupta 17993 and Aman Chauhan 20789. Available records include 23 calls, 6 transactions, and 1 meetings. Evidence does not establish a meaningful relationship."
REL00170,P0097,Nisha Gupta,P0537,Vikram Pandey 96249,5,2025-01-17; 2024-04-07; 2024-06-21; 2024-01-02; 2025-06-25,85; 69; 729; 847; 687,2417,1,2024-01-29,51130,51130.0,5,2026-05-29; 2024-03-12; 2024-06-25; 2024-07-12; 2025-10-13,Agra; Chandigarh; Gurugram; Lucknow; Ghaziabad,0,0.5415,Acquaintance,"Observed interaction between Nisha Gupta and Vikram Pandey 96249. Available records include 5 calls, 1 transactions, and 5 meetings. Evidence does not establish a meaningful relationship."
REL00171,P0100,Aditya Patel 40669,P0159,Aditya Sharma,2,2026-07-01; 2025-03-27,743; 886,1629,2,2026-06-19; 2026-03-01,6316; 17124,23440.0,0,,,0,0.0606,Former Partner,"Observed interaction between Aditya Patel 40669 and Aditya Sharma. Available records include 2 calls, 2 transactions, and 0 meetings. Evidence does not establish a meaningful relationship."
REL00172,P0456,Divya Gupta 68563,P0032,Deepak Khan,6,2024-12-23; 2025-11-30; 2024-07-03; 2025-08-27; 2025-06-14; 2024-06-20,528; 2158; 911; 2591; 755; 2631,9574,2,2026-07-31; 2024-12-11,129188; 182618,311806.0,3,2025-07-15; 2026-05-01; 2025-02-02,Chandigarh; Noida; Lucknow,0,0.2229,Business Contact,"Observed interaction between Divya Gupta 68563 and Deepak Khan. Available records include 6 calls, 2 transactions, and 3 meetings. Evidence does not establish a meaningful relationship."
REL00173,P0253,Yash Bansal 88806,P0375,Ravi Singh 33587,4,2026-03-24; 2025-02-17; 2024-02-12; 2025-01-01,80; 511; 850; 883,2324,1,2026-07-20,22115,22115.0,1,2025-12-25,Agra,1,0.4796,Colleague,Relationship evidence between Yash Bansal 88806 and Ravi Singh 33587. Phone records show 4 calls. Transaction records show 1 transactions. Meeting records show 1 meetings.
REL00174,P0533,Vivaan Singh 24005,P0094,Raj Patel,14,2025-08-11; 2025-12-20; 2025-06-28; 2025-06-18; 2025-02-07; 2026-02-14; 2025-07-13; 2025-10-20; 2024-07-24; 2024-10-16; 2024-11-24; 2024-05-18; 2025-04-03; 2026-02-20,465; 659; 1342; 933; 887; 951; 832; 228; 1064; 108; 1066; 273; 718; 1209,10735,4,2025-05-10; 2025-09-16; 2025-02-02; 2024-11-09,67223; 39643; 9224; 71147,187237.0,5,2026-05-01; 2024-02-12; 2024-07-11; 2026-08-27; 2024-04-01,Faridabad; Agra; Agra; Lucknow; Gurugram,1,0.7615,Acquaintance,Relationship evidence between Vivaan Singh 24005 and Raj Patel. Phone records show 14 calls. Transaction records show 4 transactions. Meeting records show 5 meetings.
REL00175,P0050,Nisha Singh,P0548,Vikram Sharma,0,,,0,1,2024-07-11,12026,12026.0,1,2025-07-04,Delhi,0,0.2901,Associate,"Observed interaction between Nisha Singh and Vikram Sharma. Available records include 0 calls, 1 transactions, and 1 meetings. Evidence does not establish a meaningful relationship."
REL00176,P0445,Divya Verma 57879,P0521,Deepak Yadav,10,2024-04-11; 2025-04-13; 2026-08-30; 2024-07-09; 2026-07-02; 2024-08-14; 2025-12-30; 2024-11-23; 2024-03-15; 2026-01-01,476; 1074; 483; 1229; 1371; 1315; 91; 152; 841; 481,7513,6,2026-07-10; 2025-12-06; 2024-04-29; 2026-08-04; 2024-10-24; 2024-01-05,33508; 45352; 25207; 53107; 31933; 50730,239837.0,6,2026-07-28; 2026-05-07; 2025-02-15; 2024-02-15; 2024-06-08; 2024-05-25,Agra; Ghaziabad; Agra; Faridabad; Jaipur; Agra,0,0.4486,Business Contact,"Observed interaction between Divya Verma 57879 and Deepak Yadav. Available records include 10 calls, 6 transactions, and 6 meetings. Evidence does not establish a meaningful relationship."
REL00177,P0318,Saurabh Gupta,P0210,Karan Pandey,28,2026-04-23; 2025-02-27; 2025-01-21; 2024-10-11; 2026-05-12; 2026-07-11; 2024-07-13; 2026-04-16; 2026-03-08; 2025-05-14; 2024-09-16; 2025-09-06; 2024-01-11; 2025-10-03; 2025-12-10; 2025-02-08; 2024-02-12; 2025-12-13; 2026-02-24; 2025-04-04; 2024-05-11; 2025-11-09; 2025-12-07; 2024-08-16; 2024-03-13; 2025-10-14; 2024-04-27; 2024-04-28,385; 1680; 1060; 196; 435; 1159; 730; 402; 1575; 585; 1454; 1524; 1483; 875; 643; 1158; 646; 643; 1227; 595; 282; 1618; 304; 868; 1745; 473; 237; 1196,25178,5,2026-05-16; 2025-05-24; 2024-07-24; 2024-05-10; 2025-06-14,6678; 63467; 64759; 16331; 16602,167837.0,4,2024-08-22; 2024-02-08; 2026-05-03; 2025-02-01,Gurugram; Noida; Noida; Ghaziabad,0,0.3526,Colleague,"Observed interaction between Saurabh Gupta and Karan Pandey. Available records include 28 calls, 5 transactions, and 4 meetings. Evidence does not establish a meaningful relationship."
REL00178,P0380,Neha Patel,P0449,Aditya Khanna 82942,1,2026-02-26,62,62,1,2025-11-09,17002,17002.0,2,2026-02-24; 2024-07-12,Ghaziabad; Meerut,0,0.0249,Acquaintance,"Observed interaction between Neha Patel and Aditya Khanna 82942. Available records include 1 calls, 1 transactions, and 2 meetings. Evidence does not establish a meaningful relationship."
REL00179,P0015,Neha Singh,P0157,Amit Bansal,6,2024-12-24; 2025-04-18; 2024-07-24; 2026-07-12; 2025-10-21; 2024-02-27,420; 409; 176; 318; 537; 85,1945,1,2024-08-18,6528,6528.0,0,,,0,0.2233,Business Contact,"Observed interaction between Neha Singh and Amit Bansal. Available records include 6 calls, 1 transactions, and 0 meetings. Evidence does not establish a meaningful relationship."
REL00180,P0344,Priya Patel,P0450,Priya Malhotra 58892,8,2025-09-08; 2025-06-25; 2024-10-21; 2025-07-24; 2024-06-13; 2024-05-26; 2025-07-14; 2024-11-21,78; 134; 721; 86; 439; 550; 567; 37,2612,0,,,0.0,1,2025-09-25,Gurugram,1,0.6672,Associate,Relationship evidence between Priya Patel and Priya Malhotra 58892. Phone records show 8 calls. Transaction records show 0 transactions. Meeting records show 1 meetings.
REL00181,P0330,Raj Yadav 44360,P0380,Neha Patel,1,2024-08-27,26,26,0,,,0.0,2,2025-01-25; 2024-01-04,Agra; Delhi,0,0.2867,Associate,"Observed interaction between Raj Yadav 44360 and Neha Patel. Available records include 1 calls, 0 transactions, and 2 meetings. Evidence does not establish a meaningful relationship."
REL00182,P0581,Aditya Patel 91545,P0123,Akash Sharma,29,2025-10-26; 2026-04-23; 2026-07-21; 2025-05-02; 2026-08-17; 2025-08-08; 2025-10-22; 2025-01-30; 2024-10-16; 2025-12-03; 2025-09-22; 2025-01-31; 2025-04-05; 2026-07-21; 2026-02-05; 2024-08-31; 2025-11-30; 2025-05-17; 2025-09-19; 2024-09-13; 2024-12-19; 2025-10-13; 2025-04-10; 2025-05-05; 2026-07-30; 2026-07-09; 2024-06-05; 2025-04-10; 2025-07-03,797; 518; 355; 647; 1364; 1557; 417; 855; 586; 388; 813; 1575; 102; 944; 1709; 674; 354; 147; 1001; 900; 1515; 1168; 524; 883; 316; 1780; 1343; 782; 486,24500,1,2026-08-22,55188,55188.0,5,2025-03-07; 2026-06-23; 2025-03-03; 2025-04-16; 2026-01-21,Chandigarh; Chandigarh; Jaipur; Chandigarh; Meerut,0,0.3182,Business Contact,"Observed interaction between Aditya Patel 91545 and Akash Sharma. Available records include 29 calls, 1 transactions, and 5 meetings. Evidence does not establish a meaningful relationship."
REL00183,P0409,Saurabh Khan,P0137,Ravi Singh,20,2024-08-10; 2025-12-30; 2024-07-14; 2025-08-05; 2024-07-18; 2026-08-28; 2026-06-13; 2026-01-16; 2025-11-06; 2026-03-13; 2025-09-25; 2025-01-07; 2026-07-10; 2025-04-19; 2025-07-15; 2026-06-02; 2026-02-21; 2026-03-22; 2025-02-22; 2025-01-18,1378; 688; 497; 864; 349; 1023; 282; 1171; 1395; 986; 675; 1765; 1646; 1337; 904; 164; 468; 504; 751; 1189,18036,1,2026-06-30,22541,22541.0,2,2025-11-06; 2025-01-28,Lucknow; Jaipur,1,0.6095,Acquaintance,Relationship evidence between Saurabh Khan and Ravi Singh. Phone records show 20 calls. Transaction records show 1 transactions. Meeting records show 2 meetings.
REL00184,P0454,Sahil Kumar 99294,P0025,Vikram Yadav,11,2026-02-02; 2025-11-27; 2025-07-30; 2026-02-26; 2024-06-08; 2025-10-18; 2025-02-15; 2025-08-11; 2026-03-11; 2026-03-31; 2024-07-21,368; 902; 708; 1019; 563; 1572; 327; 1621; 1056; 707; 1310,10153,7,2026-08-13; 2026-02-20; 2025-09-19; 2025-06-27; 2026-01-22; 2025-10-05; 2026-06-15,6627; 14722; 10566; 13239; 4813; 3136; 8914,62017.0,5,2024-12-05; 2026-05-23; 2024-04-02; 2024-11-16; 2026-08-11,Meerut; Ghaziabad; Gurugram; Ghaziabad; Faridabad,0,0.4942,Colleague,"Observed interaction between Sahil Kumar 99294 and Vikram Yadav. Available records include 11 calls, 7 transactions, and 5 meetings. Evidence does not establish a meaningful relationship."
REL00185,P0372,Vikram Malhotra 48723,P0324,Rohan Verma 2171,19,2024-11-06; 2024-04-13; 2026-04-01; 2025-07-29; 2024-06-12; 2026-07-11; 2026-06-20; 2024-06-04; 2024-06-16; 2025-03-01; 2024-05-01; 2025-06-29; 2026-07-21; 2025-09-25; 2025-02-23; 2024-06-11; 2025-07-29; 2025-07-19; 2025-10-05,1021; 1493; 635; 1473; 1796; 570; 292; 1419; 360; 971; 258; 1607; 140; 337; 840; 1028; 836; 1036; 409,16521,8,2026-02-24; 2024-01-21; 2025-08-23; 2025-12-05; 2026-04-17; 2025-01-06; 2026-08-11; 2025-03-27,25833; 60632; 4602; 66456; 47066; 46535; 13142; 50492,314758.0,3,2024-03-11; 2024-06-30; 2024-05-18,Agra; Faridabad; Jaipur,0,0.5209,Colleague,"Observed interaction between Vikram Malhotra 48723 and Rohan Verma 2171. Available records include 19 calls, 8 transactions, and 3 meetings. Evidence does not establish a meaningful relationship."
REL00186,P0114,Ravi Sharma,P0202,Pooja Verma,6,2024-12-29; 2025-09-09; 2026-03-29; 2025-05-21; 2024-01-17; 2025-09-28,624; 447; 193; 393; 891; 278,2826,1,2024-07-15,17323,17323.0,0,,,1,0.5341,Acquaintance,Relationship evidence between Ravi Sharma and Pooja Verma. Phone records show 6 calls. Transaction records show 1 transactions. Meeting records show 0 meetings.
REL00187,P0533,Vivaan Singh 24005,P0025,Vikram Yadav,2,2025-10-26; 2024-09-01,737; 333,1070,0,,,0.0,0,,,0,0.0995,Known Associate,"Observed interaction between Vivaan Singh 24005 and Vikram Yadav. Available records include 2 calls, 0 transactions, and 0 meetings. Evidence does not establish a meaningful relationship."
REL00188,P0444,Saurabh Gupta 23322,P0346,Aman Khan,29,2024-03-23; 2024-12-06; 2025-07-18; 2024-02-02; 2024-05-13; 2026-06-11; 2026-08-06; 2025-10-01; 2024-01-11; 2026-01-22; 2025-08-10; 2024-01-20; 2024-11-05; 2025-01-24; 2024-07-23; 2026-07-15; 2025-04-26; 2025-01-24; 2025-02-01; 2024-02-06; 2025-12-12; 2025-11-19; 2024-10-03; 2025-12-14; 2025-01-19; 2024-12-09; 2025-01-10; 2026-04-02; 2025-06-08,3331; 1858; 1787; 3017; 1521; 662; 1538; 3065; 1191; 2382; 910; 2122; 1273; 1212; 461; 1962; 2871; 467; 3419; 2848; 1425; 2204; 584; 214; 3440; 646; 3422; 3241; 558,53631,10,2024-09-05; 2024-03-17; 2024-06-30; 2025-01-17; 2024-03-07; 2024-06-06; 2025-08-08; 2026-03-31; 2024-08-30; 2026-03-08,32907; 236411; 29768; 12528; 199558; 13525; 203069; 221546; 99426; 238107,1286845.0,7,2026-07-19; 2025-09-24; 2024-03-13; 2024-06-08; 2025-08-19; 2025-10-03; 2026-06-11,Chandigarh; Meerut; Noida; Agra; Noida; Delhi; Gurugram,1,0.7959,Associate,Relationship evidence between Saurabh Gupta 23322 and Aman Khan. Phone records show 29 calls. Transaction records show 10 transactions. Meeting records show 7 meetings.
REL00189,P0084,Yash Khanna,P0191,Divya Bansal 5807,6,2026-03-21; 2025-12-03; 2024-08-26; 2024-08-03; 2024-02-21; 2026-01-04,222; 852; 716; 1340; 1144; 454,4728,0,,,0.0,4,2025-05-02; 2026-04-17; 2024-07-21; 2025-12-26,Chandigarh; Agra; Gurugram; Chandigarh,1,0.6451,Associate,Relationship evidence between Yash Khanna and Divya Bansal 5807. Phone records show 6 calls. Transaction records show 0 transactions. Meeting records show 4 meetings.
REL00190,P0063,Sneha Malhotra,P0454,Sahil Kumar 99294,21,2024-09-26; 2024-05-27; 2026-06-18; 2025-07-09; 2025-08-12; 2024-07-12; 2025-12-17; 2024-05-06; 2025-12-20; 2026-02-18; 2024-03-18; 2024-07-11; 2024-07-10; 2026-05-18; 2024-11-25; 2026-02-13; 2024-08-21; 2024-06-15; 2025-02-08; 2025-10-12; 2026-05-06,1273; 667; 1291; 904; 1097; 1371; 644; 506; 933; 573; 1748; 766; 1566; 553; 1146; 74; 1401; 1459; 575; 636; 1604,20787,1,2024-06-14,10474,10474.0,1,2024-03-04,Noida,0,0.3729,Business Contact,"Observed interaction between Sneha Malhotra and Sahil Kumar 99294. Available records include 21 calls, 1 transactions, and 1 meetings. Evidence does not establish a meaningful relationship."
REL00191,P0062,Vikram Patel,P0441,Arjun Agarwal,26,2025-08-25; 2026-02-28; 2026-07-27; 2026-07-25; 2025-01-05; 2025-12-15; 2025-11-28; 2025-09-12; 2025-11-25; 2024-03-08; 2025-08-05; 2024-09-25; 2026-01-14; 2026-05-09; 2024-11-22; 2025-04-06; 2025-01-01; 2026-01-30; 2026-04-10; 2025-05-06; 2025-01-14; 2025-05-26; 2024-11-03; 2026-02-20; 2025-05-15; 2024-11-16,1178; 1585; 449; 527; 1262; 409; 147; 1474; 782; 899; 1012; 1005; 724; 1690; 1793; 885; 1009; 1011; 986; 372; 350; 1571; 1597; 849; 919; 110,24595,8,2026-06-13; 2024-05-22; 2026-03-18; 2024-11-20; 2025-01-25; 2026-06-10; 2025-10-09; 2024-06-01,54352; 49934; 3828; 58935; 24646; 21796; 26105; 30441,270037.0,1,2024-04-07,Delhi,0,0.337,Colleague,"Observed interaction between Vikram Patel and Arjun Agarwal. Available records include 26 calls, 8 transactions, and 1 meetings. Evidence does not establish a meaningful relationship."
REL00192,P0154,Anjali Pandey,P0278,Karan Verma 13929,1,2025-02-05,182,182,0,,,0.0,1,2024-11-06,Lucknow,0,0.1044,Business Contact,"Observed interaction between Anjali Pandey and Karan Verma 13929. Available records include 1 calls, 0 transactions, and 1 meetings. Evidence does not establish a meaningful relationship."
REL00193,P0195,Akash Singh 53091,P0499,Rohan Patel 52511,43,2026-08-28; 2026-05-22; 2024-06-12; 2025-05-14; 2025-11-12; 2024-03-02; 2024-12-27; 2024-04-18; 2024-03-09; 2024-11-27; 2025-12-23; 2025-05-03; 2025-09-14; 2024-10-23; 2024-05-24; 2024-08-28; 2025-06-15; 2026-08-23; 2025-05-21; 2026-04-02; 2024-08-09; 2025-03-02; 2025-05-17; 2024-01-14; 2024-11-11; 2025-10-08; 2024-06-11; 2024-12-12; 2025-10-07; 2024-11-14; 2025-12-01; 2025-09-25; 2025-03-15; 2025-09-18; 2024-05-04; 2025-09-05; 2024-05-12; 2025-06-26; 2024-10-15; 2024-12-15; 2026-01-12; 2025-01-17; 2026-04-06,2940; 644; 1633; 2435; 2059; 378; 192; 1951; 1635; 1828; 1128; 977; 1456; 2939; 1076; 1400; 2716; 2070; 3342; 1269; 2393; 1515; 2484; 3371; 1476; 2980; 916; 640; 1438; 3321; 2711; 2464; 1057; 3020; 2548; 2616; 1090; 3451; 3477; 1140; 2121; 2427; 2044,84768,9,2026-06-30; 2024-01-20; 2024-11-16; 2025-06-07; 2026-06-20; 2024-04-07; 2025-01-28; 2026-02-07; 2024-05-31,173474; 94319; 31314; 148735; 138697; 131291; 167967; 246042; 243546,1375385.0,5,2026-08-27; 2026-01-15; 2024-09-29; 2024-03-09; 2025-04-05,Jaipur; Ghaziabad; Faridabad; Gurugram; Meerut,1,0.945,Former Partner,Relationship evidence between Akash Singh 53091 and Rohan Patel 52511. Phone records show 43 calls. Transaction records show 9 transactions. Meeting records show 5 meetings.
REL00194,P0061,Neha Agarwal,P0486,Deepak Malhotra,26,2024-12-30; 2026-04-24; 2025-09-27; 2025-05-09; 2025-07-29; 2024-05-29; 2026-03-13; 2024-10-06; 2024-11-23; 2025-05-11; 2024-11-17; 2025-09-11; 2026-06-23; 2025-07-03; 2024-07-23; 2026-04-23; 2026-04-10; 2025-10-23; 2024-07-11; 2026-08-03; 2025-09-03; 2025-09-11; 2024-05-03; 2024-10-29; 2026-01-21; 2024-03-03,3132; 918; 2264; 3392; 2184; 1276; 1136; 3358; 1660; 1852; 2989; 3472; 164; 1341; 1189; 956; 710; 1332; 223; 238; 2789; 2757; 3242; 1846; 442; 1629,46491,3,2025-04-21; 2026-03-05; 2026-07-20,48696; 127095; 174073,349864.0,4,2025-01-26; 2025-07-22; 2024-06-09; 2025-08-31,Chandigarh; Meerut; Noida; Faridabad,1,0.8549,Colleague,Relationship evidence between Neha Agarwal and Deepak Malhotra. Phone records show 26 calls. Transaction records show 3 transactions. Meeting records show 4 meetings.
REL00195,P0203,Manish Sharma,P0465,Vivaan Sharma 61690,3,2024-11-26; 2024-01-18; 2024-05-06,73; 354; 585,1012,2,2025-05-03; 2025-01-12,5144; 10830,15974.0,1,2026-05-01,Jaipur,1,0.615,Business Contact,Relationship evidence between Manish Sharma and Vivaan Sharma 61690. Phone records show 3 calls. Transaction records show 2 transactions. Meeting records show 1 meetings.
REL00196,P0445,Divya Verma 57879,P0332,Manish Chauhan,10,2024-10-16; 2024-11-27; 2025-08-02; 2026-02-13; 2025-08-05; 2024-02-10; 2026-06-23; 2025-06-07; 2024-02-27; 2026-01-10,1528; 1521; 330; 1077; 190; 199; 346; 370; 269; 1130,6960,6,2024-06-16; 2026-08-20; 2025-12-31; 2024-08-28; 2024-04-04; 2026-02-11,49227; 48803; 46323; 12637; 56085; 47032,260107.0,5,2026-02-07; 2024-03-12; 2025-05-19; 2025-02-14; 2025-07-12,Delhi; Lucknow; Jaipur; Jaipur; Gurugram,0,0.3918,Acquaintance,"Observed interaction between Divya Verma 57879 and Manish Chauhan. Available records include 10 calls, 6 transactions, and 5 meetings. Evidence does not establish a meaningful relationship."
REL00197,P0092,Manish Verma 45891,P0213,Kavya Chauhan 57985,3,2024-08-20; 2024-09-02; 2024-02-27,680; 719; 591,1990,0,,,0.0,2,2024-01-25; 2024-02-23,Ghaziabad; Chandigarh,1,0.4627,Known Associate,Relationship evidence between Manish Verma 45891 and Kavya Chauhan 57985. Phone records show 3 calls. Transaction records show 0 transactions. Meeting records show 2 meetings.
REL00198,P0225,Aman Bansal,P0239,Priya Gupta,9,2025-11-17; 2025-02-09; 2024-01-20; 2025-06-06; 2026-02-22; 2024-10-23; 2025-05-19; 2024-01-25; 2025-11-16,3047; 2975; 1819; 2372; 398; 284; 939; 2535; 267,14636,6,2024-08-01; 2024-08-23; 2025-08-19; 2025-05-18; 2024-01-08; 2024-12-23,193979; 31135; 162458; 241118; 106499; 143470,878659.0,3,2026-07-09; 2026-04-28; 2024-06-17,Jaipur; Ghaziabad; Gurugram,0,0.3877,Acquaintance,"Observed interaction between Aman Bansal and Priya Gupta. Available records include 9 calls, 6 transactions, and 3 meetings. Evidence does not establish a meaningful relationship."
REL00199,P0289,Arjun Verma,P0273,Aarav Chauhan,15,2024-06-12; 2026-05-04; 2024-07-25; 2026-02-11; 2025-09-14; 2024-09-19; 2024-12-08; 2024-07-19; 2024-11-30; 2026-07-08; 2024-09-23; 2025-02-06; 2024-05-02; 2025-10-28; 2024-10-19,984; 119; 972; 1295; 1394; 1435; 1108; 1636; 890; 479; 438; 290; 145; 853; 1707,13745,4,2024-04-19; 2026-01-30; 2026-08-13; 2026-06-14,28946; 28233; 41139; 30094,128412.0,4,2026-06-26; 2025-08-30; 2026-04-17; 2024-11-06,Meerut; Chandigarh; Delhi; Ghaziabad,1,0.7371,Former Partner,Relationship evidence between Arjun Verma and Aarav Chauhan. Phone records show 15 calls. Transaction records show 4 transactions. Meeting records show 4 meetings.
REL00200,P0259,Abhishek Malhotra 53369,P0223,Vikram Singh 54560,0,,,0,1,2024-08-09,6428,6428.0,0,,,0,0.3025,Former Partner,"Observed interaction between Abhishek Malhotra 53369 and Vikram Singh 54560. Available records include 0 calls, 1 transactions, and 0 meetings. Evidence does not establish a meaningful relationship."
REL00201,P0212,Nikhil Gupta 17974,P0512,Nikhil Sharma 82293,3,2025-04-13; 2025-02-04; 2025-09-08,791; 189; 523,1503,2,2025-05-06; 2025-07-28,20053; 9850,29903.0,1,2026-03-25,Ghaziabad,0,0.0364,Acquaintance,"Observed interaction between Nikhil Gupta 17974 and Nikhil Sharma 82293. Available records include 3 calls, 2 transactions, and 1 meetings. Evidence does not establish a meaningful relationship."
REL00202,P0110,Saurabh Pandey,P0001,Divya Verma,10,2026-08-27; 2024-10-07; 2026-08-10; 2024-01-01; 2024-11-06; 2025-03-31; 2025-01-25; 2026-01-16; 2025-08-04; 2024-06-12,119; 74; 396; 240; 681; 215; 453; 779; 401; 97,3455,0,,,0.0,0,,,1,0.534,Associate,Relationship evidence between Saurabh Pandey and Divya Verma. Phone records show 10 calls. Transaction records show 0 transactions. Meeting records show 0 meetings.
REL00203,P0023,Rahul Mehta,P0305,Aditya Sharma 23330,8,2026-08-10; 2026-08-12; 2026-06-27; 2026-03-30; 2026-07-25; 2024-07-28; 2024-05-03; 2026-07-30,2727; 3168; 2912; 3367; 244; 2071; 835; 178,15502,5,2024-04-25; 2024-03-29; 2026-01-12; 2024-08-28; 2025-04-11,238010; 242374; 161985; 192168; 156130,990667.0,2,2024-10-06; 2024-10-03,Delhi; Agra,0,0.3679,Colleague,"Observed interaction between Rahul Mehta and Aditya Sharma 23330. Available records include 8 calls, 5 transactions, and 2 meetings. Evidence does not establish a meaningful relationship."
REL00204,P0157,Amit Bansal,P0221,Divya Verma 65032,3,2024-01-31; 2024-02-08; 2025-05-24,462; 870; 496,1828,2,2025-02-26; 2024-06-28,934; 19399,20333.0,1,2026-07-07,Delhi,0,0.2332,Associate,"Observed interaction between Amit Bansal and Divya Verma 65032. Available records include 3 calls, 2 transactions, and 1 meetings. Evidence does not establish a meaningful relationship."
REL00205,P0288,Divya Gupta,P0289,Arjun Verma,42,2024-09-30; 2024-01-25; 2025-11-18; 2024-10-05; 2026-06-11; 2024-07-11; 2024-08-28; 2025-12-07; 2025-04-03; 2026-04-09; 2024-01-02; 2025-10-27; 2024-02-15; 2026-06-13; 2025-07-30; 2026-05-05; 2026-05-27; 2025-03-21; 2025-07-26; 2025-12-20; 2025-05-15; 2026-03-21; 2024-08-25; 2026-01-02; 2026-05-18; 2026-01-30; 2024-02-18; 2024-10-20; 2025-01-07; 2024-03-31; 2025-09-04; 2025-01-11; 2025-04-12; 2026-04-20; 2025-04-28; 2025-07-11; 2024-06-16; 2025-01-17; 2025-11-05; 2026-07-12; 2025-01-15; 2026-01-13,2376; 2334; 716; 1433; 3131; 2738; 1540; 1787; 832; 2496; 1765; 1644; 2034; 1543; 3262; 1317; 724; 3455; 2875; 3198; 2145; 2887; 2341; 1790; 1595; 1888; 474; 2586; 1157; 683; 1483; 1589; 2763; 2031; 1966; 3207; 2328; 2906; 792; 295; 1526; 2194,81826,6,2026-07-29; 2026-05-30; 2025-10-02; 2024-05-28; 2025-09-05; 2024-12-15,151613; 175857; 228107; 205243; 51793; 233110,1045723.0,8,2026-03-28; 2025-08-10; 2024-05-22; 2026-04-15; 2026-03-22; 2024-07-29; 2026-04-24; 2025-12-10,Jaipur; Noida; Jaipur; Noida; Lucknow; Lucknow; Delhi; Lucknow,1,0.7739,Acquaintance,Relationship evidence between Divya Gupta and Arjun Verma. Phone records show 42 calls. Transaction records show 6 transactions. Meeting records show 8 meetings.
REL00206,P0005,Manish Verma,P0261,Abhishek Verma,3,2025-12-01; 2025-12-27; 2026-03-17,362; 520; 139,1021,2,2024-11-29; 2026-01-19,12733; 18471,31204.0,1,2026-08-17,Jaipur,1,0.6069,Former Partner,Relationship evidence between Manish Verma and Abhishek Verma. Phone records show 3 calls. Transaction records show 2 transactions. Meeting records show 1 meetings.
REL00207,P0403,Karan Bansal,P0225,Aman Bansal,2,2025-12-05; 2026-02-08,128; 251,379,2,2025-10-17; 2025-10-21,15365; 5602,20967.0,1,2026-05-04,Ghaziabad,0,0.2535,Former Partner,"Observed interaction between Karan Bansal and Aman Bansal. Available records include 2 calls, 2 transactions, and 1 meetings. Evidence does not establish a meaningful relationship."
REL00208,P0517,Ravi Bansal 16028,P0111,Karan Yadav,1,2026-08-30,333,333,0,,,0.0,2,2024-09-04; 2026-02-12,Jaipur; Faridabad,0,0.2906,Known Associate,"Observed interaction between Ravi Bansal 16028 and Karan Yadav. Available records include 1 calls, 0 transactions, and 2 meetings. Evidence does not establish a meaningful relationship."
REL00209,P0555,Yash Malhotra 13353,P0099,Arjun Patel,0,,,0,0,,,0.0,0,,,0,0.1106,Colleague,"Observed interaction between Yash Malhotra 13353 and Arjun Patel. Available records include 0 calls, 0 transactions, and 0 meetings. Evidence does not establish a meaningful relationship."
REL00210,P0213,Kavya Chauhan 57985,P0191,Divya Bansal 5807,6,2025-04-08; 2026-08-31; 2024-05-01; 2025-03-08; 2026-08-25; 2025-01-01,1414; 885; 81; 1489; 1283; 674,5826,0,,,0.0,3,2024-12-17; 2025-02-01; 2025-01-18,Ghaziabad; Faridabad; Jaipur,1,0.7544,Acquaintance,Relationship evidence between Kavya Chauhan 57985 and Divya Bansal 5807. Phone records show 6 calls. Transaction records show 0 transactions. Meeting records show 3 meetings.
REL00211,P0490,Saurabh Singh 73225,P0043,Saurabh Verma,3,2024-11-23; 2024-12-25; 2024-02-01,281; 737; 504,1522,0,,,0.0,1,2026-05-31,Jaipur,0,0.266,Acquaintance,"Observed interaction between Saurabh Singh 73225 and Saurabh Verma. Available records include 3 calls, 0 transactions, and 1 meetings. Evidence does not establish a meaningful relationship."
REL00212,P0101,Arjun Kumar,P0433,Neha Mehta 67196,15,2024-01-28; 2025-01-24; 2024-02-09; 2025-05-14; 2026-02-16; 2026-07-16; 2024-03-29; 2025-05-01; 2024-09-15; 2025-07-10; 2024-04-04; 2024-03-25; 2024-09-08; 2026-01-11; 2026-04-30,1525; 1352; 252; 991; 837; 1594; 750; 554; 1296; 1021; 130; 721; 694; 1191; 1651,14559,5,2025-12-21; 2026-05-25; 2025-04-07; 2024-08-09; 2025-09-20,55819; 14445; 3349; 18827; 5700,98140.0,4,2026-08-15; 2025-06-02; 2025-03-31; 2024-03-11,Lucknow; Gurugram; Chandigarh; Faridabad,1,0.7801,Acquaintance,Relationship evidence between Arjun Kumar and Neha Mehta 67196. Phone records show 15 calls. Transaction records show 5 transactions. Meeting records show 4 meetings.
REL00213,P0398,Vikram Pandey,P0549,Shreya Bansal 88955,28,2025-06-13; 2025-05-17; 2024-06-27; 2026-07-12; 2025-04-07; 2024-10-27; 2026-05-24; 2024-06-15; 2024-02-10; 2024-10-24; 2025-09-07; 2024-12-05; 2025-03-12; 2024-04-22; 2025-12-04; 2024-06-07; 2026-05-07; 2024-03-19; 2024-07-22; 2025-05-08; 2025-05-12; 2024-09-12; 2024-01-06; 2025-01-31; 2026-03-05; 2026-02-01; 2026-04-06; 2025-10-31,421; 1642; 831; 149; 679; 434; 517; 756; 1458; 1255; 1791; 1070; 528; 1521; 970; 1715; 1495; 297; 267; 396; 345; 330; 1576; 1299; 1212; 108; 957; 1076,25095,1,2025-01-10,58357,58357.0,3,2024-01-22; 2025-12-26; 2025-06-21,Meerut; Lucknow; Noida,0,0.3465,Acquaintance,"Observed interaction between Vikram Pandey and Shreya Bansal 88955. Available records include 28 calls, 1 transactions, and 3 meetings. Evidence does not establish a meaningful relationship."
REL00214,P0035,Akash Patel,P0286,Ravi Khan,39,2024-03-30; 2024-09-26; 2026-06-17; 2026-08-29; 2025-11-11; 2025-01-01; 2025-05-01; 2025-02-14; 2025-06-03; 2026-07-30; 2024-09-06; 2026-07-17; 2026-08-08; 2026-06-15; 2024-05-20; 2024-05-03; 2024-01-25; 2024-06-14; 2024-03-29; 2025-08-07; 2024-07-10; 2025-11-11; 2024-07-20; 2025-04-01; 2025-11-06; 2025-07-13; 2025-01-17; 2025-07-24; 2024-09-26; 2025-05-04; 2024-03-09; 2026-03-19; 2025-11-03; 2024-07-08; 2025-08-19; 2025-02-27; 2024-04-28; 2025-07-27; 2024-02-10,1071; 949; 723; 1350; 665; 3178; 2993; 1720; 165; 1643; 365; 2209; 3348; 169; 581; 2268; 2847; 1209; 2518; 2293; 156; 1362; 3443; 681; 1428; 1118; 2087; 3401; 994; 892; 2839; 2064; 2079; 2080; 997; 525; 826; 1708; 2385,63329,4,2025-10-10; 2025-10-04; 2025-07-08; 2026-05-29,220729; 28590; 48302; 184871,482492.0,2,2024-05-10; 2026-05-28,Lucknow; Gurugram,1,0.9481,Known Associate,Relationship evidence between Akash Patel and Ravi Khan. Phone records show 39 calls. Transaction records show 4 transactions. Meeting records show 2 meetings.
REL00215,P0070,Riya Patel,P0490,Saurabh Singh 73225,0,,,0,2,2024-09-09; 2025-10-03,14049; 21000,35049.0,0,,,0,0.133,Former Partner,"Observed interaction between Riya Patel and Saurabh Singh 73225. Available records include 0 calls, 2 transactions, and 0 meetings. Evidence does not establish a meaningful relationship."
REL00216,P0231,Vivaan Chauhan 39170,P0269,Akash Malhotra,6,2024-01-29; 2024-07-16; 2025-11-18; 2026-01-13; 2026-08-11; 2025-01-17,1720; 1962; 2603; 3545; 1040; 3186,14056,7,2026-07-18; 2024-05-10; 2025-05-05; 2025-09-21; 2026-08-30; 2026-03-20; 2025-06-05,242978; 116569; 179355; 238555; 208031; 176551; 51231,1213270.0,1,2024-09-04,Agra,0,0.3824,Colleague,"Observed interaction between Vivaan Chauhan 39170 and Akash Malhotra. Available records include 6 calls, 7 transactions, and 1 meetings. Evidence does not establish a meaningful relationship."
REL00217,P0510,Karan Bansal 52695,P0077,Amit Kumar,4,2024-03-08; 2025-07-29; 2024-03-27; 2025-12-22,815; 169; 811; 676,2471,0,,,0.0,1,2024-02-10,Meerut,0,0.1043,Known Associate,"Observed interaction between Karan Bansal 52695 and Amit Kumar. Available records include 4 calls, 0 transactions, and 1 meetings. Evidence does not establish a meaningful relationship."
REL00218,P0288,Divya Gupta,P0476,Rohan Mehta 34133,6,2026-05-06; 2025-07-02; 2025-09-11; 2024-11-30; 2026-07-30; 2024-11-11,895; 501; 543; 519; 415; 795,3668,1,2026-06-11,23059,23059.0,1,2025-08-26,Lucknow,0,0.324,Acquaintance,"Observed interaction between Divya Gupta and Rohan Mehta 34133. Available records include 6 calls, 1 transactions, and 1 meetings. Evidence does not establish a meaningful relationship."
REL00219,P0588,Deepak Malhotra 53331,P0141,Vikram Kumar,33,2025-05-16; 2024-12-16; 2025-06-29; 2025-06-13; 2025-09-23; 2025-10-08; 2024-03-05; 2024-09-14; 2025-10-06; 2024-10-01; 2026-08-14; 2024-10-04; 2026-06-14; 2024-10-22; 2025-08-31; 2025-06-09; 2024-08-21; 2024-11-16; 2026-08-07; 2026-07-16; 2024-11-27; 2026-07-17; 2024-09-02; 2025-08-02; 2024-07-14; 2024-12-22; 2024-11-09; 2024-07-15; 2026-04-25; 2024-12-09; 2025-06-14; 2025-11-23; 2025-02-25,1260; 1200; 2568; 1856; 2863; 2819; 891; 3267; 2631; 3343; 690; 3405; 3273; 2939; 1328; 898; 2934; 2929; 1600; 3038; 2343; 2384; 1435; 957; 3388; 2015; 2502; 2250; 830; 600; 3087; 3080; 1313,71916,4,2025-10-15; 2024-09-09; 2024-07-29; 2025-09-04,217079; 176053; 227681; 98440,719253.0,7,2024-07-06; 2026-06-27; 2025-10-25; 2026-04-09; 2025-05-23; 2025-01-18; 2024-09-08,Jaipur; Chandigarh; Faridabad; Agra; Chandigarh; Lucknow; Meerut,1,0.7837,Known Associate,Relationship evidence between Deepak Malhotra 53331 and Vikram Kumar. Phone records show 33 calls. Transaction records show 4 transactions. Meeting records show 7 meetings.
REL00220,P0074,Deepak Pandey,P0259,Abhishek Malhotra 53369,3,2024-01-04; 2024-03-09; 2024-07-12,851; 280; 526,1657,2,2025-04-10; 2026-08-15,18543; 19622,38165.0,1,2026-04-20,Faridabad,0,0.1838,Associate,"Observed interaction between Deepak Pandey and Abhishek Malhotra 53369. Available records include 3 calls, 2 transactions, and 1 meetings. Evidence does not establish a meaningful relationship."
REL00221,P0431,Abhishek Agarwal 75544,P0204,Kavya Kumar,0,,,0,1,2025-05-16,20005,20005.0,2,2024-04-20; 2025-05-02,Jaipur; Jaipur,0,0.1165,Business Contact,"Observed interaction between Abhishek Agarwal 75544 and Kavya Kumar. Available records include 0 calls, 1 transactions, and 2 meetings. Evidence does not establish a meaningful relationship."
REL00222,P0144,Riya Singh,P0186,Akash Verma,2,2026-05-17; 2024-03-12,304; 130,434,0,,,0.0,0,,,0,0.1965,Associate,"Observed interaction between Riya Singh and Akash Verma. Available records include 2 calls, 0 transactions, and 0 meetings. Evidence does not establish a meaningful relationship."
REL00223,P0275,Ravi Singh 95312,P0131,Aman Agarwal,39,2026-07-01; 2025-11-07; 2025-08-03; 2024-03-02; 2024-01-11; 2024-04-24; 2024-12-11; 2025-10-01; 2026-01-06; 2024-10-10; 2024-10-18; 2025-03-16; 2024-09-03; 2024-08-24; 2024-08-13; 2025-09-25; 2025-09-10; 2025-08-07; 2026-02-08; 2024-09-30; 2026-08-08; 2025-07-19; 2024-12-28; 2026-05-10; 2024-08-30; 2024-06-04; 2024-01-24; 2025-07-20; 2025-08-21; 2024-11-20; 2026-02-19; 2024-08-13; 2024-06-24; 2026-04-05; 2026-04-24; 2025-01-27; 2024-07-27; 2025-07-08; 2025-09-23,191; 776; 493; 2459; 3152; 2635; 1224; 3435; 2111; 630; 511; 1128; 3582; 1784; 1025; 1111; 2002; 2616; 798; 830; 1022; 1264; 559; 132; 1098; 2869; 1383; 1902; 2494; 2576; 3599; 1703; 1947; 994; 1071; 531; 3590; 455; 1793,63475,6,2025-12-30; 2025-03-30; 2025-03-29; 2024-06-02; 2026-01-26; 2026-06-28,110787; 232976; 171232; 206789; 109657; 16036,847477.0,2,2025-07-08; 2026-02-22,Faridabad; Ghaziabad,1,0.9528,Associate,Relationship evidence between Ravi Singh 95312 and Aman Agarwal. Phone records show 39 calls. Transaction records show 6 transactions. Meeting records show 2 meetings.
REL00224,P0504,Neha Patel 17628,P0448,Aditya Malhotra,2,2025-05-26; 2025-06-03,650; 417,1067,1,2026-05-08,14989,14989.0,0,,,0,0.2162,Former Partner,"Observed interaction between Neha Patel 17628 and Aditya Malhotra. Available records include 2 calls, 1 transactions, and 0 meetings. Evidence does not establish a meaningful relationship."
REL00225,P0382,Rohan Mehta,P0148,Riya Gupta 17993,0,,,0,2,2025-11-30; 2025-01-21,6017; 13738,19755.0,2,2024-07-31; 2024-08-11,Meerut; Meerut,0,0.1477,Acquaintance,"Observed interaction between Rohan Mehta and Riya Gupta 17993. Available records include 0 calls, 2 transactions, and 2 meetings. Evidence does not establish a meaningful relationship."
REL00226,P0255,Abhishek Malhotra,P0298,Priya Pandey 79088,36,2025-12-03; 2026-08-15; 2025-07-30; 2024-09-06; 2025-10-22; 2025-12-15; 2024-03-07; 2025-04-08; 2025-12-31; 2026-03-30; 2024-01-23; 2025-02-02; 2025-08-08; 2024-12-19; 2025-01-03; 2025-01-25; 2024-01-21; 2025-05-17; 2025-03-22; 2026-01-11; 2025-04-01; 2026-07-20; 2025-03-10; 2024-04-01; 2025-03-23; 2024-09-18; 2024-12-22; 2024-08-22; 2024-10-02; 2025-01-10; 2026-07-22; 2024-09-23; 2025-05-05; 2024-06-10; 2024-06-21; 2024-08-12,2518; 2761; 2238; 2573; 2294; 3438; 921; 3584; 268; 1682; 1613; 316; 3235; 1056; 488; 3016; 770; 498; 2640; 2968; 2384; 325; 1145; 444; 2271; 1165; 1975; 730; 1320; 700; 1905; 1260; 881; 1058; 1797; 1396,59633,10,2024-06-19; 2025-06-17; 2024-03-09; 2024-08-25; 2026-06-11; 2024-04-04; 2025-09-27; 2024-02-23; 2025-08-09; 2025-11-01,215285; 215589; 238544; 237228; 204273; 56122; 85561; 153638; 133272; 120956,1660468.0,2,2026-07-05; 2024-06-20,Ghaziabad; Delhi,1,0.9358,Colleague,Relationship evidence between Abhishek Malhotra and Priya Pandey 79088. Phone records show 36 calls. Transaction records show 10 transactions. Meeting records show 2 meetings.
REL00227,P0201,Rahul Verma,P0079,Raj Malhotra,29,2024-05-07; 2026-03-08; 2025-04-18; 2025-07-20; 2026-02-18; 2025-01-12; 2026-01-10; 2024-07-02; 2024-06-05; 2025-06-30; 2026-08-12; 2024-07-10; 2024-09-08; 2026-03-16; 2024-01-09; 2024-11-29; 2026-05-25; 2024-06-24; 2026-02-23; 2024-10-05; 2025-06-09; 2026-04-12; 2024-01-22; 2025-05-27; 2025-05-31; 2026-07-05; 2024-02-28; 2025-02-07; 2024-05-18,402; 159; 1020; 379; 1793; 330; 555; 1307; 1768; 812; 1235; 1663; 631; 1007; 563; 991; 418; 1514; 285; 1521; 568; 391; 1370; 1301; 1605; 146; 197; 832; 338,25101,2,2024-01-01; 2024-10-21,62394; 71323,133717.0,3,2026-03-29; 2025-05-16; 2025-11-24,Jaipur; Lucknow; Lucknow,0,0.4542,Acquaintance,"Observed interaction between Rahul Verma and Raj Malhotra. Available records include 29 calls, 2 transactions, and 3 meetings. Evidence does not establish a meaningful relationship."
REL00228,P0538,Rahul Singh 52287,P0478,Nikhil Gupta 98850,45,2025-09-12; 2025-08-14; 2026-01-05; 2026-05-07; 2026-02-06; 2025-02-18; 2026-02-08; 2024-09-14; 2025-06-20; 2026-08-17; 2025-02-21; 2024-06-19; 2025-05-30; 2026-05-28; 2025-05-26; 2024-05-09; 2026-04-04; 2024-02-07; 2024-07-30; 2024-03-16; 2025-09-06; 2025-01-11; 2026-05-12; 2024-11-01; 2024-04-28; 2025-09-10; 2026-07-14; 2025-02-26; 2025-01-26; 2025-01-19; 2024-11-02; 2025-01-17; 2024-01-25; 2024-11-18; 2025-05-13; 2024-07-22; 2026-02-07; 2024-01-17; 2024-08-08; 2025-03-21; 2026-03-04; 2025-10-15; 2026-02-07; 2024-05-30; 2025-04-05,2538; 3357; 3227; 3188; 692; 2778; 3371; 1356; 1743; 1121; 702; 187; 1050; 1918; 1155; 2113; 1755; 2030; 3039; 2025; 1641; 958; 2017; 654; 1823; 330; 1125; 716; 2741; 534; 1330; 1652; 337; 1555; 2025; 1703; 2796; 1895; 439; 2570; 1324; 1573; 3483; 2219; 2379,79164,8,2025-05-03; 2024-02-11; 2026-08-14; 2026-06-08; 2026-05-17; 2025-05-05; 2024-03-10; 2024-12-26,96888; 60719; 91354; 142832; 53501; 12898; 36555; 48257,543004.0,8,2026-02-01; 2025-12-29; 2025-07-29; 2024-10-03; 2024-03-02; 2024-01-26; 2025-06-05; 2024-08-11,Lucknow; Meerut; Delhi; Chandigarh; Jaipur; Meerut; Agra; Chandigarh,1,0.8298,Acquaintance,Relationship evidence between Rahul Singh 52287 and Nikhil Gupta 98850. Phone records show 45 calls. Transaction records show 8 transactions. Meeting records show 8 meetings.
REL00229,P0335,Pooja Verma 73221,P0292,Nisha Khanna 23227,6,2026-02-20; 2025-06-10; 2024-02-07; 2025-11-13; 2026-03-09; 2025-07-15,3104; 3187; 2439; 2192; 395; 748,12065,2,2026-08-13; 2026-04-24,109070; 96547,205617.0,4,2025-11-07; 2026-01-01; 2025-03-26; 2026-01-19,Faridabad; Gurugram; Gurugram; Ghaziabad,0,0.2326,Colleague,"Observed interaction between Pooja Verma 73221 and Nisha Khanna 23227. Available records include 6 calls, 2 transactions, and 4 meetings. Evidence does not establish a meaningful relationship."
REL00230,P0394,Raj Yadav 5483,P0283,Yash Bansal 88919,1,2024-11-06,32,32,0,,,0.0,0,,,0,0.3342,Known Associate,"Observed interaction between Raj Yadav 5483 and Yash Bansal 88919. Available records include 1 calls, 0 transactions, and 0 meetings. Evidence does not establish a meaningful relationship."
REL00231,P0200,Vivaan Malhotra 47060,P0429,Aarav Verma 84986,11,2025-08-04; 2024-09-18; 2026-07-27; 2024-08-03; 2024-01-01; 2024-03-08; 2024-06-16; 2026-05-29; 2024-02-08; 2024-09-28; 2026-01-14,2096; 3343; 390; 1017; 2038; 798; 2875; 2141; 587; 447; 2861,18593,7,2025-04-15; 2026-04-11; 2026-07-09; 2024-12-16; 2025-09-23; 2026-01-15; 2025-01-16,232978; 132926; 77655; 161268; 156425; 153635; 243090,1157977.0,2,2026-07-11; 2026-04-13,Meerut; Meerut,0,0.3843,Acquaintance,"Observed interaction between Vivaan Malhotra 47060 and Aarav Verma 84986. Available records include 11 calls, 7 transactions, and 2 meetings. Evidence does not establish a meaningful relationship."
REL00232,P0533,Vivaan Singh 24005,P0286,Ravi Khan,29,2025-05-09; 2024-10-05; 2024-12-02; 2026-08-20; 2025-06-05; 2024-11-03; 2025-05-25; 2026-01-11; 2025-02-18; 2024-02-22; 2025-08-28; 2024-11-03; 2026-03-31; 2026-06-02; 2024-09-20; 2024-04-19; 2026-04-23; 2024-05-31; 2025-07-22; 2024-08-16; 2026-05-14; 2026-03-13; 2024-08-12; 2026-06-20; 2024-09-11; 2025-04-20; 2026-07-15; 2024-06-05; 2026-08-06,261; 1488; 1170; 1095; 803; 905; 1580; 878; 918; 1220; 738; 672; 226; 556; 392; 1336; 1045; 1417; 195; 1647; 702; 176; 952; 891; 1729; 945; 375; 908; 1029,26249,4,2024-02-01; 2024-12-07; 2026-08-18; 2025-01-14,17496; 42371; 32891; 65769,158527.0,2,2026-06-19; 2025-05-18,Jaipur; Agra,0,0.2749,Colleague,"Observed interaction between Vivaan Singh 24005 and Ravi Khan. Available records include 29 calls, 4 transactions, and 2 meetings. Evidence does not establish a meaningful relationship."
REL00233,P0441,Arjun Agarwal,P0241,Riya Chauhan,12,2024-11-30; 2025-08-30; 2025-01-20; 2026-05-23; 2024-03-25; 2024-04-13; 2024-03-25; 2024-03-25; 2026-03-26; 2026-01-25; 2024-01-09; 2024-06-02,1166; 937; 1068; 249; 1685; 1714; 1488; 1387; 371; 165; 64; 1025,11319,3,2024-06-30; 2024-02-03; 2024-05-16,40197; 50072; 48825,139094.0,3,2025-11-13; 2025-08-08; 2024-03-30,Delhi; Gurugram; Faridabad,0,0.3155,Acquaintance,"Observed interaction between Arjun Agarwal and Riya Chauhan. Available records include 12 calls, 3 transactions, and 3 meetings. Evidence does not establish a meaningful relationship."
REL00234,P0040,Nisha Patel,P0597,Anjali Chauhan 88907,6,2026-04-23; 2025-05-17; 2024-04-20; 2024-09-30; 2025-08-30; 2024-10-25,1320; 1773; 1137; 206; 1763; 1314,7513,1,2024-10-18,20168,20168.0,2,2024-03-07; 2025-04-18,Agra; Faridabad,0,0.2551,Colleague,"Observed interaction between Nisha Patel and Anjali Chauhan 88907. Available records include 6 calls, 1 transactions, and 2 meetings. Evidence does not establish a meaningful relationship."
REL00235,P0528,Abhishek Singh 48450,P0099,Arjun Patel,24,2025-02-06; 2026-05-22; 2024-12-12; 2025-11-11; 2024-06-15; 2025-12-12; 2025-04-29; 2026-04-09; 2025-04-08; 2025-01-02; 2025-06-05; 2024-11-09; 2024-10-27; 2025-10-31; 2025-12-23; 2026-04-14; 2025-02-14; 2025-03-04; 2026-04-06; 2026-08-10; 2024-08-28; 2026-03-24; 2026-05-17; 2024-11-12,2848; 1457; 982; 1105; 2009; 729; 3000; 755; 270; 445; 360; 2527; 602; 724; 561; 1958; 636; 731; 3080; 420; 1277; 3275; 1482; 2936,34169,4,2024-11-23; 2025-08-16; 2024-09-01; 2026-01-05,136247; 124120; 117447; 42143,419957.0,6,2026-08-10; 2025-10-21; 2025-11-15; 2026-08-23; 2025-11-18; 2025-07-19,Agra; Faridabad; Ghaziabad; Chandigarh; Delhi; Meerut,0,0.2548,Business Contact,"Observed interaction between Abhishek Singh 48450 and Arjun Patel. Available records include 24 calls, 4 transactions, and 6 meetings. Evidence does not establish a meaningful relationship."
REL00236,P0197,Divya Khan,P0354,Priya Sharma,15,2026-05-23; 2026-04-02; 2024-09-15; 2025-02-02; 2024-07-10; 2026-04-12; 2025-05-24; 2025-04-19; 2025-11-05; 2025-02-11; 2026-03-13; 2025-12-27; 2026-06-02; 2024-11-27; 2025-04-05,664; 3461; 1459; 3172; 3017; 1849; 2816; 1409; 3198; 2440; 2986; 873; 150; 3328; 792,31614,3,2024-09-13; 2025-03-01; 2024-04-05,137636; 239512; 97701,474849.0,8,2024-05-31; 2024-02-13; 2026-06-24; 2024-05-23; 2024-09-02; 2025-06-09; 2025-09-10; 2025-05-22,Faridabad; Ghaziabad; Gurugram; Jaipur; Delhi; Delhi; Meerut; Meerut,1,0.934,Associate,Relationship evidence between Divya Khan and Priya Sharma. Phone records show 15 calls. Transaction records show 3 transactions. Meeting records show 8 meetings.
REL00237,P0382,Rohan Mehta,P0346,Aman Khan,0,,,0,1,2024-07-25,7416,7416.0,2,2024-05-31; 2024-12-06,Lucknow; Faridabad,0,0.1905,Associate,"Observed interaction between Rohan Mehta and Aman Khan. Available records include 0 calls, 1 transactions, and 2 meetings. Evidence does not establish a meaningful relationship."
REL00238,P0542,Pooja Verma 66933,P0202,Pooja Verma,29,2026-02-12; 2025-04-12; 2024-02-15; 2024-10-18; 2024-12-06; 2024-01-19; 2025-02-21; 2025-08-26; 2025-10-04; 2026-03-21; 2024-03-05; 2025-04-30; 2026-04-29; 2026-06-18; 2025-03-03; 2026-08-09; 2025-04-19; 2026-07-25; 2026-06-24; 2025-09-15; 2025-08-08; 2024-08-24; 2026-08-03; 2024-11-18; 2026-05-04; 2025-08-28; 2024-08-16; 2025-04-05; 2024-09-28,1349; 2790; 278; 3465; 1059; 2857; 2493; 1160; 1737; 1206; 137; 2293; 1058; 286; 1028; 3484; 1960; 1098; 1746; 129; 1881; 315; 431; 3406; 3410; 1240; 2312; 3455; 2358,50421,1,2026-08-20,119249,119249.0,4,2024-01-17; 2025-05-28; 2026-06-08; 2026-01-20,Faridabad; Agra; Delhi; Chandigarh,0,0.5461,Acquaintance,"Observed interaction between Pooja Verma 66933 and Pooja Verma. Available records include 29 calls, 1 transactions, and 4 meetings. Evidence does not establish a meaningful relationship."
REL00239,P0219,Abhishek Patel 15203,P0547,Deepak Sharma 15265,22,2025-07-28; 2026-01-13; 2024-12-02; 2024-06-30; 2025-07-12; 2025-11-02; 2024-07-24; 2024-01-15; 2025-12-02; 2025-03-15; 2024-03-22; 2024-12-02; 2025-10-24; 2024-09-08; 2026-08-27; 2025-05-06; 2024-01-22; 2024-04-11; 2024-05-12; 2026-08-11; 2026-02-06; 2026-01-18,588; 406; 1406; 658; 1435; 586; 911; 391; 933; 477; 1553; 395; 800; 259; 1626; 651; 693; 1170; 1476; 1183; 1368; 200,19165,5,2024-03-19; 2024-06-08; 2026-06-13; 2024-05-04; 2026-05-23,2436; 33398; 10648; 37396; 25458,109336.0,1,2024-04-26,Chandigarh,0,0.3181,Colleague,"Observed interaction between Abhishek Patel 15203 and Deepak Sharma 15265. Available records include 22 calls, 5 transactions, and 1 meetings. Evidence does not establish a meaningful relationship."
REL00240,P0513,Amit Khan 60620,P0548,Vikram Sharma,21,2024-12-30; 2026-03-18; 2024-04-04; 2024-12-27; 2024-06-29; 2025-02-01; 2026-04-05; 2024-07-12; 2025-07-12; 2026-08-25; 2024-09-13; 2026-01-12; 2024-01-19; 2026-07-21; 2026-07-24; 2025-09-27; 2026-04-03; 2026-03-23; 2026-02-23; 2024-03-29; 2024-03-05,784; 717; 1521; 776; 2258; 3459; 2944; 2310; 915; 2080; 3221; 2706; 1559; 242; 1513; 1714; 3366; 3219; 1891; 544; 3426,41165,2,2025-06-08; 2026-03-05,222810; 115502,338312.0,4,2024-08-05; 2024-06-20; 2024-07-13; 2025-09-27,Chandigarh; Agra; Noida; Ghaziabad,0,0.4921,Business Contact,"Observed interaction between Amit Khan 60620 and Vikram Sharma. Available records include 21 calls, 2 transactions, and 4 meetings. Evidence does not establish a meaningful relationship."
REL00241,P0507,Karan Bansal 11134,P0571,Yash Bansal 87098,16,2024-07-22; 2026-07-10; 2024-02-12; 2024-02-07; 2025-04-08; 2024-07-11; 2024-01-04; 2025-08-07; 2024-12-29; 2024-01-18; 2025-11-11; 2026-08-14; 2025-01-16; 2025-10-26; 2024-12-12; 2025-03-01,1595; 1775; 75; 705; 1009; 234; 334; 1786; 256; 1277; 1126; 1209; 1629; 298; 1274; 338,14920,2,2025-04-29; 2025-05-21,74559; 74299,148858.0,3,2026-01-13; 2026-02-18; 2024-12-14,Noida; Agra; Delhi,1,0.8094,Known Associate,Relationship evidence between Karan Bansal 11134 and Yash Bansal 87098. Phone records show 16 calls. Transaction records show 2 transactions. Meeting records show 3 meetings.
REL00242,P0325,Aditya Mehta,P0252,Saurabh Agarwal,4,2024-02-09; 2026-05-29; 2024-04-19; 2024-02-26,327; 700; 160; 732,1919,1,2024-09-21,12938,12938.0,1,2024-06-05,Faridabad,0,0.1256,Business Contact,"Observed interaction between Aditya Mehta and Saurabh Agarwal. Available records include 4 calls, 1 transactions, and 1 meetings. Evidence does not establish a meaningful relationship."
REL00243,P0422,Raj Bansal,P0077,Amit Kumar,35,2024-11-11; 2026-01-26; 2024-11-03; 2025-02-20; 2024-01-24; 2024-01-27; 2024-10-18; 2024-12-01; 2024-07-08; 2025-12-29; 2024-04-05; 2026-06-09; 2024-05-20; 2026-08-11; 2025-06-21; 2025-09-09; 2025-09-05; 2026-05-22; 2024-04-12; 2025-01-06; 2024-04-26; 2024-04-07; 2024-09-27; 2026-02-25; 2024-12-07; 2024-11-21; 2026-06-28; 2024-05-06; 2024-07-06; 2025-08-13; 2024-08-05; 2025-08-19; 2026-03-30; 2024-03-21; 2024-08-25,321; 1252; 1395; 3566; 3235; 2373; 3211; 2337; 446; 3444; 3039; 2368; 2484; 2948; 2356; 1337; 2382; 2814; 1338; 531; 1773; 3201; 286; 1397; 1841; 500; 2814; 1485; 1222; 3155; 333; 680; 401; 506; 2529,65300,4,2024-01-05; 2024-04-19; 2026-07-01; 2025-05-03,21147; 133004; 222205; 104667,481023.0,5,2025-02-19; 2025-07-08; 2024-04-19; 2024-09-27; 2024-06-11,Agra; Lucknow; Ghaziabad; Noida; Meerut,1,0.7887,Former Partner,Relationship evidence between Raj Bansal and Amit Kumar. Phone records show 35 calls. Transaction records show 4 transactions. Meeting records show 5 meetings.
REL00244,P0583,Rahul Patel,P0107,Rohan Khanna,30,2025-12-26; 2024-05-09; 2024-06-22; 2026-01-25; 2026-04-21; 2026-06-03; 2025-11-29; 2025-06-05; 2024-09-01; 2025-02-21; 2024-01-06; 2025-11-28; 2025-06-19; 2026-06-15; 2024-10-06; 2025-08-13; 2026-03-24; 2026-01-17; 2026-03-05; 2026-05-12; 2024-07-11; 2025-05-19; 2025-07-14; 2024-08-31; 2024-03-01; 2025-03-16; 2024-08-04; 2025-09-19; 2025-11-13; 2025-02-01,454; 1749; 1140; 659; 765; 338; 888; 1269; 902; 1244; 649; 611; 570; 1322; 315; 1507; 920; 582; 1387; 1299; 1079; 62; 294; 890; 1269; 451; 1589; 578; 1475; 322,26579,1,2025-08-13,26164,26164.0,4,2026-04-13; 2025-10-18; 2025-08-17; 2024-05-02,Ghaziabad; Gurugram; Delhi; Ghaziabad,0,0.5494,Acquaintance,"Observed interaction between Rahul Patel and Rohan Khanna. Available records include 30 calls, 1 transactions, and 4 meetings. Evidence does not establish a meaningful relationship."
REL00245,P0048,Manish Singh,P0074,Deepak Pandey,17,2025-08-11; 2024-01-03; 2025-10-29; 2024-08-03; 2026-01-04; 2024-04-23; 2026-04-29; 2025-12-13; 2024-01-15; 2025-02-27; 2024-04-19; 2024-12-15; 2024-07-30; 2025-04-02; 2024-05-27; 2024-05-30; 2026-01-11,2774; 3337; 624; 1630; 1451; 1803; 1671; 2821; 2245; 2906; 1246; 1936; 2836; 945; 2721; 717; 966,32629,3,2025-02-02; 2024-12-27; 2024-07-11,238052; 184550; 234949,657551.0,2,2026-08-27; 2025-11-09,Ghaziabad; Chandigarh,0,0.3711,Business Contact,"Observed interaction between Manish Singh and Deepak Pandey. Available records include 17 calls, 3 transactions, and 2 meetings. Evidence does not establish a meaningful relationship."
REL00246,P0281,Shreya Verma 12452,P0448,Aditya Malhotra,13,2024-03-03; 2026-03-11; 2026-06-29; 2026-05-03; 2024-03-02; 2026-02-05; 2025-04-14; 2025-06-20; 2024-10-23; 2024-07-27; 2025-02-27; 2024-04-23; 2026-06-21,1296; 696; 1280; 1264; 845; 1865; 3270; 176; 2058; 3338; 3243; 2289; 387,22007,1,2025-08-23,129125,129125.0,4,2024-12-22; 2024-11-06; 2025-10-21; 2024-08-17,Chandigarh; Ghaziabad; Faridabad; Chandigarh,0,0.5372,Business Contact,"Observed interaction between Shreya Verma 12452 and Aditya Malhotra. Available records include 13 calls, 1 transactions, and 4 meetings. Evidence does not establish a meaningful relationship."
REL00247,P0277,Sneha Chauhan,P0165,Divya Chauhan 55995,12,2025-10-22; 2025-05-12; 2025-01-28; 2024-08-12; 2026-08-29; 2025-07-18; 2025-06-05; 2025-10-19; 2026-08-14; 2024-05-28; 2024-04-22; 2024-10-01,1537; 819; 1129; 581; 1472; 262; 616; 1408; 1117; 1697; 695; 1588,12921,8,2025-02-17; 2024-01-21; 2024-03-05; 2025-08-03; 2026-06-25; 2024-04-19; 2024-09-04; 2026-07-09,39068; 35043; 34020; 74870; 71457; 25979; 67147; 71248,418832.0,2,2024-01-04; 2024-06-01,Delhi; Meerut,0,0.469,Business Contact,"Observed interaction between Sneha Chauhan and Divya Chauhan 55995. Available records include 12 calls, 8 transactions, and 2 meetings. Evidence does not establish a meaningful relationship."
REL00248,P0568,Anjali Gupta,P0430,Pooja Patel 72359,14,2024-07-17; 2024-07-10; 2024-04-21; 2026-01-20; 2024-11-09; 2026-01-08; 2026-02-21; 2025-03-11; 2024-09-14; 2025-12-13; 2026-04-03; 2024-10-05; 2025-08-23; 2024-07-23,1347; 883; 1431; 1784; 1292; 1217; 1215; 790; 256; 838; 1026; 1339; 461; 561,14440,0,,,0.0,4,2024-11-28; 2024-02-16; 2026-05-28; 2024-12-10,Meerut; Chandigarh; Ghaziabad; Lucknow,1,0.66,Former Partner,Relationship evidence between Anjali Gupta and Pooja Patel 72359. Phone records show 14 calls. Transaction records show 0 transactions. Meeting records show 4 meetings.
REL00249,P0234,Aman Singh,P0442,Nikhil Malhotra 28420,0,,,0,2,2024-04-15; 2025-08-01,4989; 8079,13068.0,0,,,0,0.1497,Former Partner,"Observed interaction between Aman Singh and Nikhil Malhotra 28420. Available records include 0 calls, 2 transactions, and 0 meetings. Evidence does not establish a meaningful relationship."
REL00250,P0045,Anjali Sharma,P0210,Karan Pandey,3,2024-03-15; 2024-04-15; 2025-11-28,581; 471; 755,1807,2,2024-05-18; 2024-08-14,24683; 7529,32212.0,2,2024-08-11; 2025-01-14,Noida; Delhi,0,0.0972,Known Associate,"Observed interaction between Anjali Sharma and Karan Pandey. Available records include 3 calls, 2 transactions, and 2 meetings. Evidence does not establish a meaningful relationship."
REL00251,P0419,Vikram Malhotra 25972,P0124,Sneha Yadav 57433,18,2024-12-14; 2026-08-03; 2024-08-30; 2025-09-18; 2024-05-01; 2024-04-05; 2026-04-04; 2024-09-13; 2026-03-21; 2025-09-04; 2025-07-03; 2026-02-03; 2025-10-06; 2026-08-18; 2026-02-18; 2024-09-03; 2024-02-15; 2025-05-02,1471; 627; 1168; 402; 1406; 1611; 1485; 1552; 73; 1784; 1062; 1733; 503; 1689; 903; 737; 264; 241,18711,1,2025-05-30,32058,32058.0,1,2026-08-05,Agra,1,0.6416,Business Contact,Relationship evidence between Vikram Malhotra 25972 and Sneha Yadav 57433. Phone records show 18 calls. Transaction records show 1 transactions. Meeting records show 1 meetings.
REL00252,P0438,Shreya Yadav,P0358,Deepak Gupta 65326,29,2026-01-26; 2024-04-09; 2025-10-04; 2025-08-08; 2024-01-22; 2025-11-14; 2024-10-08; 2024-07-16; 2024-06-25; 2026-04-22; 2024-06-09; 2024-08-27; 2026-01-25; 2024-02-16; 2026-01-20; 2024-07-02; 2024-07-19; 2026-04-27; 2024-08-02; 2024-07-21; 2024-05-15; 2024-10-29; 2025-04-16; 2024-03-03; 2025-11-08; 2025-04-05; 2024-08-19; 2025-09-25; 2024-05-17,124; 301; 1546; 1542; 478; 810; 1344; 1609; 1618; 673; 1769; 1466; 944; 375; 1468; 189; 1767; 385; 1030; 834; 75; 410; 827; 131; 1151; 418; 1461; 1786; 920,27451,8,2024-04-21; 2024-03-27; 2026-02-21; 2024-06-10; 2024-08-04; 2024-03-15; 2024-06-06; 2025-03-01,16213; 58966; 32049; 23782; 36883; 70191; 74744; 71581,384409.0,5,2026-08-30; 2026-07-11; 2026-08-12; 2025-08-28; 2026-07-09,Agra; Meerut; Chandigarh; Gurugram; Agra,0,0.3865,Business Contact,"Observed interaction between Shreya Yadav and Deepak Gupta 65326. Available records include 29 calls, 8 transactions, and 5 meetings. Evidence does not establish a meaningful relationship."
REL00253,P0581,Aditya Patel 91545,P0221,Divya Verma 65032,3,2026-05-06; 2026-03-24; 2025-03-31,305; 343; 286,934,0,,,0.0,2,2025-09-12; 2024-08-07,Delhi; Ghaziabad,0,0.148,Known Associate,"Observed interaction between Aditya Patel 91545 and Divya Verma 65032. Available records include 3 calls, 0 transactions, and 2 meetings. Evidence does not establish a meaningful relationship."
REL00254,P0385,Aarav Verma,P0549,Shreya Bansal 88955,0,,,0,2,2026-03-26; 2025-12-12,4654; 2262,6916.0,0,,,0,0.0881,Known Associate,"Observed interaction between Aarav Verma and Shreya Bansal 88955. Available records include 0 calls, 2 transactions, and 0 meetings. Evidence does not establish a meaningful relationship."
REL00255,P0547,Deepak Sharma 15265,P0116,Ravi Patel,3,2025-08-17; 2025-12-30; 2026-01-25,856; 158; 74,1088,1,2025-06-14,6391,6391.0,2,2025-07-05; 2026-06-15,Ghaziabad; Gurugram,0,0.0918,Former Partner,"Observed interaction between Deepak Sharma 15265 and Ravi Patel. Available records include 3 calls, 1 transactions, and 2 meetings. Evidence does not establish a meaningful relationship."
REL00256,P0052,Nisha Pandey,P0521,Deepak Yadav,22,2025-06-21; 2025-07-04; 2024-04-05; 2024-09-22; 2024-09-24; 2024-12-06; 2025-07-16; 2024-05-19; 2026-04-27; 2024-07-01; 2024-02-15; 2025-03-13; 2025-05-17; 2026-05-20; 2026-05-08; 2024-07-29; 2024-05-23; 2026-04-02; 2026-03-19; 2024-08-13; 2025-12-16; 2025-10-13,243; 1120; 362; 1339; 965; 206; 924; 1536; 1358; 1179; 224; 1570; 1616; 719; 1003; 397; 1455; 625; 1795; 751; 121; 127,19635,2,2026-02-22; 2024-01-12,5581; 5172,10753.0,2,2026-06-02; 2026-04-09,Delhi; Noida,0,0.3129,Colleague,"Observed interaction between Nisha Pandey and Deepak Yadav. Available records include 22 calls, 2 transactions, and 2 meetings. Evidence does not establish a meaningful relationship."
REL00257,P0600,Aarav Verma 46909,P0084,Yash Khanna,24,2024-04-10; 2025-03-25; 2026-03-13; 2026-07-04; 2025-07-05; 2025-10-25; 2025-01-15; 2024-02-28; 2026-03-17; 2025-10-07; 2026-02-05; 2025-09-11; 2024-01-27; 2026-01-06; 2024-06-02; 2024-12-27; 2024-11-16; 2025-01-23; 2025-11-19; 2024-04-27; 2026-03-24; 2026-07-25; 2025-05-31; 2025-10-23,1307; 3202; 1316; 1188; 772; 468; 2355; 3449; 725; 2579; 2856; 2480; 2331; 2072; 1296; 2131; 2259; 3265; 433; 736; 839; 3496; 3246; 1303,46104,10,2025-05-28; 2025-09-28; 2026-03-18; 2024-02-13; 2024-11-17; 2025-01-23; 2025-04-25; 2024-02-11; 2025-06-03; 2025-03-21,132503; 16881; 21572; 167079; 22806; 10732; 183549; 78494; 242205; 74385,950206.0,8,2025-01-21; 2024-12-19; 2025-10-13; 2024-12-15; 2024-03-31; 2025-01-05; 2026-01-11; 2025-06-12,Faridabad; Lucknow; Gurugram; Jaipur; Jaipur; Agra; Noida; Ghaziabad,1,0.845,Associate,Relationship evidence between Aarav Verma 46909 and Yash Khanna. Phone records show 24 calls. Transaction records show 10 transactions. Meeting records show 8 meetings.
REL00258,P0276,Kavya Sharma,P0524,Anjali Malhotra,6,2025-01-09; 2024-11-13; 2026-04-21; 2024-06-23; 2026-03-14; 2025-08-13,404; 767; 62; 585; 751; 60,2629,1,2025-10-02,15893,15893.0,0,,,1,0.4659,Colleague,Relationship evidence between Kavya Sharma and Anjali Malhotra. Phone records show 6 calls. Transaction records show 1 transactions. Meeting records show 0 meetings.
REL00259,P0213,Kavya Chauhan 57985,P0247,Vikram Bansal 80432,24,2026-03-01; 2025-10-01; 2026-03-08; 2025-10-13; 2026-08-19; 2026-05-26; 2026-08-04; 2025-06-22; 2024-07-08; 2024-05-08; 2024-03-07; 2024-03-03; 2024-10-01; 2026-04-01; 2024-02-18; 2026-08-08; 2024-05-05; 2026-06-05; 2025-02-05; 2024-09-15; 2026-05-04; 2025-06-25; 2024-05-07; 2026-06-30,2396; 2287; 3144; 140; 1191; 2682; 3123; 1179; 2756; 846; 2362; 2060; 2161; 1139; 2232; 914; 1668; 3061; 3248; 888; 2284; 2773; 382; 1757,46673,8,2024-10-01; 2024-09-05; 2024-06-07; 2025-11-20; 2024-03-08; 2024-05-24; 2025-12-14; 2025-02-13,172286; 187708; 87372; 200313; 54792; 146766; 159794; 179131,1188162.0,5,2025-11-16; 2025-11-13; 2026-01-18; 2024-11-10; 2025-02-21,Faridabad; Gurugram; Delhi; Ghaziabad; Jaipur,0,0.4648,Business Contact,"Observed interaction between Kavya Chauhan 57985 and Vikram Bansal 80432. Available records include 24 calls, 8 transactions, and 5 meetings. Evidence does not establish a meaningful relationship."
REL00260,P0134,Deepak Mehta 60876,P0378,Sneha Pandey,5,2024-08-07; 2024-04-16; 2024-11-13; 2026-03-07; 2024-09-14,104; 493; 61; 861; 419,1938,2,2024-10-25; 2026-08-26,21197; 13275,34472.0,1,2024-06-09,Meerut,0,0.3317,Acquaintance,"Observed interaction between Deepak Mehta 60876 and Sneha Pandey. Available records include 5 calls, 2 transactions, and 1 meetings. Evidence does not establish a meaningful relationship."
REL00261,P0383,Riya Yadav 14586,P0298,Priya Pandey 79088,10,2025-07-10; 2025-11-30; 2024-07-10; 2024-10-27; 2024-07-15; 2026-06-05; 2026-07-22; 2026-01-16; 2024-01-24; 2025-11-15,466; 2044; 1665; 1380; 1804; 3364; 1266; 1310; 2221; 2478,17998,7,2026-04-14; 2025-06-27; 2025-06-01; 2026-07-27; 2026-07-29; 2024-01-24; 2026-03-01,69209; 201569; 38564; 106566; 73292; 155775; 192820,837795.0,2,2025-05-27; 2025-06-15,Gurugram; Faridabad,0,0.316,Colleague,"Observed interaction between Riya Yadav 14586 and Priya Pandey 79088. Available records include 10 calls, 7 transactions, and 2 meetings. Evidence does not establish a meaningful relationship."
REL00262,P0138,Nikhil Gupta,P0477,Arjun Khanna,27,2024-10-23; 2025-12-04; 2025-10-16; 2024-02-28; 2026-05-23; 2024-10-25; 2024-09-01; 2024-07-28; 2026-07-27; 2024-08-09; 2024-08-01; 2026-02-22; 2026-04-23; 2024-12-29; 2024-07-17; 2026-04-28; 2025-06-22; 2024-09-20; 2025-08-24; 2024-11-18; 2026-06-23; 2025-12-26; 2024-05-05; 2025-02-08; 2026-01-15; 2024-08-15; 2026-04-06,699; 3421; 538; 488; 507; 3033; 2577; 1982; 2275; 2030; 3074; 3345; 626; 2349; 317; 2604; 933; 1107; 2550; 494; 2704; 2900; 930; 2137; 1007; 671; 1778,47076,1,2025-10-21,94677,94677.0,6,2024-08-19; 2024-02-10; 2026-06-22; 2025-02-20; 2026-05-25; 2024-02-05,Noida; Noida; Agra; Lucknow; Chandigarh; Meerut,0,0.547,Business Contact,"Observed interaction between Nikhil Gupta and Arjun Khanna. Available records include 27 calls, 1 transactions, and 6 meetings. Evidence does not establish a meaningful relationship."
REL00263,P0098,Yash Khan,P0473,Shreya Chauhan 2816,7,2024-01-11; 2026-07-22; 2024-07-08; 2024-08-01; 2026-04-20; 2024-01-28; 2026-04-10,50; 620; 129; 362; 817; 444; 134,2556,2,2025-07-16; 2024-05-10,20068; 17666,37734.0,0,,,1,0.7273,Former Partner,Relationship evidence between Yash Khan and Shreya Chauhan 2816. Phone records show 7 calls. Transaction records show 2 transactions. Meeting records show 0 meetings.
REL00264,P0251,Sahil Singh,P0387,Aarav Khan,3,2025-05-24; 2024-09-27; 2026-01-16,310; 862; 630,1802,2,2024-05-02; 2026-01-12,14115; 600,14715.0,2,2026-06-22; 2025-09-27,Ghaziabad; Jaipur,0,0.1351,Business Contact,"Observed interaction between Sahil Singh and Aarav Khan. Available records include 3 calls, 2 transactions, and 2 meetings. Evidence does not establish a meaningful relationship."
REL00265,P0355,Deepak Patel 32755,P0138,Nikhil Gupta,7,2026-06-10; 2025-06-22; 2025-10-16; 2026-03-01; 2025-08-11; 2024-10-20; 2024-04-21,1164; 658; 522; 533; 873; 1145; 1037,5932,5,2024-12-17; 2026-05-08; 2024-01-28; 2025-08-23; 2024-05-22,55382; 27520; 24360; 22667; 30257,160186.0,5,2025-09-13; 2025-09-08; 2025-06-01; 2024-05-31; 2024-03-16,Ghaziabad; Chandigarh; Faridabad; Meerut; Meerut,0,0.3464,Business Contact,"Observed interaction between Deepak Patel 32755 and Nikhil Gupta. Available records include 7 calls, 5 transactions, and 5 meetings. Evidence does not establish a meaningful relationship."
REL00266,P0095,Sneha Verma,P0262,Shreya Malhotra 90290,5,2024-10-28; 2024-05-13; 2025-06-16; 2025-07-02; 2025-02-21,785; 63; 869; 395; 665,2777,2,2024-01-22; 2026-03-07,11558; 8287,19845.0,2,2025-05-19; 2026-08-16,Jaipur; Jaipur,0,0.158,Associate,"Observed interaction between Sneha Verma and Shreya Malhotra 90290. Available records include 5 calls, 2 transactions, and 2 meetings. Evidence does not establish a meaningful relationship."
REL00267,P0048,Manish Singh,P0532,Kavya Malhotra 99820,8,2026-03-10; 2026-05-16; 2024-01-19; 2026-08-19; 2024-02-13; 2026-08-24; 2024-07-16; 2026-06-14,173; 1125; 476; 799; 859; 874; 1304; 241,5851,2,2026-04-17; 2026-06-11,5574; 52631,58205.0,6,2024-06-06; 2025-12-02; 2025-04-11; 2024-03-15; 2024-11-24; 2026-08-20,Ghaziabad; Noida; Gurugram; Ghaziabad; Faridabad; Meerut,0,0.3245,Colleague,"Observed interaction between Manish Singh and Kavya Malhotra 99820. Available records include 8 calls, 2 transactions, and 6 meetings. Evidence does not establish a meaningful relationship."
REL00268,P0441,Arjun Agarwal,P0522,Deepak Bansal 95582,23,2024-04-21; 2025-05-12; 2025-10-03; 2026-05-17; 2025-05-11; 2025-03-10; 2026-02-20; 2025-07-28; 2025-10-21; 2026-07-13; 2024-05-26; 2025-09-28; 2024-08-03; 2025-06-21; 2026-05-01; 2024-09-27; 2024-10-24; 2026-02-06; 2024-02-11; 2024-04-28; 2024-09-04; 2024-11-07; 2026-07-06,2391; 140; 3371; 2281; 1952; 3315; 914; 1523; 1342; 1092; 2073; 2852; 2373; 3137; 2285; 679; 1788; 308; 988; 1077; 2762; 1653; 2637,42933,9,2026-01-11; 2024-05-07; 2024-02-24; 2024-04-14; 2025-11-14; 2025-01-14; 2025-04-07; 2025-12-08; 2025-12-11,14732; 168775; 225549; 22449; 143011; 106532; 157970; 162264; 195479,1196761.0,6,2024-03-07; 2026-04-02; 2024-10-23; 2024-10-19; 2025-08-10; 2024-07-05,Delhi; Chandigarh; Faridabad; Agra; Gurugram; Jaipur,1,0.9239,Former Partner,Relationship evidence between Arjun Agarwal and Deepak Bansal 95582. Phone records show 23 calls. Transaction records show 9 transactions. Meeting records show 6 meetings.
REL00269,P0587,Abhishek Bansal 29880,P0431,Abhishek Agarwal 75544,16,2026-04-30; 2025-07-19; 2025-10-19; 2025-09-11; 2026-02-16; 2025-09-06; 2026-02-02; 2026-01-17; 2025-11-23; 2025-11-25; 2026-02-18; 2026-05-24; 2025-04-12; 2024-04-01; 2026-06-29; 2025-06-18,665; 357; 1156; 1664; 809; 1246; 846; 1364; 1224; 568; 360; 736; 1217; 270; 662; 103,13247,5,2026-03-01; 2025-05-27; 2026-06-27; 2024-11-13; 2025-08-06,27487; 24953; 26952; 16202; 26242,121836.0,3,2026-05-09; 2026-03-10; 2026-04-06,Ghaziabad; Faridabad; Gurugram,1,0.8062,Former Partner,Relationship evidence between Abhishek Bansal 29880 and Abhishek Agarwal 75544. Phone records show 16 calls. Transaction records show 5 transactions. Meeting records show 3 meetings.
REL00270,P0441,Arjun Agarwal,P0414,Shreya Sharma,4,2025-09-29; 2025-12-17; 2024-01-24; 2025-07-25,504; 178; 427; 675,1784,0,,,0.0,1,2024-04-30,Chandigarh,0,0.2697,Former Partner,"Observed interaction between Arjun Agarwal and Shreya Sharma. Available records include 4 calls, 0 transactions, and 1 meetings. Evidence does not establish a meaningful relationship."
REL00271,P0032,Deepak Khan,P0453,Vikram Yadav 96722,25,2026-08-23; 2026-01-11; 2024-08-21; 2025-06-16; 2025-09-13; 2024-08-13; 2024-11-29; 2025-11-17; 2025-11-09; 2025-09-08; 2026-07-18; 2025-01-05; 2025-10-27; 2024-09-06; 2026-07-09; 2026-08-30; 2025-06-16; 2024-05-21; 2025-11-04; 2026-07-07; 2025-07-28; 2026-02-14; 2024-01-18; 2026-05-06; 2026-04-18,1286; 3511; 132; 1531; 1789; 2838; 602; 703; 2967; 2439; 2618; 1898; 1518; 242; 2369; 3415; 3597; 3331; 723; 1783; 2538; 3245; 1589; 2350; 2891,51905,7,2024-05-30; 2025-03-20; 2025-11-07; 2024-09-29; 2024-04-05; 2026-03-13; 2025-07-17,110252; 160185; 109168; 100365; 116672; 175243; 29085,800970.0,6,2026-08-03; 2026-04-29; 2024-08-09; 2024-01-16; 2025-07-29; 2025-05-08,Jaipur; Noida; Gurugram; Ghaziabad; Lucknow; Meerut,1,0.8814,Colleague,Relationship evidence between Deepak Khan and Vikram Yadav 96722. Phone records show 25 calls. Transaction records show 7 transactions. Meeting records show 6 meetings.
REL00272,P0124,Sneha Yadav 57433,P0258,Saurabh Mehta,29,2024-06-01; 2024-09-03; 2025-08-24; 2026-03-26; 2026-03-02; 2024-11-14; 2026-05-20; 2025-06-05; 2024-10-05; 2025-10-03; 2026-07-09; 2024-02-11; 2026-05-25; 2024-01-31; 2026-05-02; 2024-06-17; 2025-05-04; 2026-02-09; 2024-08-17; 2024-01-02; 2024-01-07; 2025-11-14; 2026-05-22; 2025-06-10; 2025-03-20; 2025-09-06; 2025-02-04; 2026-07-18; 2026-06-25,1714; 376; 345; 598; 3534; 3246; 1705; 2183; 947; 427; 452; 2857; 911; 3455; 2626; 1491; 3493; 3492; 224; 316; 391; 1656; 2281; 349; 2627; 2775; 1263; 448; 1320,47502,9,2025-10-06; 2025-09-13; 2024-03-15; 2026-05-28; 2026-01-25; 2024-11-25; 2024-02-25; 2025-04-09; 2025-02-21,212808; 56449; 236203; 175029; 146788; 61353; 238547; 162689; 126212,1416078.0,6,2025-10-19; 2025-02-25; 2025-10-04; 2024-05-27; 2024-02-21; 2026-01-17,Meerut; Ghaziabad; Faridabad; Faridabad; Delhi; Chandigarh,1,0.8513,Colleague,Relationship evidence between Sneha Yadav 57433 and Saurabh Mehta. Phone records show 29 calls. Transaction records show 9 transactions. Meeting records show 6 meetings.
REL00273,P0289,Arjun Verma,P0401,Sneha Mehta,0,,,0,2,2026-06-25; 2024-05-23,24290; 13712,38002.0,1,2026-02-20,Jaipur,0,0.2383,Colleague,"Observed interaction between Arjun Verma and Sneha Mehta. Available records include 0 calls, 2 transactions, and 1 meetings. Evidence does not establish a meaningful relationship."
REL00274,P0141,Vikram Kumar,P0353,Yash Verma,9,2026-01-12; 2025-10-02; 2026-04-25; 2025-04-30; 2026-08-02; 2025-01-28; 2026-08-03; 2024-02-18; 2024-06-13,598; 736; 636; 88; 807; 816; 289; 43; 426,4439,0,,,0.0,3,2026-08-17; 2025-06-20; 2025-11-21,Lucknow; Faridabad; Noida,1,0.7411,Associate,Relationship evidence between Vikram Kumar and Yash Verma. Phone records show 9 calls. Transaction records show 0 transactions. Meeting records show 3 meetings.
REL00275,P0204,Kavya Kumar,P0208,Priya Bansal,4,2026-08-11; 2024-11-17; 2025-01-01; 2026-01-02,195; 227; 373; 430,1225,0,,,0.0,1,2024-04-21,Chandigarh,1,0.6134,Known Associate,Relationship evidence between Kavya Kumar and Priya Bansal. Phone records show 4 calls. Transaction records show 0 transactions. Meeting records show 1 meetings.
REL00276,P0082,Akash Singh,P0476,Rohan Mehta 34133,11,2025-09-09; 2024-06-16; 2024-01-01; 2025-01-23; 2024-04-25; 2024-08-12; 2026-02-07; 2025-03-08; 2024-08-31; 2026-04-24; 2025-06-09,1431; 710; 331; 1017; 1075; 1178; 1234; 766; 830; 308; 449,9329,3,2024-08-11; 2025-04-03; 2024-03-17,73458; 40892; 42251,156601.0,6,2024-09-27; 2025-08-29; 2024-02-20; 2026-01-13; 2024-06-21; 2026-06-04,Agra; Meerut; Delhi; Gurugram; Jaipur; Faridabad,0,0.3786,Business Contact,"Observed interaction between Akash Singh and Rohan Mehta 34133. Available records include 11 calls, 3 transactions, and 6 meetings. Evidence does not establish a meaningful relationship."
REL00277,P0097,Nisha Gupta,P0442,Nikhil Malhotra 28420,2,2025-04-07; 2024-07-28,718; 276,994,0,,,0.0,0,,,0,0.2929,Business Contact,"Observed interaction between Nisha Gupta and Nikhil Malhotra 28420. Available records include 2 calls, 0 transactions, and 0 meetings. Evidence does not establish a meaningful relationship."
REL00278,P0408,Karan Gupta 8892,P0482,Rahul Yadav 95421,0,,,0,0,,,0.0,1,2026-01-28,Chandigarh,0,0.2369,Former Partner,"Observed interaction between Karan Gupta 8892 and Rahul Yadav 95421. Available records include 0 calls, 0 transactions, and 1 meetings. Evidence does not establish a meaningful relationship."
REL00279,P0175,Aarav Agarwal,P0192,Anjali Singh,1,2026-06-18,523,523,0,,,0.0,0,,,1,0.7183,Associate,Relationship evidence between Aarav Agarwal and Anjali Singh. Phone records show 1 calls. Transaction records show 0 transactions. Meeting records show 0 meetings.
REL00280,P0550,Arjun Mehta,P0187,Karan Khan,5,2025-06-15; 2026-08-10; 2025-03-05; 2024-06-24; 2025-08-09,579; 368; 772; 869; 523,3111,0,,,0.0,1,2026-03-14,Agra,0,0.1589,Associate,"Observed interaction between Arjun Mehta and Karan Khan. Available records include 5 calls, 0 transactions, and 1 meetings. Evidence does not establish a meaningful relationship."
REL00281,P0437,Sneha Mehta 95159,P0238,Aman Khanna,1,2024-06-30,576,576,0,,,0.0,2,2025-11-28; 2024-11-22,Jaipur; Delhi,0,0.1251,Former Partner,"Observed interaction between Sneha Mehta 95159 and Aman Khanna. Available records include 1 calls, 0 transactions, and 2 meetings. Evidence does not establish a meaningful relationship."
REL00282,P0587,Abhishek Bansal 29880,P0461,Aditya Mehta 76690,0,,,0,1,2025-08-25,18345,18345.0,2,2026-01-06; 2025-10-13,Jaipur; Jaipur,0,0.2415,Acquaintance,"Observed interaction between Abhishek Bansal 29880 and Aditya Mehta 76690. Available records include 0 calls, 1 transactions, and 2 meetings. Evidence does not establish a meaningful relationship."
REL00283,P0122,Aditya Patel 78965,P0465,Vivaan Sharma 61690,27,2026-07-10; 2025-02-18; 2025-06-14; 2026-03-09; 2026-04-06; 2024-05-30; 2026-05-30; 2026-03-22; 2024-01-16; 2025-01-08; 2026-02-21; 2024-01-03; 2025-01-20; 2025-07-07; 2024-05-27; 2024-03-27; 2025-11-05; 2026-05-10; 2024-06-24; 2024-07-03; 2024-08-17; 2025-10-06; 2024-12-23; 2024-12-01; 2025-11-21; 2024-06-12; 2024-03-29,1731; 2900; 2821; 1619; 180; 3303; 1492; 2328; 1952; 549; 2932; 1205; 1778; 2452; 735; 3120; 418; 2261; 2787; 3274; 833; 417; 2457; 688; 1460; 2445; 1749,49886,1,2025-04-12,207909,207909.0,4,2025-08-31; 2024-02-10; 2025-07-24; 2025-08-27,Lucknow; Faridabad; Ghaziabad; Jaipur,0,0.4182,Business Contact,"Observed interaction between Aditya Patel 78965 and Vivaan Sharma 61690. Available records include 27 calls, 1 transactions, and 4 meetings. Evidence does not establish a meaningful relationship."
REL00284,P0555,Yash Malhotra 13353,P0296,Saurabh Sharma 90518,5,2026-03-28; 2024-02-04; 2025-09-11; 2025-12-09; 2026-01-17,530; 1416; 1783; 1170; 947,5846,3,2026-01-06; 2025-09-04; 2026-01-03,34869; 68500; 40255,143624.0,2,2025-10-25; 2024-05-13,Faridabad; Agra,0,0.3182,Colleague,"Observed interaction between Yash Malhotra 13353 and Saurabh Sharma 90518. Available records include 5 calls, 3 transactions, and 2 meetings. Evidence does not establish a meaningful relationship."
REL00285,P0525,Divya Bansal 82134,P0567,Rohan Pandey 67265,0,,,0,2,2024-10-17; 2024-12-21,15306; 21014,36320.0,0,,,0,0.1955,Acquaintance,"Observed interaction between Divya Bansal 82134 and Rohan Pandey 67265. Available records include 0 calls, 2 transactions, and 0 meetings. Evidence does not establish a meaningful relationship."
REL00286,P0469,Vivaan Khan 48030,P0037,Saurabh Khanna,40,2026-08-03; 2024-07-02; 2024-08-28; 2026-07-05; 2025-07-11; 2025-02-15; 2025-04-03; 2025-02-03; 2025-05-04; 2024-07-19; 2025-07-06; 2026-02-26; 2025-11-03; 2024-07-10; 2024-01-27; 2026-08-14; 2025-09-22; 2025-04-07; 2024-10-08; 2025-01-24; 2026-03-09; 2024-03-20; 2025-09-20; 2024-03-06; 2026-01-06; 2025-10-04; 2025-11-10; 2025-04-17; 2025-05-21; 2025-09-17; 2025-06-28; 2025-05-19; 2025-01-28; 2025-07-08; 2024-06-02; 2026-05-27; 2025-09-30; 2025-08-11; 2026-07-26; 2025-03-22,2191; 2156; 3063; 3583; 750; 3548; 3536; 650; 1431; 2234; 2482; 923; 2143; 3191; 276; 3358; 2754; 2299; 1423; 2911; 2267; 122; 1752; 2755; 882; 2914; 2680; 3365; 1092; 1630; 332; 2968; 1223; 242; 2837; 1596; 3214; 1718; 1680; 3100,83271,4,2025-09-26; 2024-12-05; 2025-12-03; 2025-04-12,159210; 20044; 18030; 186425,383709.0,4,2024-05-07; 2024-06-20; 2024-10-13; 2026-07-10,Lucknow; Gurugram; Meerut; Meerut,1,0.8117,Acquaintance,Relationship evidence between Vivaan Khan 48030 and Saurabh Khanna. Phone records show 40 calls. Transaction records show 4 transactions. Meeting records show 4 meetings.
REL00287,P0187,Karan Khan,P0537,Vikram Pandey 96249,41,2024-05-23; 2024-12-27; 2026-04-26; 2026-04-14; 2025-09-18; 2024-10-28; 2024-07-09; 2025-10-15; 2024-09-09; 2025-10-11; 2024-05-16; 2025-11-30; 2025-06-29; 2026-01-27; 2025-08-12; 2026-05-17; 2024-10-02; 2026-03-19; 2025-02-04; 2026-04-30; 2026-06-06; 2024-08-15; 2026-06-06; 2026-08-21; 2024-07-18; 2025-07-13; 2026-07-12; 2026-08-03; 2025-08-09; 2026-08-14; 2024-04-15; 2024-12-14; 2025-02-18; 2024-06-17; 2024-09-23; 2024-03-22; 2025-12-01; 2025-11-27; 2026-07-26; 2024-12-01; 2024-07-10,2303; 3239; 1503; 3079; 2099; 848; 1526; 1713; 806; 2477; 823; 1773; 2533; 1027; 2965; 1030; 1526; 2289; 2610; 3321; 2931; 1635; 538; 1035; 2186; 555; 2413; 3030; 1722; 1632; 1618; 225; 2765; 2125; 2245; 1196; 1702; 2408; 1448; 184; 2618,75701,9,2024-11-24; 2026-02-13; 2025-05-14; 2026-03-02; 2025-11-27; 2024-10-21; 2026-04-24; 2024-09-24; 2024-08-17,11992; 60897; 90378; 174659; 173362; 41451; 240096; 187059; 244321,1224215.0,3,2025-06-08; 2026-04-24; 2025-08-13,Noida; Noida; Chandigarh,1,0.8878,Known Associate,Relationship evidence between Karan Khan and Vikram Pandey 96249. Phone records show 41 calls. Transaction records show 9 transactions. Meeting records show 3 meetings.
REL00288,P0169,Kavya Pandey,P0049,Amit Khan,9,2025-08-18; 2024-08-29; 2024-10-02; 2026-03-23; 2024-02-08; 2024-03-29; 2026-05-08; 2025-01-07; 2024-08-03,423; 334; 110; 353; 320; 484; 130; 354; 867,3375,2,2024-12-01; 2024-07-26,4013; 7597,11610.0,2,2026-01-16; 2024-06-26,Meerut; Agra,1,0.7158,Colleague,Relationship evidence between Kavya Pandey and Amit Khan. Phone records show 9 calls. Transaction records show 2 transactions. Meeting records show 2 meetings.
REL00289,P0430,Pooja Patel 72359,P0488,Amit Yadav 82318,6,2024-08-31; 2026-03-28; 2025-03-12; 2025-04-03; 2026-05-21; 2024-11-20,66; 36; 655; 292; 886; 173,2108,2,2025-12-14; 2026-06-04,21580; 4075,25655.0,0,,,0,0.1064,Acquaintance,"Observed interaction between Pooja Patel 72359 and Amit Yadav 82318. Available records include 6 calls, 2 transactions, and 0 meetings. Evidence does not establish a meaningful relationship."
REL00290,P0090,Abhishek Mehta,P0037,Saurabh Khanna,23,2025-09-22; 2025-06-25; 2026-08-28; 2024-05-04; 2025-12-13; 2025-08-28; 2025-06-20; 2025-04-29; 2025-07-28; 2024-03-02; 2025-09-11; 2026-01-20; 2026-05-04; 2024-05-14; 2026-02-14; 2025-05-04; 2024-01-07; 2024-10-05; 2025-01-04; 2024-05-12; 2024-08-28; 2026-05-14; 2025-06-10,2277; 2404; 3261; 1546; 1767; 786; 680; 1475; 2403; 3434; 3435; 3297; 1873; 1824; 359; 1448; 3285; 2510; 2194; 1821; 3365; 3209; 1962,50615,10,2025-07-05; 2025-03-28; 2024-10-13; 2024-11-01; 2026-06-02; 2024-06-20; 2024-05-21; 2025-05-19; 2025-12-24; 2024-12-11,143748; 98417; 204196; 244139; 185456; 83299; 151911; 175720; 99007; 202122,1588015.0,5,2025-08-25; 2025-03-08; 2025-01-07; 2026-03-26; 2026-06-06,Meerut; Agra; Faridabad; Gurugram; Lucknow,1,0.7796,Business Contact,Relationship evidence between Abhishek Mehta and Saurabh Khanna. Phone records show 23 calls. Transaction records show 10 transactions. Meeting records show 5 meetings.
REL00291,P0122,Aditya Patel 78965,P0085,Yash Yadav 31187,3,2024-05-19; 2026-08-12; 2026-05-21,26; 60; 63,149,1,2024-06-08,10554,10554.0,0,,,0,0.1367,Acquaintance,"Observed interaction between Aditya Patel 78965 and Yash Yadav 31187. Available records include 3 calls, 1 transactions, and 0 meetings. Evidence does not establish a meaningful relationship."
REL00292,P0236,Yash Mehta,P0238,Aman Khanna,4,2026-03-29; 2024-11-29; 2026-06-08; 2024-11-20,90; 233; 25; 351,699,0,,,0.0,0,,,1,0.552,Associate,Relationship evidence between Yash Mehta and Aman Khanna. Phone records show 4 calls. Transaction records show 0 transactions. Meeting records show 0 meetings.
REL00293,P0035,Akash Patel,P0535,Nisha Bansal,5,2025-07-22; 2026-01-25; 2024-07-05; 2025-11-29; 2024-04-12,310; 330; 311; 891; 552,2394,2,2025-06-21; 2025-09-23,13052; 13142,26194.0,1,2025-08-23,Agra,0,0.3483,Colleague,"Observed interaction between Akash Patel and Nisha Bansal. Available records include 5 calls, 2 transactions, and 1 meetings. Evidence does not establish a meaningful relationship."
REL00294,P0503,Priya Sharma 4142,P0148,Riya Gupta 17993,6,2025-03-09; 2025-04-04; 2026-07-09; 2025-10-14; 2026-03-18; 2025-03-27,756; 319; 678; 443; 173; 784,3153,2,2024-01-07; 2024-05-12,12502; 17385,29887.0,0,,,0,0.3448,Known Associate,"Observed interaction between Priya Sharma 4142 and Riya Gupta 17993. Available records include 6 calls, 2 transactions, and 0 meetings. Evidence does not establish a meaningful relationship."
REL00295,P0172,Sneha Khan,P0378,Sneha Pandey,11,2025-12-25; 2025-07-10; 2026-04-07; 2026-04-15; 2024-04-18; 2026-01-24; 2024-05-16; 2024-07-13; 2026-05-06; 2024-03-05; 2024-05-09,469; 1302; 353; 1782; 1381; 74; 1343; 684; 1338; 249; 180,9155,2,2025-01-21; 2026-01-26,3063; 13776,16839.0,5,2025-06-16; 2024-09-07; 2025-03-01; 2024-09-25; 2025-05-16,Gurugram; Ghaziabad; Lucknow; Chandigarh; Meerut,0,0.2085,Business Contact,"Observed interaction between Sneha Khan and Sneha Pandey. Available records include 11 calls, 2 transactions, and 5 meetings. Evidence does not establish a meaningful relationship."
REL00296,P0170,Pooja Khanna 65180,P0483,Nisha Patel 11594,21,2026-03-16; 2024-07-04; 2026-07-10; 2024-12-24; 2025-05-06; 2025-04-20; 2024-11-24; 2024-09-23; 2026-02-03; 2025-01-06; 2025-07-29; 2025-10-04; 2024-09-29; 2025-05-10; 2024-05-18; 2025-01-23; 2024-06-07; 2026-06-02; 2025-08-07; 2026-08-22; 2024-02-03,1452; 703; 2653; 489; 2212; 3465; 3296; 2863; 3158; 1977; 1686; 2813; 2388; 1107; 3108; 538; 1727; 337; 2370; 864; 3062,42268,2,2025-03-26; 2024-05-03,179193; 132885,312078.0,6,2024-06-28; 2024-03-05; 2025-04-13; 2025-12-04; 2024-08-08; 2024-07-22,Chandigarh; Ghaziabad; Agra; Agra; Gurugram; Delhi,0,0.314,Business Contact,"Observed interaction between Pooja Khanna 65180 and Nisha Patel 11594. Available records include 21 calls, 2 transactions, and 6 meetings. Evidence does not establish a meaningful relationship."
REL00297,P0177,Vivaan Chauhan,P0159,Aditya Sharma,4,2026-01-28; 2025-02-25; 2026-06-21; 2024-06-24,123; 770; 457; 838,2188,2,2024-11-30; 2025-11-04,19675; 2969,22644.0,0,,,0,0.2277,Former Partner,"Observed interaction between Vivaan Chauhan and Aditya Sharma. Available records include 4 calls, 2 transactions, and 0 meetings. Evidence does not establish a meaningful relationship."
REL00298,P0242,Riya Agarwal,P0567,Rohan Pandey 67265,1,2024-11-28,688,688,0,,,0.0,0,,,0,0.1337,Former Partner,"Observed interaction between Riya Agarwal and Rohan Pandey 67265. Available records include 1 calls, 0 transactions, and 0 meetings. Evidence does not establish a meaningful relationship."
REL00299,P0251,Sahil Singh,P0592,Aditya Yadav,11,2025-03-03; 2024-05-05; 2025-05-15; 2026-01-12; 2025-10-22; 2025-04-19; 2026-01-24; 2026-01-31; 2026-06-22; 2025-05-19; 2024-08-12,781; 3430; 1730; 1307; 1132; 200; 2458; 1482; 1189; 1159; 2485,17353,6,2026-04-10; 2026-03-04; 2025-05-25; 2025-09-17; 2026-01-02; 2026-01-12,40534; 57306; 244165; 127132; 168232; 226234,863603.0,5,2026-05-18; 2026-05-31; 2025-08-19; 2025-03-25; 2024-01-03,Gurugram; Agra; Gurugram; Chandigarh; Noida,0,0.2567,Colleague,"Observed interaction between Sahil Singh and Aditya Yadav. Available records include 11 calls, 6 transactions, and 5 meetings. Evidence does not establish a meaningful relationship."
REL00300,P0340,Neha Kumar,P0253,Yash Bansal 88806,4,2026-07-21; 2025-05-24; 2026-01-06; 2024-04-25,239; 522; 744; 857,2362,1,2024-11-30,5031,5031.0,2,2025-08-16; 2025-07-25,Lucknow; Ghaziabad,0,0.0544,Acquaintance,"Observed interaction between Neha Kumar and Yash Bansal 88806. Available records include 4 calls, 1 transactions, and 2 meetings. Evidence does not establish a meaningful relationship."
REL00301,P0029,Vikram Gupta,P0101,Arjun Kumar,30,2024-07-11; 2024-06-26; 2024-02-08; 2026-06-23; 2024-02-15; 2024-09-28; 2026-02-18; 2025-07-21; 2025-05-15; 2025-09-13; 2026-04-10; 2026-08-20; 2025-12-03; 2026-06-25; 2025-04-21; 2025-06-15; 2025-05-30; 2025-06-02; 2026-06-03; 2025-08-05; 2025-03-24; 2024-12-23; 2025-12-01; 2024-08-03; 2025-12-10; 2026-01-27; 2026-01-09; 2025-12-22; 2026-06-18; 2025-01-16,1426; 1113; 791; 438; 544; 1365; 1155; 867; 184; 1695; 1775; 1597; 1678; 1726; 1634; 142; 473; 95; 629; 678; 543; 854; 1381; 227; 1728; 1232; 1686; 1235; 716; 284,29891,6,2025-04-16; 2024-03-09; 2024-12-21; 2026-05-05; 2026-06-11; 2024-06-15,29531; 14264; 4993; 21557; 23951; 47645,141941.0,4,2025-11-10; 2024-01-25; 2024-04-04; 2024-11-06,Ghaziabad; Chandigarh; Faridabad; Lucknow,0,0.2675,Acquaintance,"Observed interaction between Vikram Gupta and Arjun Kumar. Available records include 30 calls, 6 transactions, and 4 meetings. Evidence does not establish a meaningful relationship."
REL00302,P0202,Pooja Verma,P0006,Shreya Singh,7,2024-08-03; 2025-12-04; 2025-08-30; 2025-05-26; 2024-04-05; 2025-09-15; 2024-04-27,168; 427; 69; 668; 174; 769; 175,2450,1,2024-04-28,7291,7291.0,0,,,1,0.4972,Former Partner,Relationship evidence between Pooja Verma and Shreya Singh. Phone records show 7 calls. Transaction records show 1 transactions. Meeting records show 0 meetings.
REL00303,P0472,Rahul Gupta 14684,P0420,Rohan Malhotra 80864,6,2024-02-24; 2024-04-27; 2025-09-12; 2026-02-28; 2026-02-02; 2025-11-20,111; 138; 135; 411; 432; 127,1354,2,2024-05-12; 2026-07-24,6421; 1871,8292.0,0,,,0,0.0511,Known Associate,"Observed interaction between Rahul Gupta 14684 and Rohan Malhotra 80864. Available records include 6 calls, 2 transactions, and 0 meetings. Evidence does not establish a meaningful relationship."
REL00304,P0033,Karan Gupta,P0458,Vivaan Singh,5,2026-01-30; 2026-08-05; 2025-06-25; 2026-02-17; 2025-03-24,274; 222; 657; 784; 767,2704,1,2024-08-07,1713,1713.0,2,2024-10-27; 2025-08-08,Ghaziabad; Jaipur,0,0.1393,Colleague,"Observed interaction between Karan Gupta and Vivaan Singh. Available records include 5 calls, 1 transactions, and 2 meetings. Evidence does not establish a meaningful relationship."
REL00305,P0214,Aditya Singh,P0550,Arjun Mehta,5,2025-10-28; 2026-06-16; 2025-11-12; 2026-04-10; 2024-11-04,815; 553; 126; 173; 802,2469,0,,,0.0,1,2026-03-14,Faridabad,0,0.0699,Associate,"Observed interaction between Aditya Singh and Arjun Mehta. Available records include 5 calls, 0 transactions, and 1 meetings. Evidence does not establish a meaningful relationship."
REL00306,P0093,Rahul Gupta 92105,P0292,Nisha Khanna 23227,16,2024-05-23; 2026-08-02; 2024-12-11; 2026-05-30; 2024-01-09; 2025-08-13; 2025-11-11; 2024-11-30; 2024-05-17; 2024-06-02; 2025-09-02; 2024-10-20; 2025-01-19; 2024-05-11; 2024-01-18; 2026-05-10,1745; 1271; 456; 1494; 1794; 811; 776; 1537; 839; 1779; 1679; 195; 1719; 1579; 1567; 1401,20642,5,2024-01-02; 2026-04-04; 2026-08-11; 2024-08-07; 2026-01-02,47251; 18803; 67084; 4239; 14736,152113.0,5,2024-08-22; 2025-04-09; 2024-05-01; 2024-05-25; 2024-10-09,Ghaziabad; Jaipur; Meerut; Lucknow; Meerut,1,0.7281,Associate,Relationship evidence between Rahul Gupta 92105 and Nisha Khanna 23227. Phone records show 16 calls. Transaction records show 5 transactions. Meeting records show 5 meetings.
REL00307,P0397,Rahul Yadav 76736,P0315,Raj Singh,1,2026-08-22,96,96,0,,,0.0,1,2026-06-28,Gurugram,0,0.0187,Colleague,"Observed interaction between Rahul Yadav 76736 and Raj Singh. Available records include 1 calls, 0 transactions, and 1 meetings. Evidence does not establish a meaningful relationship."
REL00308,P0494,Aditya Kumar 97806,P0056,Deepak Gupta,8,2024-08-24; 2025-07-24; 2025-05-21; 2024-10-11; 2024-03-02; 2024-06-19; 2025-09-05; 2025-09-26,185; 967; 1532; 1537; 234; 943; 932; 1269,7599,6,2024-01-23; 2025-02-26; 2024-08-21; 2024-05-13; 2024-05-09; 2026-05-30,38883; 71605; 16029; 46877; 43869; 36217,253480.0,5,2026-06-03; 2024-06-11; 2026-04-27; 2026-06-18; 2025-12-01,Delhi; Ghaziabad; Faridabad; Delhi; Ghaziabad,0,0.2205,Colleague,"Observed interaction between Aditya Kumar 97806 and Deepak Gupta. Available records include 8 calls, 6 transactions, and 5 meetings. Evidence does not establish a meaningful relationship."
REL00309,P0018,Neha Singh 52566,P0372,Vikram Malhotra 48723,3,2025-04-07; 2025-01-12; 2025-03-09,825; 335; 657,1817,2,2024-03-07; 2025-01-14,15010; 19837,34847.0,2,2025-11-24; 2026-03-08,Meerut; Meerut,0,0.1069,Known Associate,"Observed interaction between Neha Singh 52566 and Vikram Malhotra 48723. Available records include 3 calls, 2 transactions, and 2 meetings. Evidence does not establish a meaningful relationship."
REL00310,P0177,Vivaan Chauhan,P0253,Yash Bansal 88806,3,2026-05-06; 2026-04-09; 2024-09-14,492; 464; 22,978,0,,,0.0,0,,,0,0.0476,Business Contact,"Observed interaction between Vivaan Chauhan and Yash Bansal 88806. Available records include 3 calls, 0 transactions, and 0 meetings. Evidence does not establish a meaningful relationship."
REL00311,P0569,Deepak Sharma 39999,P0061,Neha Agarwal,6,2024-02-09; 2024-07-31; 2024-01-28; 2026-04-05; 2026-07-22; 2026-01-24,831; 442; 587; 255; 122; 480,2717,2,2025-02-12; 2024-10-09,3448; 16523,19971.0,0,,,0,0.065,Associate,"Observed interaction between Deepak Sharma 39999 and Neha Agarwal. Available records include 6 calls, 2 transactions, and 0 meetings. Evidence does not establish a meaningful relationship."
REL00312,P0529,Aditya Verma,P0044,Ravi Kumar,12,2026-01-14; 2025-11-17; 2025-01-10; 2025-04-03; 2024-04-19; 2024-05-31; 2025-08-29; 2024-02-01; 2026-06-08; 2026-01-07; 2024-04-20; 2024-12-16,3004; 369; 2018; 465; 920; 2202; 293; 1793; 1975; 536; 1129; 340,15044,4,2025-04-18; 2025-12-30; 2024-08-22; 2024-12-06,30894; 22530; 223122; 238125,514671.0,8,2024-10-21; 2025-01-04; 2025-06-27; 2024-10-09; 2025-05-18; 2024-11-03; 2024-07-23; 2026-03-31,Jaipur; Gurugram; Noida; Ghaziabad; Delhi; Delhi; Agra; Jaipur,1,0.7918,Former Partner,Relationship evidence between Aditya Verma and Ravi Kumar. Phone records show 12 calls. Transaction records show 4 transactions. Meeting records show 8 meetings.
REL00313,P0545,Riya Patel 86209,P0541,Deepak Verma,16,2024-09-16; 2025-05-23; 2024-01-31; 2024-07-28; 2024-05-03; 2025-07-28; 2024-01-06; 2024-12-07; 2024-07-22; 2025-11-18; 2026-04-02; 2026-06-12; 2026-03-06; 2024-07-24; 2025-09-13; 2025-02-16,761; 3489; 3437; 1920; 1161; 3553; 1911; 1732; 1909; 3491; 729; 443; 1566; 2516; 382; 2268,31268,8,2024-09-03; 2026-04-30; 2024-05-21; 2025-12-17; 2026-05-24; 2025-05-01; 2024-01-20; 2024-02-02,25094; 79731; 115639; 118738; 121558; 36258; 91422; 96594,685034.0,4,2025-10-03; 2025-08-26; 2024-01-26; 2026-02-12,Noida; Noida; Delhi; Chandigarh,0,0.406,Acquaintance,"Observed interaction between Riya Patel 86209 and Deepak Verma. Available records include 16 calls, 8 transactions, and 4 meetings. Evidence does not establish a meaningful relationship."
REL00314,P0479,Kavya Malhotra,P0128,Arjun Singh,0,,,0,0,,,0.0,2,2025-11-01; 2024-09-25,Agra; Ghaziabad,0,0.1949,Business Contact,"Observed interaction between Kavya Malhotra and Arjun Singh. Available records include 0 calls, 0 transactions, and 2 meetings. Evidence does not establish a meaningful relationship."
REL00315,P0566,Pooja Yadav,P0070,Riya Patel,23,2024-09-12; 2025-11-14; 2025-12-25; 2024-03-08; 2024-11-20; 2026-03-14; 2024-06-25; 2024-02-13; 2024-09-18; 2025-09-17; 2025-09-15; 2025-05-28; 2024-02-08; 2026-04-07; 2025-08-26; 2024-10-31; 2025-10-24; 2026-04-30; 2025-09-04; 2026-04-21; 2025-05-23; 2026-08-09; 2026-07-23,868; 1664; 1301; 1143; 1069; 1368; 518; 1387; 193; 466; 1008; 1268; 959; 1463; 306; 1726; 909; 842; 1294; 1199; 1595; 659; 269,23474,5,2025-02-24; 2026-07-18; 2025-01-26; 2024-04-11; 2024-06-01,30348; 65564; 39572; 8436; 65572,209492.0,5,2025-05-06; 2025-08-07; 2024-09-29; 2024-09-11; 2024-08-26,Gurugram; Meerut; Jaipur; Gurugram; Ghaziabad,0,0.4579,Colleague,"Observed interaction between Pooja Yadav and Riya Patel. Available records include 23 calls, 5 transactions, and 5 meetings. Evidence does not establish a meaningful relationship."
REL00316,P0528,Abhishek Singh 48450,P0297,Karan Pandey 87097,10,2026-04-06; 2024-01-16; 2024-03-09; 2025-12-29; 2026-04-22; 2026-07-21; 2024-09-27; 2024-06-18; 2026-06-23; 2025-03-17,888; 696; 162; 46; 239; 498; 72; 547; 491; 859,4498,0,,,0.0,3,2026-07-14; 2025-07-07; 2026-05-14,Gurugram; Noida; Noida,1,0.5732,Former Partner,Relationship evidence between Abhishek Singh 48450 and Karan Pandey 87097. Phone records show 10 calls. Transaction records show 0 transactions. Meeting records show 3 meetings.
REL00317,P0163,Riya Malhotra,P0029,Vikram Gupta,28,2026-08-11; 2026-07-12; 2026-08-16; 2025-07-12; 2026-08-24; 2026-03-29; 2024-03-26; 2024-08-28; 2025-01-13; 2025-12-01; 2025-12-19; 2026-02-07; 2025-09-21; 2025-08-08; 2025-06-09; 2025-09-01; 2025-05-31; 2026-06-25; 2026-03-09; 2025-08-21; 2025-04-04; 2026-07-11; 2024-05-30; 2026-07-07; 2024-04-24; 2024-03-26; 2025-03-31; 2024-01-23,3113; 3545; 2321; 2182; 2683; 2527; 1306; 2829; 2201; 245; 3459; 3480; 409; 2358; 1754; 1185; 1365; 2311; 686; 778; 3224; 612; 1968; 1578; 2257; 2221; 3140; 1074,56811,4,2025-08-07; 2025-03-26; 2025-06-03; 2025-01-17,124731; 13023; 151321; 55239,344314.0,8,2024-03-04; 2026-04-11; 2024-01-27; 2024-09-22; 2025-07-07; 2024-02-17; 2025-03-04; 2025-04-30,Meerut; Chandigarh; Noida; Gurugram; Ghaziabad; Jaipur; Agra; Noida,1,0.8189,Acquaintance,Relationship evidence between Riya Malhotra and Vikram Gupta. Phone records show 28 calls. Transaction records show 4 transactions. Meeting records show 8 meetings.
REL00318,P0413,Pooja Sharma,P0094,Raj Patel,5,2025-06-07; 2026-07-01; 2025-05-26; 2025-11-21; 2026-04-16,624; 296; 830; 189; 634,2573,0,,,0.0,0,,,0,0.2379,Acquaintance,"Observed interaction between Pooja Sharma and Raj Patel. Available records include 5 calls, 0 transactions, and 0 meetings. Evidence does not establish a meaningful relationship."
REL00319,P0574,Vikram Patel 77188,P0517,Ravi Bansal 16028,3,2025-08-15; 2026-08-23; 2025-11-17,888; 508; 700,2096,2,2025-10-12; 2024-02-21,9253; 1913,11166.0,1,2025-08-25,Meerut,0,0.088,Colleague,"Observed interaction between Vikram Patel 77188 and Ravi Bansal 16028. Available records include 3 calls, 2 transactions, and 1 meetings. Evidence does not establish a meaningful relationship."
REL00320,P0121,Arjun Yadav,P0265,Divya Bansal 79830,6,2024-04-25; 2024-12-29; 2025-03-13; 2024-02-15; 2025-05-21; 2026-07-10,585; 677; 274; 201; 519; 310,2566,2,2025-11-21; 2026-07-04,23140; 18627,41767.0,1,2025-07-25,Ghaziabad,0,0.1233,Associate,"Observed interaction between Arjun Yadav and Divya Bansal 79830. Available records include 6 calls, 2 transactions, and 1 meetings. Evidence does not establish a meaningful relationship."
REL00321,P0387,Aarav Khan,P0363,Neha Singh 41516,29,2024-10-26; 2025-10-17; 2024-02-16; 2026-06-25; 2025-09-11; 2026-08-06; 2025-03-07; 2025-12-19; 2025-10-17; 2024-10-16; 2026-05-05; 2025-09-16; 2025-01-20; 2025-01-27; 2025-07-13; 2024-09-11; 2026-01-07; 2024-09-28; 2026-08-16; 2025-09-18; 2025-03-15; 2024-01-27; 2024-09-29; 2025-04-08; 2025-06-07; 2024-11-15; 2024-06-04; 2024-03-07; 2025-03-30,167; 746; 2417; 1504; 538; 1700; 703; 774; 1576; 2495; 3233; 1115; 3501; 2701; 1785; 1247; 2342; 2359; 632; 121; 2178; 2470; 3353; 3309; 1029; 1209; 2309; 1758; 2301,51572,8,2025-12-14; 2025-05-28; 2024-08-21; 2025-09-20; 2024-02-12; 2026-06-20; 2025-03-22; 2024-05-20,77772; 113596; 135704; 49672; 207366; 148204; 126699; 167795,1026808.0,5,2025-08-12; 2024-03-10; 2025-03-11; 2024-01-23; 2025-09-30,Noida; Noida; Faridabad; Noida; Ghaziabad,0,0.5495,Business Contact,"Observed interaction between Aarav Khan and Neha Singh 41516. Available records include 29 calls, 8 transactions, and 5 meetings. Evidence does not establish a meaningful relationship."
REL00322,P0116,Ravi Patel,P0255,Abhishek Malhotra,10,2026-04-20; 2026-06-13; 2024-07-28; 2026-01-01; 2025-02-21; 2024-04-20; 2024-08-26; 2024-08-06; 2025-05-01; 2026-01-06,437; 20; 369; 211; 274; 64; 280; 348; 589; 543,3135,2,2024-04-06; 2025-02-14,11393; 23448,34841.0,1,2024-01-23,Gurugram,1,0.5581,Business Contact,Relationship evidence between Ravi Patel and Abhishek Malhotra. Phone records show 10 calls. Transaction records show 2 transactions. Meeting records show 1 meetings.
REL00323,P0286,Ravi Khan,P0310,Yash Bansal 7129,1,2025-09-23,119,119,1,2025-03-15,10916,10916.0,0,,,0,0.2311,Known Associate,"Observed interaction between Ravi Khan and Yash Bansal 7129. Available records include 1 calls, 1 transactions, and 0 meetings. Evidence does not establish a meaningful relationship."
REL00324,P0198,Anjali Verma,P0297,Karan Pandey 87097,0,,,0,2,2025-02-15; 2026-05-15,2570; 15902,18472.0,1,2026-02-12,Chandigarh,0,0.3148,Business Contact,"Observed interaction between Anjali Verma and Karan Pandey 87097. Available records include 0 calls, 2 transactions, and 1 meetings. Evidence does not establish a meaningful relationship."
REL00325,P0067,Anjali Chauhan,P0529,Aditya Verma,28,2025-07-08; 2026-07-18; 2026-01-16; 2024-01-03; 2026-06-06; 2025-02-14; 2025-04-17; 2026-05-03; 2025-07-18; 2024-05-28; 2024-04-09; 2024-10-05; 2024-03-22; 2025-03-29; 2024-10-04; 2025-02-27; 2025-06-13; 2026-05-18; 2024-04-17; 2026-03-17; 2024-08-19; 2026-05-09; 2024-11-30; 2025-09-29; 2024-07-08; 2026-07-30; 2025-02-07; 2025-10-03,1662; 1205; 2356; 1849; 2645; 2836; 2325; 2648; 3416; 1139; 2982; 2502; 1741; 2972; 2653; 2370; 1923; 1396; 2195; 1681; 2443; 1399; 2940; 489; 1460; 1513; 2529; 1189,58458,3,2024-11-17; 2026-04-02; 2025-11-06,22923; 39005; 42536,104464.0,6,2025-09-20; 2024-05-18; 2026-01-09; 2025-09-05; 2025-11-26; 2024-07-03,Delhi; Chandigarh; Meerut; Ghaziabad; Jaipur; Delhi,1,0.8308,Colleague,Relationship evidence between Anjali Chauhan and Aditya Verma. Phone records show 28 calls. Transaction records show 3 transactions. Meeting records show 6 meetings.
REL00326,P0073,Ravi Mehta,P0486,Deepak Malhotra,18,2025-03-07; 2024-11-17; 2024-09-11; 2025-02-24; 2025-12-27; 2025-10-25; 2024-05-08; 2024-04-12; 2025-06-11; 2025-08-16; 2024-09-23; 2024-12-01; 2025-01-16; 2025-09-05; 2024-02-27; 2025-01-23; 2025-05-12; 2024-01-08,321; 221; 2553; 2807; 2787; 2464; 1353; 3425; 676; 1343; 2292; 2497; 1144; 852; 312; 1321; 1661; 1656,29685,1,2025-11-29,236802,236802.0,2,2024-10-07; 2026-03-15,Lucknow; Agra,0,0.3522,Business Contact,"Observed interaction between Ravi Mehta and Deepak Malhotra. Available records include 18 calls, 1 transactions, and 2 meetings. Evidence does not establish a meaningful relationship."
REL00327,P0510,Karan Bansal 52695,P0421,Akash Malhotra 22388,6,2024-06-14; 2024-01-15; 2026-04-19; 2026-03-20; 2026-08-11; 2024-11-14,342; 453; 392; 521; 794; 473,2975,1,2024-12-14,18113,18113.0,2,2026-07-02; 2024-01-30,Agra; Chandigarh,1,0.6848,Associate,Relationship evidence between Karan Bansal 52695 and Akash Malhotra 22388. Phone records show 6 calls. Transaction records show 1 transactions. Meeting records show 2 meetings.
REL00328,P0316,Sneha Kumar,P0327,Sahil Singh 717,1,2024-01-30,455,455,2,2024-05-13; 2024-09-05,12608; 8957,21565.0,2,2026-03-29; 2025-02-18,Jaipur; Gurugram,0,0.3005,Colleague,"Observed interaction between Sneha Kumar and Sahil Singh 717. Available records include 1 calls, 2 transactions, and 2 meetings. Evidence does not establish a meaningful relationship."
REL00329,P0189,Saurabh Pandey 9065,P0429,Aarav Verma 84986,5,2024-04-21; 2025-02-10; 2025-10-09; 2024-12-08; 2025-09-10,642; 375; 254; 74; 29,1374,1,2025-12-12,22627,22627.0,0,,,0,0.1547,Business Contact,"Observed interaction between Saurabh Pandey 9065 and Aarav Verma 84986. Available records include 5 calls, 1 transactions, and 0 meetings. Evidence does not establish a meaningful relationship."
REL00330,P0192,Anjali Singh,P0122,Aditya Patel 78965,9,2026-06-21; 2025-05-04; 2025-12-11; 2025-11-03; 2025-04-30; 2024-11-14; 2025-02-14; 2024-05-17; 2026-02-21,1414; 2631; 395; 1718; 233; 544; 443; 844; 1270,9492,5,2025-12-27; 2024-04-12; 2024-04-04; 2025-01-16; 2026-07-21,233290; 141952; 223722; 75850; 149829,824643.0,2,2026-03-27; 2025-06-13,Jaipur; Delhi,0,0.2021,Colleague,"Observed interaction between Anjali Singh and Aditya Patel 78965. Available records include 9 calls, 5 transactions, and 2 meetings. Evidence does not establish a meaningful relationship."
REL00331,P0550,Arjun Mehta,P0016,Deepak Patel,20,2024-05-10; 2024-07-19; 2026-06-14; 2024-03-22; 2024-06-26; 2025-08-14; 2025-09-01; 2026-06-22; 2026-08-22; 2025-01-01; 2025-03-30; 2026-08-11; 2026-03-15; 2026-07-07; 2024-01-14; 2026-08-11; 2026-04-01; 2024-10-06; 2025-04-01; 2024-05-18,3062; 1793; 3366; 1197; 792; 2735; 3445; 1860; 431; 723; 3111; 574; 794; 339; 955; 2285; 1149; 1057; 3132; 3231,36031,7,2026-06-24; 2025-05-05; 2024-12-16; 2024-08-21; 2025-03-16; 2024-12-20; 2025-12-14,164335; 201233; 111153; 237121; 207278; 149536; 22607,1093263.0,4,2025-04-17; 2025-07-21; 2024-12-24; 2026-04-18,Gurugram; Meerut; Faridabad; Lucknow,0,0.2612,Acquaintance,"Observed interaction between Arjun Mehta and Deepak Patel. Available records include 20 calls, 7 transactions, and 4 meetings. Evidence does not establish a meaningful relationship."
REL00332,P0131,Aman Agarwal,P0127,Rahul Khanna,9,2025-05-30; 2024-11-28; 2026-06-18; 2024-09-16; 2025-01-05; 2026-03-27; 2026-02-09; 2026-08-30; 2024-10-01,68; 52; 712; 459; 280; 332; 688; 396; 312,3299,2,2025-10-29; 2025-04-23,11593; 24740,36333.0,1,2024-05-29,Ghaziabad,1,0.7037,Acquaintance,Relationship evidence between Aman Agarwal and Rahul Khanna. Phone records show 9 calls. Transaction records show 2 transactions. Meeting records show 1 meetings.
REL00333,P0079,Raj Malhotra,P0115,Nikhil Verma,4,2024-10-19; 2026-02-27; 2025-07-04; 2025-09-21,803; 774; 768; 523,2868,0,,,0.0,3,2025-11-29; 2026-08-20; 2025-09-27,Noida; Chandigarh; Chandigarh,1,0.7204,Colleague,Relationship evidence between Raj Malhotra and Nikhil Verma. Phone records show 4 calls. Transaction records show 0 transactions. Meeting records show 3 meetings.
REL00334,P0408,Karan Gupta 8892,P0212,Nikhil Gupta 17974,5,2025-10-18; 2025-11-25; 2026-01-30; 2024-06-19; 2025-05-16,193; 51; 216; 872; 588,1920,1,2025-07-05,12935,12935.0,2,2025-12-02; 2024-06-22,Noida; Chandigarh,0,0.1302,Colleague,"Observed interaction between Karan Gupta 8892 and Nikhil Gupta 17974. Available records include 5 calls, 1 transactions, and 2 meetings. Evidence does not establish a meaningful relationship."
REL00335,P0013,Abhishek Agarwal,P0556,Shreya Malhotra 13015,2,2024-09-09; 2026-04-26,62; 281,343,2,2024-12-02; 2026-01-01,21318; 6868,28186.0,3,2024-02-03; 2025-01-30; 2025-09-15,Ghaziabad; Meerut; Lucknow,1,0.6009,Associate,Relationship evidence between Abhishek Agarwal and Shreya Malhotra 13015. Phone records show 2 calls. Transaction records show 2 transactions. Meeting records show 3 meetings.
REL00336,P0149,Arjun Chauhan,P0274,Karan Mehta,1,2026-06-21,332,332,1,2024-01-13,1671,1671.0,0,,,0,0.3017,Former Partner,"Observed interaction between Arjun Chauhan and Karan Mehta. Available records include 1 calls, 1 transactions, and 0 meetings. Evidence does not establish a meaningful relationship."
REL00337,P0107,Rohan Khanna,P0528,Abhishek Singh 48450,5,2025-04-30; 2025-06-01; 2024-10-20; 2025-06-10; 2026-07-15,88; 882; 455; 373; 196,1994,1,2024-10-12,8826,8826.0,1,2024-09-17,Meerut,0,0.099,Associate,"Observed interaction between Rohan Khanna and Abhishek Singh 48450. Available records include 5 calls, 1 transactions, and 1 meetings. Evidence does not establish a meaningful relationship."
REL00338,P0438,Shreya Yadav,P0055,Karan Verma,1,2025-12-05,87,87,2,2025-05-01; 2025-09-09,20801; 7625,28426.0,1,2025-04-06,Lucknow,0,0.0464,Former Partner,"Observed interaction between Shreya Yadav and Karan Verma. Available records include 1 calls, 2 transactions, and 1 meetings. Evidence does not establish a meaningful relationship."
REL00339,P0329,Priya Mehta,P0247,Vikram Bansal 80432,7,2025-04-12; 2025-05-29; 2025-06-08; 2025-11-07; 2024-09-18; 2026-06-14; 2025-07-05,1565; 850; 1706; 1334; 1223; 1246; 931,8855,1,2025-08-23,71165,71165.0,5,2025-06-10; 2026-03-06; 2024-06-07; 2026-06-25; 2026-06-27,Agra; Delhi; Faridabad; Meerut; Chandigarh,1,0.741,Acquaintance,Relationship evidence between Priya Mehta and Vikram Bansal 80432. Phone records show 7 calls. Transaction records show 1 transactions. Meeting records show 5 meetings.
REL00340,P0137,Ravi Singh,P0491,Riya Khan 18221,2,2024-05-20; 2024-09-16,405; 258,663,1,2024-02-07,3434,3434.0,2,2026-06-01; 2026-01-16,Agra; Lucknow,0,0.2642,Associate,"Observed interaction between Ravi Singh and Riya Khan 18221. Available records include 2 calls, 1 transactions, and 2 meetings. Evidence does not establish a meaningful relationship."
REL00341,P0391,Nisha Singh 13995,P0259,Abhishek Malhotra 53369,13,2025-04-05; 2024-06-15; 2025-06-17; 2024-08-29; 2024-08-31; 2025-08-04; 2026-03-22; 2024-04-15; 2024-06-03; 2024-04-25; 2025-10-23; 2025-11-06; 2025-07-16,1083; 121; 862; 1733; 381; 1220; 490; 413; 1118; 1114; 161; 1517; 1243,11456,3,2025-07-24; 2026-08-04; 2024-08-05,23991; 21097; 17876,62964.0,2,2024-02-15; 2026-04-15,Noida; Delhi,0,0.2648,Acquaintance,"Observed interaction between Nisha Singh 13995 and Abhishek Malhotra 53369. Available records include 13 calls, 3 transactions, and 2 meetings. Evidence does not establish a meaningful relationship."
REL00342,P0180,Ravi Malhotra 9964,P0003,Sahil Kumar,0,,,0,2,2025-01-30; 2025-04-17,14720; 12932,27652.0,2,2024-04-27; 2024-02-16,Delhi; Lucknow,0,0.296,Associate,"Observed interaction between Ravi Malhotra 9964 and Sahil Kumar. Available records include 0 calls, 2 transactions, and 2 meetings. Evidence does not establish a meaningful relationship."
REL00343,P0572,Riya Sharma,P0493,Arjun Khanna 33163,36,2025-07-14; 2024-03-26; 2026-04-17; 2024-10-29; 2024-07-12; 2025-01-16; 2025-01-27; 2026-03-26; 2024-04-05; 2024-10-22; 2024-03-04; 2026-07-28; 2026-01-11; 2024-08-28; 2026-07-08; 2025-07-20; 2024-10-23; 2026-08-08; 2024-11-22; 2025-10-27; 2024-09-06; 2025-10-18; 2026-08-24; 2024-03-28; 2025-08-26; 2025-06-06; 2026-02-12; 2024-02-18; 2026-03-16; 2025-05-09; 2024-10-09; 2025-03-07; 2026-03-12; 2026-02-08; 2026-02-23; 2026-05-26,2374; 2747; 686; 918; 1409; 1387; 1793; 2531; 1415; 3528; 2890; 3356; 520; 262; 134; 933; 3123; 3286; 189; 1992; 3541; 3198; 1775; 867; 134; 1635; 3467; 3460; 1262; 1469; 3160; 2529; 1673; 1912; 3536; 425,69516,4,2024-12-05; 2024-01-21; 2026-07-13; 2025-12-06,22078; 124271; 123469; 245113,514931.0,2,2025-11-15; 2025-02-03,Jaipur; Faridabad,1,0.7712,Acquaintance,Relationship evidence between Riya Sharma and Arjun Khanna 33163. Phone records show 36 calls. Transaction records show 4 transactions. Meeting records show 2 meetings.
REL00344,P0014,Priya Singh,P0403,Karan Bansal,31,2024-04-02; 2025-12-21; 2026-05-10; 2026-07-02; 2026-08-23; 2024-08-18; 2024-10-15; 2024-01-02; 2026-04-07; 2025-04-02; 2025-07-08; 2024-11-27; 2024-04-12; 2025-02-12; 2025-09-20; 2026-04-17; 2026-08-02; 2026-07-27; 2025-08-28; 2024-10-02; 2026-03-01; 2025-09-25; 2025-04-25; 2024-02-12; 2025-06-19; 2025-09-21; 2024-01-16; 2025-01-11; 2026-03-02; 2025-07-29; 2026-02-17,917; 1880; 1839; 2365; 948; 1325; 2389; 696; 1667; 2308; 3092; 2444; 2432; 2667; 1779; 772; 1710; 2605; 2000; 3334; 183; 2282; 1078; 2331; 1895; 2405; 2395; 2250; 2722; 2437; 604,59751,4,2025-04-28; 2025-06-25; 2025-11-29; 2025-11-07,177992; 137217; 214888; 171052,701149.0,7,2024-03-15; 2025-01-07; 2024-02-01; 2025-01-14; 2026-04-02; 2025-08-28; 2025-03-15,Gurugram; Meerut; Chandigarh; Noida; Agra; Chandigarh; Jaipur,1,0.7554,Business Contact,Relationship evidence between Priya Singh and Karan Bansal. Phone records show 31 calls. Transaction records show 4 transactions. Meeting records show 7 meetings.
REL00345,P0243,Vivaan Kumar,P0130,Rohan Khanna 72261,7,2026-05-19; 2025-10-08; 2025-06-18; 2025-08-14; 2025-07-26; 2026-04-30; 2026-06-12,885; 1677; 180; 1359; 442; 2386; 143,7072,3,2026-02-18; 2026-08-24; 2026-07-07,159851; 106611; 46490,312952.0,4,2026-08-21; 2024-03-15; 2026-03-13; 2025-04-17,Meerut; Meerut; Lucknow; Meerut,0,0.54,Colleague,"Observed interaction between Vivaan Kumar and Rohan Khanna 72261. Available records include 7 calls, 3 transactions, and 4 meetings. Evidence does not establish a meaningful relationship."
REL00346,P0121,Arjun Yadav,P0472,Rahul Gupta 14684,3,2024-04-02; 2025-11-18; 2026-02-04,161; 519; 323,1003,1,2025-01-29,20230,20230.0,2,2024-07-08; 2026-03-13,Noida; Noida,0,0.1942,Known Associate,"Observed interaction between Arjun Yadav and Rahul Gupta 14684. Available records include 3 calls, 1 transactions, and 2 meetings. Evidence does not establish a meaningful relationship."
REL00347,P0565,Riya Patel 54009,P0149,Arjun Chauhan,0,,,0,2,2025-08-29; 2025-02-16,5014; 14778,19792.0,2,2024-09-29; 2024-06-30,Gurugram; Gurugram,0,0.2151,Business Contact,"Observed interaction between Riya Patel 54009 and Arjun Chauhan. Available records include 0 calls, 2 transactions, and 2 meetings. Evidence does not establish a meaningful relationship."
REL00348,P0489,Aman Malhotra 18838,P0343,Riya Yadav,4,2024-02-24; 2026-04-10; 2025-12-25; 2026-06-21,290; 758; 768; 395,2211,0,,,0.0,1,2024-09-29,Gurugram,0,0.0458,Former Partner,"Observed interaction between Aman Malhotra 18838 and Riya Yadav. Available records include 4 calls, 0 transactions, and 1 meetings. Evidence does not establish a meaningful relationship."
REL00349,P0567,Rohan Pandey 67265,P0355,Deepak Patel 32755,14,2025-03-21; 2026-03-09; 2025-06-01; 2024-05-09; 2024-01-03; 2026-05-15; 2025-08-14; 2024-05-24; 2024-05-09; 2026-05-14; 2026-06-09; 2025-01-10; 2025-05-23; 2026-04-30,60; 1514; 1236; 96; 1563; 161; 189; 1354; 877; 509; 1502; 760; 899; 623,11343,6,2026-08-31; 2024-02-24; 2025-04-15; 2024-06-24; 2024-08-04; 2026-04-27,19827; 38496; 63604; 25281; 67942; 23358,238508.0,4,2026-07-30; 2025-07-27; 2025-09-17; 2024-12-01,Faridabad; Delhi; Delhi; Noida,0,0.3699,Colleague,"Observed interaction between Rohan Pandey 67265 and Deepak Patel 32755. Available records include 14 calls, 6 transactions, and 4 meetings. Evidence does not establish a meaningful relationship."
REL00350,P0530,Kavya Patel,P0188,Saurabh Yadav,27,2024-04-02; 2024-05-19; 2025-03-05; 2024-03-15; 2025-02-02; 2026-08-22; 2026-08-14; 2025-07-09; 2026-08-04; 2026-08-11; 2026-03-24; 2026-03-01; 2025-01-17; 2024-01-07; 2025-05-08; 2024-03-08; 2024-03-01; 2026-03-16; 2024-12-25; 2026-08-23; 2025-07-29; 2025-10-18; 2025-12-15; 2026-02-10; 2026-08-29; 2024-03-01; 2024-04-03,595; 2472; 1642; 124; 2620; 849; 3576; 2019; 3426; 567; 3463; 2810; 472; 1410; 881; 1870; 451; 3181; 298; 3166; 1605; 1051; 3466; 3371; 1924; 338; 3482,51129,5,2025-08-06; 2024-05-19; 2024-07-23; 2024-02-14; 2024-02-03,131208; 28580; 222248; 122771; 165621,670428.0,6,2024-11-17; 2025-11-27; 2024-01-16; 2024-01-05; 2025-05-10; 2024-09-19,Noida; Lucknow; Agra; Faridabad; Lucknow; Meerut,0,0.4447,Business Contact,"Observed interaction between Kavya Patel and Saurabh Yadav. Available records include 27 calls, 5 transactions, and 6 meetings. Evidence does not establish a meaningful relationship."
REL00351,P0233,Aditya Khanna,P0145,Rahul Mehta 69879,21,2024-12-18; 2024-05-14; 2025-09-01; 2024-09-20; 2024-10-12; 2025-04-28; 2026-02-23; 2024-04-28; 2025-02-27; 2026-05-06; 2026-01-20; 2024-03-31; 2025-10-01; 2026-03-23; 2026-01-08; 2025-06-11; 2026-08-05; 2024-05-24; 2025-04-30; 2024-07-26; 2026-04-04,696; 1720; 1162; 229; 496; 1638; 1545; 1644; 204; 132; 588; 740; 152; 374; 780; 1646; 1209; 1419; 1310; 885; 514,19083,8,2025-12-02; 2024-07-06; 2024-03-11; 2025-04-24; 2026-07-02; 2024-10-30; 2024-08-06; 2026-06-21,49178; 59389; 35558; 70684; 33713; 46223; 21842; 57138,373725.0,4,2025-06-26; 2024-03-02; 2025-02-19; 2026-06-01,Faridabad; Lucknow; Jaipur; Delhi,0,0.4609,Colleague,"Observed interaction between Aditya Khanna and Rahul Mehta 69879. Available records include 21 calls, 8 transactions, and 4 meetings. Evidence does not establish a meaningful relationship."
REL00352,P0459,Kavya Yadav,P0199,Anjali Patel,9,2026-07-01; 2024-11-02; 2026-08-11; 2025-07-08; 2025-05-30; 2024-07-18; 2025-07-14; 2024-11-06; 2024-06-30,345; 839; 253; 411; 836; 665; 890; 325; 435,4999,0,,,0.0,2,2026-07-25; 2024-05-21,Lucknow; Delhi,1,0.5493,Former Partner,Relationship evidence between Kavya Yadav and Anjali Patel. Phone records show 9 calls. Transaction records show 0 transactions. Meeting records show 2 meetings.
REL00353,P0055,Karan Verma,P0457,Deepak Sharma,2,2025-02-06; 2025-01-03,479; 654,1133,2,2024-12-09; 2024-12-26,3123; 12434,15557.0,0,,,0,0.3367,Known Associate,"Observed interaction between Karan Verma and Deepak Sharma. Available records include 2 calls, 2 transactions, and 0 meetings. Evidence does not establish a meaningful relationship."
REL00354,P0164,Vikram Bansal,P0211,Aarav Pandey,9,2025-08-31; 2024-02-04; 2025-07-07; 2026-08-17; 2024-12-07; 2026-07-12; 2026-02-23; 2024-11-28; 2024-04-19,147; 1070; 1348; 1493; 693; 1556; 116; 1424; 1288,9135,5,2024-04-14; 2026-06-29; 2024-08-27; 2024-04-12; 2026-08-31,12922; 15122; 62646; 68520; 52842,212052.0,1,2024-04-07,Agra,1,0.8755,Former Partner,Relationship evidence between Vikram Bansal and Aarav Pandey. Phone records show 9 calls. Transaction records show 5 transactions. Meeting records show 1 meetings.
REL00355,P0020,Manish Kumar,P0146,Riya Singh 90472,30,2025-02-02; 2024-02-25; 2025-12-04; 2025-12-20; 2024-06-30; 2024-06-21; 2025-10-11; 2024-01-25; 2025-02-19; 2026-01-04; 2025-09-27; 2025-01-14; 2026-07-30; 2024-08-27; 2024-11-18; 2026-04-17; 2026-07-30; 2026-08-12; 2024-10-01; 2025-12-16; 2026-08-21; 2024-03-26; 2025-11-29; 2024-06-30; 2024-01-01; 2026-07-03; 2024-03-25; 2025-11-13; 2024-05-18; 2024-07-05,1912; 1405; 3335; 3371; 2437; 1583; 363; 163; 766; 1830; 3231; 3447; 2985; 327; 443; 1428; 574; 1501; 998; 3066; 869; 1541; 3388; 2801; 2931; 2931; 2529; 1183; 1922; 2715,57975,5,2026-06-30; 2025-09-24; 2024-12-13; 2024-02-02; 2025-03-24,84060; 21488; 228825; 139056; 36186,509615.0,6,2026-02-22; 2025-03-29; 2025-12-22; 2024-07-14; 2026-05-14; 2024-05-12,Chandigarh; Agra; Lucknow; Delhi; Meerut; Agra,0,0.4359,Acquaintance,"Observed interaction between Manish Kumar and Riya Singh 90472. Available records include 30 calls, 5 transactions, and 6 meetings. Evidence does not establish a meaningful relationship."
REL00356,P0029,Vikram Gupta,P0237,Yash Mehta 69394,29,2024-10-21; 2025-11-24; 2025-09-28; 2024-08-09; 2024-11-07; 2026-03-02; 2026-01-08; 2024-01-13; 2024-07-27; 2025-12-07; 2026-07-07; 2025-08-15; 2024-05-01; 2024-01-04; 2024-10-11; 2024-12-22; 2024-05-09; 2026-08-18; 2024-02-02; 2026-06-18; 2024-08-07; 2025-03-14; 2024-02-16; 2025-06-02; 2025-09-18; 2025-12-16; 2026-02-17; 2024-10-18; 2024-03-06,207; 1171; 674; 1343; 1316; 252; 513; 1399; 749; 1320; 1322; 416; 1177; 795; 768; 1616; 1596; 558; 825; 1464; 1221; 757; 360; 153; 800; 854; 204; 128; 181,24139,2,2025-02-21; 2025-05-13,3710; 4519,8229.0,1,2025-02-11,Agra,0,0.35,Colleague,"Observed interaction between Vikram Gupta and Yash Mehta 69394. Available records include 29 calls, 2 transactions, and 1 meetings. Evidence does not establish a meaningful relationship."
REL00357,P0561,Nikhil Gupta 11047,P0061,Neha Agarwal,4,2025-03-25; 2025-05-03; 2024-09-26; 2024-02-15,816; 732; 267; 510,2325,1,2025-05-27,9250,9250.0,2,2025-12-12; 2025-11-27,Gurugram; Ghaziabad,0,0.2352,Associate,"Observed interaction between Nikhil Gupta 11047 and Neha Agarwal. Available records include 4 calls, 1 transactions, and 2 meetings. Evidence does not establish a meaningful relationship."
REL00358,P0584,Aman Patel 23225,P0296,Saurabh Sharma 90518,35,2024-01-03; 2025-02-06; 2025-05-17; 2025-04-14; 2025-01-21; 2026-02-15; 2026-05-18; 2026-05-16; 2024-06-09; 2024-12-08; 2024-12-01; 2024-01-09; 2024-08-11; 2024-06-13; 2025-10-10; 2024-12-22; 2026-04-28; 2024-01-12; 2024-03-15; 2025-05-20; 2024-08-05; 2025-01-23; 2024-11-16; 2024-09-18; 2024-05-13; 2026-07-09; 2025-02-04; 2024-07-07; 2024-10-19; 2024-04-18; 2025-04-15; 2025-07-04; 2024-09-17; 2024-07-07; 2025-08-19,370; 2691; 885; 2829; 2465; 2997; 3311; 732; 1016; 3352; 1026; 1380; 1475; 510; 405; 182; 3139; 3345; 250; 2460; 283; 2754; 1847; 3556; 2892; 310; 1578; 1120; 143; 2729; 3250; 2335; 2396; 1815; 2210,64038,6,2024-09-16; 2024-09-05; 2024-01-15; 2024-06-04; 2026-06-26; 2026-07-13,40578; 33169; 110670; 112913; 126410; 67657,491397.0,2,2026-03-24; 2024-05-19,Agra; Delhi,1,0.8148,Business Contact,Relationship evidence between Aman Patel 23225 and Saurabh Sharma 90518. Phone records show 35 calls. Transaction records show 6 transactions. Meeting records show 2 meetings.
REL00359,P0343,Riya Yadav,P0468,Kavya Agarwal,29,2024-06-24; 2025-08-30; 2026-01-24; 2025-08-30; 2026-02-28; 2025-03-09; 2024-11-15; 2024-06-20; 2025-02-08; 2024-02-17; 2024-08-24; 2026-05-13; 2024-09-03; 2025-03-05; 2025-11-18; 2026-04-03; 2026-06-22; 2024-07-02; 2026-03-27; 2024-01-09; 2026-06-24; 2025-12-11; 2024-05-24; 2025-04-13; 2025-01-13; 2024-12-28; 2025-06-17; 2024-07-10; 2024-03-20,583; 1006; 1008; 110; 1483; 1280; 318; 62; 971; 294; 246; 1700; 765; 1784; 391; 522; 1521; 1599; 1187; 72; 430; 447; 943; 1494; 404; 262; 1385; 1688; 1305,25260,8,2026-01-12; 2025-11-07; 2024-06-24; 2024-03-10; 2024-12-27; 2026-07-17; 2026-07-21; 2025-06-21,18317; 70452; 66072; 2560; 49977; 14381; 58850; 15948,296557.0,3,2026-03-02; 2024-04-24; 2025-05-30,Jaipur; Ghaziabad; Lucknow,0,0.33,Business Contact,"Observed interaction between Riya Yadav and Kavya Agarwal. Available records include 29 calls, 8 transactions, and 3 meetings. Evidence does not establish a meaningful relationship."
REL00360,P0564,Karan Gupta 87415,P0084,Yash Khanna,4,2026-02-06; 2025-04-19; 2025-12-07; 2025-04-26,191; 740; 727; 116,1774,1,2025-01-25,18719,18719.0,2,2025-06-13; 2024-02-15,Delhi; Meerut,0,0.3218,Acquaintance,"Observed interaction between Karan Gupta 87415 and Yash Khanna. Available records include 4 calls, 1 transactions, and 2 meetings. Evidence does not establish a meaningful relationship."
REL00361,P0491,Riya Khan 18221,P0548,Vikram Sharma,24,2026-08-23; 2024-06-07; 2025-06-04; 2026-07-19; 2025-08-18; 2025-05-06; 2026-07-09; 2024-06-25; 2026-04-02; 2025-06-05; 2024-10-09; 2024-12-05; 2026-06-22; 2024-11-14; 2026-06-06; 2024-02-24; 2025-11-04; 2024-04-08; 2025-06-10; 2024-05-21; 2024-06-21; 2026-01-09; 2026-02-11; 2025-05-03,785; 124; 341; 847; 2377; 995; 2639; 1326; 2318; 642; 2681; 3555; 1056; 674; 2833; 756; 362; 1152; 483; 1256; 1261; 2115; 1261; 2802,34641,4,2024-08-04; 2026-01-18; 2024-05-14; 2026-08-04,206426; 235510; 147599; 206024,795559.0,1,2024-04-22,Noida,0,0.3475,Acquaintance,"Observed interaction between Riya Khan 18221 and Vikram Sharma. Available records include 24 calls, 4 transactions, and 1 meetings. Evidence does not establish a meaningful relationship."
REL00362,P0369,Priya Pandey 54520,P0592,Aditya Yadav,27,2024-05-09; 2026-01-23; 2025-10-04; 2026-01-22; 2024-01-14; 2024-05-10; 2024-02-06; 2025-10-11; 2024-07-31; 2024-02-21; 2024-10-10; 2026-08-17; 2026-01-01; 2025-12-13; 2024-06-01; 2024-08-12; 2026-05-22; 2024-05-14; 2024-05-13; 2026-01-04; 2025-03-25; 2025-05-24; 2025-01-02; 2026-05-20; 2026-08-10; 2024-05-10; 2025-12-13,271; 559; 823; 1530; 457; 144; 1650; 1615; 327; 1090; 251; 915; 747; 156; 893; 579; 870; 463; 65; 1457; 1749; 177; 765; 1524; 1684; 1278; 532,22571,4,2026-08-15; 2026-04-28; 2025-03-26; 2025-04-12,62240; 48643; 54151; 14576,179610.0,6,2025-09-17; 2025-07-04; 2024-08-17; 2024-05-15; 2026-02-25; 2024-03-13,Delhi; Gurugram; Agra; Noida; Jaipur; Noida,0,0.3644,Acquaintance,"Observed interaction between Priya Pandey 54520 and Aditya Yadav. Available records include 27 calls, 4 transactions, and 6 meetings. Evidence does not establish a meaningful relationship."
REL00363,P0388,Nikhil Patel 86106,P0042,Manish Mehta,23,2024-09-10; 2026-05-12; 2026-01-29; 2025-07-08; 2026-04-20; 2024-10-09; 2024-03-09; 2025-09-26; 2025-01-31; 2025-02-05; 2024-06-15; 2024-06-03; 2025-08-04; 2024-03-24; 2026-03-31; 2026-06-08; 2024-07-26; 2026-08-19; 2024-05-01; 2025-03-05; 2025-05-13; 2024-01-15; 2025-05-28,174; 811; 891; 1201; 814; 1782; 915; 1783; 865; 1003; 1602; 143; 844; 538; 1494; 866; 373; 232; 1228; 1108; 1706; 866; 801,22040,4,2025-01-05; 2024-03-02; 2024-11-06; 2025-08-18,39609; 35388; 41387; 6741,123125.0,1,2025-03-27,Jaipur,0,0.337,Colleague,"Observed interaction between Nikhil Patel 86106 and Manish Mehta. Available records include 23 calls, 4 transactions, and 1 meetings. Evidence does not establish a meaningful relationship."
REL00364,P0202,Pooja Verma,P0314,Nikhil Sharma 66477,6,2024-08-18; 2025-08-04; 2025-03-02; 2024-12-18; 2024-01-09; 2024-11-05,682; 639; 405; 191; 484; 214,2615,0,,,0.0,2,2024-05-12; 2026-05-16,Gurugram; Jaipur,0,0.0558,Former Partner,"Observed interaction between Pooja Verma and Nikhil Sharma 66477. Available records include 6 calls, 0 transactions, and 2 meetings. Evidence does not establish a meaningful relationship."
REL00365,P0121,Arjun Yadav,P0091,Aman Malhotra,1,2026-03-15,440,440,1,2025-11-12,5003,5003.0,0,,,0,0.3227,Business Contact,"Observed interaction between Arjun Yadav and Aman Malhotra. Available records include 1 calls, 1 transactions, and 0 meetings. Evidence does not establish a meaningful relationship."
REL00366,P0352,Priya Mehta 17710,P0569,Deepak Sharma 39999,15,2025-11-26; 2025-06-11; 2026-05-20; 2025-06-09; 2025-10-13; 2026-06-26; 2024-02-10; 2025-06-30; 2026-01-22; 2025-05-19; 2026-08-29; 2025-08-31; 2026-08-31; 2025-12-04; 2025-09-24,260; 1575; 1335; 894; 362; 1369; 551; 1543; 697; 1740; 1516; 233; 1407; 1290; 1229,16001,5,2025-11-30; 2025-01-24; 2024-09-26; 2024-08-13; 2024-07-24,46411; 33381; 19560; 38927; 62415,200694.0,6,2024-07-10; 2026-06-29; 2025-01-09; 2025-11-13; 2024-02-28; 2025-01-08,Lucknow; Ghaziabad; Ghaziabad; Ghaziabad; Faridabad; Ghaziabad,0,0.5323,Business Contact,"Observed interaction between Priya Mehta 17710 and Deepak Sharma 39999. Available records include 15 calls, 5 transactions, and 6 meetings. Evidence does not establish a meaningful relationship."
REL00367,P0036,Vivaan Agarwal,P0247,Vikram Bansal 80432,7,2024-01-29; 2025-01-17; 2026-01-06; 2024-09-30; 2025-01-13; 2026-06-03; 2025-04-23,3308; 3100; 1719; 2945; 2428; 2885; 1220,17605,6,2025-05-26; 2024-12-04; 2026-03-26; 2025-04-09; 2025-02-15; 2025-08-23,196674; 244596; 198888; 219056; 80320; 199201,1138735.0,6,2026-03-01; 2026-08-23; 2026-07-12; 2026-07-27; 2025-10-12; 2024-12-09,Ghaziabad; Meerut; Ghaziabad; Jaipur; Meerut; Agra,0,0.3653,Colleague,"Observed interaction between Vivaan Agarwal and Vikram Bansal 80432. Available records include 7 calls, 6 transactions, and 6 meetings. Evidence does not establish a meaningful relationship."
REL00368,P0278,Karan Verma 13929,P0403,Karan Bansal,5,2025-01-26; 2026-04-06; 2024-03-06; 2025-03-17; 2024-08-01,307; 149; 100; 201; 371,1128,2,2024-10-19; 2025-01-13,1225; 18046,19271.0,2,2025-12-15; 2026-07-19,Delhi; Agra,0,0.1229,Known Associate,"Observed interaction between Karan Verma 13929 and Karan Bansal. Available records include 5 calls, 2 transactions, and 2 meetings. Evidence does not establish a meaningful relationship."
REL00369,P0314,Nikhil Sharma 66477,P0521,Deepak Yadav,6,2025-09-02; 2024-05-26; 2024-11-26; 2026-03-16; 2026-08-20; 2025-01-15,609; 410; 426; 329; 884; 477,3135,0,,,0.0,3,2024-07-05; 2024-04-25; 2026-05-23,Ghaziabad; Delhi; Chandigarh,1,0.711,Associate,Relationship evidence between Nikhil Sharma 66477 and Deepak Yadav. Phone records show 6 calls. Transaction records show 0 transactions. Meeting records show 3 meetings.
REL00370,P0283,Yash Bansal 88919,P0140,Pooja Patel,16,2024-05-05; 2026-08-13; 2026-04-13; 2024-10-19; 2024-02-23; 2025-11-14; 2024-09-28; 2025-10-28; 2025-07-11; 2025-08-20; 2024-07-19; 2024-09-10; 2026-03-22; 2026-07-07; 2024-06-10; 2026-08-21,910; 1732; 298; 676; 1650; 708; 692; 497; 1531; 1718; 174; 987; 1220; 905; 510; 1407,15615,2,2026-02-27; 2025-04-13,31622; 15664,47286.0,3,2026-07-18; 2025-11-28; 2026-07-14,Delhi; Delhi; Lucknow,0,0.426,Colleague,"Observed interaction between Yash Bansal 88919 and Pooja Patel. Available records include 16 calls, 2 transactions, and 3 meetings. Evidence does not establish a meaningful relationship."
REL00371,P0125,Aman Mehta,P0508,Sahil Sharma 91221,16,2025-01-12; 2026-01-17; 2025-07-16; 2025-04-02; 2024-04-04; 2026-07-27; 2026-08-12; 2025-07-24; 2024-10-14; 2024-11-21; 2024-06-09; 2024-08-02; 2025-01-06; 2026-04-15; 2025-11-04; 2024-10-13,1573; 420; 946; 1095; 1693; 1003; 591; 606; 1788; 1453; 1392; 1450; 1080; 159; 290; 1078,16617,3,2024-07-17; 2025-10-20; 2024-06-16,5318; 71341; 55860,132519.0,2,2026-03-26; 2024-12-15,Gurugram; Ghaziabad,0,0.5167,Business Contact,"Observed interaction between Aman Mehta and Sahil Sharma 91221. Available records include 16 calls, 3 transactions, and 2 meetings. Evidence does not establish a meaningful relationship."
REL00372,P0474,Riya Agarwal 71889,P0464,Neha Malhotra,23,2024-07-11; 2024-07-18; 2025-04-24; 2024-01-04; 2024-04-24; 2024-10-12; 2026-07-21; 2024-03-04; 2025-10-23; 2026-04-27; 2024-02-17; 2026-08-05; 2026-02-20; 2025-10-06; 2025-12-18; 2024-12-31; 2026-04-14; 2024-06-05; 2026-04-13; 2025-03-25; 2026-08-12; 2025-07-03; 2024-03-05,220; 1625; 1453; 2778; 2246; 2816; 306; 268; 223; 742; 2101; 2915; 849; 3107; 644; 389; 1386; 883; 1429; 2016; 2833; 3588; 918,35735,7,2024-05-02; 2025-03-11; 2024-01-28; 2025-09-10; 2024-11-04; 2024-08-20; 2025-08-10,191482; 217555; 42353; 211651; 67046; 210032; 114332,1054451.0,4,2025-06-25; 2026-04-05; 2025-10-04; 2025-12-11,Noida; Chandigarh; Gurugram; Delhi,0,0.2695,Colleague,"Observed interaction between Riya Agarwal 71889 and Neha Malhotra. Available records include 23 calls, 7 transactions, and 4 meetings. Evidence does not establish a meaningful relationship."
REL00373,P0203,Manish Sharma,P0388,Nikhil Patel 86106,16,2026-03-05; 2025-02-04; 2024-06-29; 2026-07-17; 2026-01-08; 2024-01-28; 2025-09-07; 2025-10-22; 2024-07-09; 2025-08-12; 2026-01-13; 2025-10-08; 2026-05-26; 2025-05-11; 2026-03-13; 2024-09-09,764; 321; 1532; 824; 1320; 781; 1754; 1410; 1458; 496; 540; 363; 406; 368; 1370; 1479,15186,6,2026-02-28; 2026-04-14; 2025-03-29; 2024-08-20; 2025-12-17; 2025-09-22,26917; 70447; 24846; 2186; 39660; 49656,213712.0,6,2026-05-23; 2025-04-30; 2025-12-08; 2025-12-11; 2026-04-28; 2026-07-04,Ghaziabad; Meerut; Ghaziabad; Gurugram; Ghaziabad; Jaipur,0,0.3494,Acquaintance,"Observed interaction between Manish Sharma and Nikhil Patel 86106. Available records include 16 calls, 6 transactions, and 6 meetings. Evidence does not establish a meaningful relationship."
REL00374,P0520,Arjun Agarwal 30984,P0359,Nikhil Malhotra 32779,19,2026-07-18; 2024-02-20; 2025-07-18; 2025-04-15; 2024-02-16; 2025-06-07; 2024-07-10; 2025-02-02; 2025-09-13; 2025-05-24; 2026-03-17; 2024-05-03; 2026-02-21; 2025-06-01; 2026-04-06; 2024-06-11; 2026-04-29; 2026-05-24; 2024-07-23,840; 139; 262; 88; 1066; 315; 379; 871; 264; 785; 1380; 1791; 1746; 1193; 515; 1203; 1448; 1207; 1354,16846,3,2024-07-06; 2025-12-24; 2024-04-01,66617; 58982; 36359,161958.0,1,2025-06-30,Faridabad,1,0.8072,Associate,Relationship evidence between Arjun Agarwal 30984 and Nikhil Malhotra 32779. Phone records show 19 calls. Transaction records show 3 transactions. Meeting records show 1 meetings.
REL00375,P0490,Saurabh Singh 73225,P0206,Rohan Bansal,3,2024-05-28; 2024-08-02; 2024-08-09,727; 176; 165,1068,1,2024-06-14,23833,23833.0,0,,,0,0.1828,Business Contact,"Observed interaction between Saurabh Singh 73225 and Rohan Bansal. Available records include 3 calls, 1 transactions, and 0 meetings. Evidence does not establish a meaningful relationship."
REL00376,P0109,Rohan Verma,P0300,Karan Mehta 75062,1,2025-11-17,898,898,1,2026-01-28,19049,19049.0,2,2024-06-06; 2026-01-04,Gurugram; Gurugram,0,0.2596,Business Contact,"Observed interaction between Rohan Verma and Karan Mehta 75062. Available records include 1 calls, 1 transactions, and 2 meetings. Evidence does not establish a meaningful relationship."
REL00377,P0363,Neha Singh 41516,P0415,Nisha Chauhan,17,2025-01-15; 2025-11-02; 2024-02-20; 2026-07-10; 2025-02-02; 2024-09-05; 2026-05-03; 2026-07-07; 2025-10-12; 2026-03-20; 2026-01-09; 2025-05-05; 2026-06-04; 2026-03-28; 2024-09-07; 2024-03-09; 2026-05-25,2773; 589; 2297; 347; 1232; 1745; 2920; 3368; 2134; 1249; 548; 3510; 1087; 145; 2108; 2860; 1411,30323,3,2024-08-22; 2026-05-27; 2025-07-26,89925; 212419; 41988,344332.0,5,2025-10-30; 2025-07-29; 2024-11-27; 2024-06-01; 2024-01-14,Noida; Ghaziabad; Jaipur; Gurugram; Jaipur,0,0.4314,Business Contact,"Observed interaction between Neha Singh 41516 and Nisha Chauhan. Available records include 17 calls, 3 transactions, and 5 meetings. Evidence does not establish a meaningful relationship."
REL00378,P0521,Deepak Yadav,P0294,Riya Gupta 89996,16,2026-04-28; 2026-01-07; 2025-04-29; 2025-11-03; 2025-01-09; 2025-01-30; 2024-03-05; 2024-11-17; 2026-01-18; 2024-10-10; 2026-03-20; 2025-05-02; 2024-02-16; 2025-01-05; 2024-11-22; 2024-09-14,1224; 208; 1696; 416; 1342; 1411; 197; 814; 237; 936; 1535; 608; 207; 218; 1219; 1629,13897,1,2026-07-29,46855,46855.0,5,2024-12-03; 2025-03-14; 2024-10-05; 2024-01-18; 2025-08-06,Noida; Agra; Jaipur; Agra; Ghaziabad,1,0.745,Acquaintance,Relationship evidence between Deepak Yadav and Riya Gupta 89996. Phone records show 16 calls. Transaction records show 1 transactions. Meeting records show 5 meetings.
REL00379,P0462,Aman Gupta,P0561,Nikhil Gupta 11047,2,2025-05-03; 2026-04-02,20; 850,870,0,,,0.0,0,,,0,0.0566,Known Associate,"Observed interaction between Aman Gupta and Nikhil Gupta 11047. Available records include 2 calls, 0 transactions, and 0 meetings. Evidence does not establish a meaningful relationship."
REL00380,P0260,Rahul Singh,P0173,Vivaan Malhotra,10,2024-05-19; 2026-01-16; 2025-11-08; 2024-04-01; 2024-06-02; 2024-11-10; 2024-03-16; 2026-08-21; 2024-07-25; 2025-08-08,1117; 3199; 3054; 1881; 2660; 1772; 2015; 2298; 2440; 2771,23207,1,2025-04-09,116426,116426.0,1,2024-02-07,Agra,0,0.5342,Business Contact,"Observed interaction between Rahul Singh and Vivaan Malhotra. Available records include 10 calls, 1 transactions, and 1 meetings. Evidence does not establish a meaningful relationship."
REL00381,P0486,Deepak Malhotra,P0221,Divya Verma 65032,1,2026-07-03,515,515,1,2024-08-24,3118,3118.0,1,2026-03-28,Agra,0,0.3449,Associate,"Observed interaction between Deepak Malhotra and Divya Verma 65032. Available records include 1 calls, 1 transactions, and 1 meetings. Evidence does not establish a meaningful relationship."
REL00382,P0190,Raj Agarwal,P0136,Abhishek Bansal,5,2026-02-21; 2024-01-29; 2025-04-16; 2024-12-13; 2025-12-13,610; 563; 567; 656; 506,2902,1,2025-10-26,18348,18348.0,2,2025-03-06; 2024-12-26,Ghaziabad; Ghaziabad,0,0.3298,Known Associate,"Observed interaction between Raj Agarwal and Abhishek Bansal. Available records include 5 calls, 1 transactions, and 2 meetings. Evidence does not establish a meaningful relationship."
REL00383,P0586,Manish Gupta 74594,P0317,Aditya Gupta 48423,0,,,0,2,2025-10-07; 2026-02-27,13024; 11274,24298.0,0,,,0,0.115,Colleague,"Observed interaction between Manish Gupta 74594 and Aditya Gupta 48423. Available records include 0 calls, 2 transactions, and 0 meetings. Evidence does not establish a meaningful relationship."
REL00384,P0032,Deepak Khan,P0525,Divya Bansal 82134,33,2024-05-07; 2024-05-28; 2024-02-16; 2024-06-11; 2024-05-03; 2025-08-23; 2024-03-11; 2024-12-26; 2026-05-12; 2024-01-25; 2026-03-04; 2024-12-23; 2025-05-12; 2026-04-06; 2025-01-22; 2024-10-05; 2024-10-16; 2025-07-30; 2025-10-17; 2025-04-12; 2026-03-29; 2026-08-01; 2024-10-17; 2025-05-06; 2024-01-08; 2025-12-29; 2024-02-21; 2024-01-02; 2024-05-23; 2025-03-06; 2025-07-28; 2025-04-20; 2025-02-09,1374; 1386; 2351; 2845; 3243; 1902; 2153; 1762; 1339; 2464; 1954; 2549; 1963; 1387; 484; 1839; 3463; 944; 1699; 1543; 1867; 2948; 258; 1172; 1474; 255; 214; 1785; 1120; 1565; 1409; 2983; 1023,56717,5,2025-04-26; 2024-07-22; 2024-02-08; 2025-08-25; 2026-01-26,111219; 81407; 158123; 121837; 171600,644186.0,3,2024-07-09; 2025-04-20; 2025-03-27,Noida; Noida; Agra,1,0.8995,Acquaintance,Relationship evidence between Deepak Khan and Divya Bansal 82134. Phone records show 33 calls. Transaction records show 5 transactions. Meeting records show 3 meetings.
REL00385,P0141,Vikram Kumar,P0583,Rahul Patel,3,2024-07-29; 2024-02-20; 2025-12-12,399; 627; 497,1523,0,,,0.0,1,2026-01-06,Delhi,0,0.0709,Acquaintance,"Observed interaction between Vikram Kumar and Rahul Patel. Available records include 3 calls, 0 transactions, and 1 meetings. Evidence does not establish a meaningful relationship."
REL00386,P0359,Nikhil Malhotra 32779,P0113,Rohan Malhotra 57341,4,2025-02-27; 2025-11-21; 2024-07-30; 2025-03-12,326; 260; 100; 893,1579,0,,,0.0,1,2024-11-17,Agra,0,0.1086,Colleague,"Observed interaction between Nikhil Malhotra 32779 and Rohan Malhotra 57341. Available records include 4 calls, 0 transactions, and 1 meetings. Evidence does not establish a meaningful relationship."
REL00387,P0538,Rahul Singh 52287,P0574,Vikram Patel 77188,14,2024-12-23; 2026-08-02; 2024-10-15; 2025-02-27; 2025-11-04; 2025-03-21; 2024-09-10; 2024-11-01; 2024-12-04; 2026-02-10; 2024-09-25; 2026-06-14; 2026-07-11; 2026-08-22,658; 1586; 513; 689; 1512; 587; 1668; 209; 1681; 685; 1313; 308; 870; 1226,13505,4,2026-08-08; 2025-09-09; 2025-08-26; 2024-09-07,33779; 35879; 38148; 61099,168905.0,4,2024-10-18; 2024-08-19; 2025-08-11; 2026-06-21,Faridabad; Jaipur; Faridabad; Delhi,1,0.7235,Former Partner,Relationship evidence between Rahul Singh 52287 and Vikram Patel 77188. Phone records show 14 calls. Transaction records show 4 transactions. Meeting records show 4 meetings.
REL00388,P0575,Arjun Agarwal 22041,P0176,Aditya Khan,11,2024-12-02; 2025-05-27; 2025-03-06; 2024-05-11; 2025-09-11; 2026-01-10; 2025-05-03; 2026-01-10; 2026-08-15; 2024-08-11; 2025-08-12,1430; 1734; 1151; 1375; 1638; 1129; 1253; 612; 264; 570; 382,11538,0,,,0.0,5,2024-04-16; 2024-01-09; 2026-07-04; 2026-02-17; 2025-08-07,Chandigarh; Gurugram; Delhi; Gurugram; Noida,1,0.8339,Colleague,Relationship evidence between Arjun Agarwal 22041 and Aditya Khan. Phone records show 11 calls. Transaction records show 0 transactions. Meeting records show 5 meetings.
REL00389,P0045,Anjali Sharma,P0491,Riya Khan 18221,2,2024-07-16; 2024-10-20,665; 746,1411,2,2026-03-14; 2025-02-26,12641; 11532,24173.0,1,2025-04-28,Agra,0,0.0548,Business Contact,"Observed interaction between Anjali Sharma and Riya Khan 18221. Available records include 2 calls, 2 transactions, and 1 meetings. Evidence does not establish a meaningful relationship."
REL00390,P0129,Karan Patel 93970,P0039,Deepak Khan 71122,12,2024-10-11; 2025-08-03; 2025-03-19; 2026-05-18; 2024-11-07; 2025-01-25; 2026-08-09; 2024-03-06; 2024-05-31; 2026-01-10; 2025-09-17; 2024-08-16,2440; 343; 3490; 232; 699; 3139; 1577; 556; 678; 3309; 590; 955,18008,3,2026-01-21; 2026-06-03; 2025-04-17,97377; 235043; 113149,445569.0,4,2026-06-04; 2024-12-30; 2025-06-25; 2025-12-24,Agra; Jaipur; Ghaziabad; Meerut,1,0.8839,Colleague,Relationship evidence between Karan Patel 93970 and Deepak Khan 71122. Phone records show 12 calls. Transaction records show 3 transactions. Meeting records show 4 meetings.
REL00391,P0483,Nisha Patel 11594,P0003,Sahil Kumar,18,2024-09-24; 2025-12-23; 2025-01-04; 2025-07-19; 2024-11-01; 2024-07-12; 2024-09-22; 2025-12-13; 2024-12-01; 2025-02-10; 2025-02-01; 2024-08-14; 2024-03-27; 2024-03-15; 2024-08-16; 2026-08-14; 2025-07-09; 2025-07-17,819; 158; 479; 667; 435; 450; 1757; 894; 382; 1433; 1577; 337; 128; 569; 459; 694; 996; 659,12893,2,2024-07-06; 2024-09-28,55290; 29251,84541.0,5,2025-11-02; 2024-04-20; 2024-01-20; 2024-11-04; 2024-08-25,Chandigarh; Agra; Jaipur; Lucknow; Jaipur,0,0.4735,Business Contact,"Observed interaction between Nisha Patel 11594 and Sahil Kumar. Available records include 18 calls, 2 transactions, and 5 meetings. Evidence does not establish a meaningful relationship."
REL00392,P0554,Yash Khan 6118,P0029,Vikram Gupta,14,2025-08-05; 2026-05-31; 2024-10-14; 2025-01-25; 2026-02-10; 2025-08-19; 2024-02-21; 2024-06-05; 2026-06-26; 2026-04-04; 2025-10-31; 2024-04-01; 2025-10-24; 2025-11-09,1057; 957; 645; 191; 1013; 599; 445; 136; 678; 485; 1783; 712; 179; 377,9257,5,2024-08-21; 2025-07-03; 2026-03-23; 2026-03-21; 2026-05-04,50052; 8151; 23413; 23231; 38743,143590.0,2,2025-03-08; 2025-02-04,Meerut; Gurugram,1,0.698,Associate,Relationship evidence between Yash Khan 6118 and Vikram Gupta. Phone records show 14 calls. Transaction records show 5 transactions. Meeting records show 2 meetings.
REL00393,P0345,Karan Gupta 73681,P0164,Vikram Bansal,24,2024-06-05; 2025-09-30; 2026-03-23; 2024-08-27; 2024-01-10; 2024-05-19; 2024-01-17; 2024-05-17; 2024-12-04; 2025-02-14; 2025-08-10; 2024-04-20; 2024-08-08; 2024-07-28; 2026-06-17; 2024-01-11; 2024-08-23; 2024-01-23; 2024-08-12; 2024-07-21; 2024-09-16; 2025-02-22; 2025-04-24; 2025-03-27,397; 3126; 2955; 623; 2865; 1872; 3328; 1988; 1615; 3461; 163; 1912; 1868; 701; 3298; 2079; 2617; 2618; 1542; 3195; 3453; 1411; 1140; 3185,51412,5,2024-02-28; 2024-06-26; 2024-10-11; 2025-10-19; 2025-01-14,65209; 24693; 30510; 246850; 55361,422623.0,6,2026-07-21; 2024-08-24; 2026-01-22; 2025-08-18; 2025-07-23; 2026-02-27,Faridabad; Chandigarh; Gurugram; Ghaziabad; Delhi; Ghaziabad,1,0.8123,Colleague,Relationship evidence between Karan Gupta 73681 and Vikram Bansal. Phone records show 24 calls. Transaction records show 5 transactions. Meeting records show 6 meetings.
REL00394,P0135,Vikram Singh,P0048,Manish Singh,22,2026-04-08; 2026-01-29; 2026-03-27; 2026-07-28; 2026-02-28; 2024-01-17; 2024-04-03; 2025-04-10; 2026-01-04; 2024-06-15; 2024-06-16; 2025-11-08; 2026-03-27; 2024-05-15; 2024-10-26; 2024-02-23; 2026-06-21; 2025-01-17; 2024-02-29; 2025-03-25; 2026-04-13; 2026-06-18,1539; 907; 1762; 590; 1412; 1179; 1007; 1554; 1649; 268; 1763; 1035; 1375; 1362; 1475; 1074; 717; 1749; 593; 907; 276; 1334,25527,5,2026-03-16; 2026-05-02; 2025-09-07; 2026-08-16; 2026-06-01,25970; 36564; 8559; 52635; 49154,172882.0,4,2025-10-17; 2025-07-08; 2024-08-20; 2025-07-03,Chandigarh; Gurugram; Chandigarh; Gurugram,0,0.3188,Acquaintance,"Observed interaction between Vikram Singh and Manish Singh. Available records include 22 calls, 5 transactions, and 4 meetings. Evidence does not establish a meaningful relationship."
REL00395,P0066,Rohan Patel,P0185,Aditya Kumar,2,2026-04-01; 2025-08-21,820; 724,1544,2,2024-12-17; 2025-01-29,13417; 17990,31407.0,0,,,0,0.1058,Colleague,"Observed interaction between Rohan Patel and Aditya Kumar. Available records include 2 calls, 2 transactions, and 0 meetings. Evidence does not establish a meaningful relationship."
REL00396,P0261,Abhishek Verma,P0520,Arjun Agarwal 30984,5,2025-05-12; 2024-09-12; 2025-10-04; 2024-07-11; 2025-04-07,607; 807; 98; 833; 210,2555,0,,,0.0,0,,,0,0.0439,Acquaintance,"Observed interaction between Abhishek Verma and Arjun Agarwal 30984. Available records include 5 calls, 0 transactions, and 0 meetings. Evidence does not establish a meaningful relationship."
REL00397,P0087,Deepak Chauhan,P0089,Deepak Mehta,0,,,0,2,2025-06-09; 2024-02-12,8223; 23335,31558.0,1,2024-12-20,Lucknow,0,0.1514,Associate,"Observed interaction between Deepak Chauhan and Deepak Mehta. Available records include 0 calls, 2 transactions, and 1 meetings. Evidence does not establish a meaningful relationship."
REL00398,P0052,Nisha Pandey,P0076,Sahil Chauhan,1,2025-12-11,56,56,1,2026-03-28,21120,21120.0,2,2026-08-12; 2024-08-18,Agra; Gurugram,1,0.5558,Known Associate,Relationship evidence between Nisha Pandey and Sahil Chauhan. Phone records show 1 calls. Transaction records show 1 transactions. Meeting records show 2 meetings.
REL00399,P0258,Saurabh Mehta,P0364,Priya Pandey 64238,4,2026-06-26; 2026-07-07; 2026-02-21; 2024-04-22,525; 124; 196; 199,1044,1,2024-05-25,16629,16629.0,2,2026-08-26; 2025-02-01,Faridabad; Ghaziabad,0,0.0849,Colleague,"Observed interaction between Saurabh Mehta and Priya Pandey 64238. Available records include 4 calls, 1 transactions, and 2 meetings. Evidence does not establish a meaningful relationship."
REL00400,P0466,Shreya Patel,P0187,Karan Khan,1,2024-06-02,167,167,1,2024-04-25,12810,12810.0,2,2024-06-29; 2025-01-20,Meerut; Faridabad,1,0.6273,Colleague,Relationship evidence between Shreya Patel and Karan Khan. Phone records show 1 calls. Transaction records show 1 transactions. Meeting records show 2 meetings.
REL00401,P0392,Aditya Pandey,P0197,Divya Khan,1,2024-07-26,316,316,2,2024-10-28; 2024-11-05,15010; 1106,16116.0,1,2024-11-08,Lucknow,1,0.7022,Colleague,Relationship evidence between Aditya Pandey and Divya Khan. Phone records show 1 calls. Transaction records show 2 transactions. Meeting records show 1 meetings.
REL00402,P0512,Nikhil Sharma 82293,P0521,Deepak Yadav,23,2024-01-22; 2026-04-03; 2024-06-19; 2024-01-11; 2026-05-30; 2025-01-18; 2025-09-20; 2025-11-30; 2025-01-21; 2026-02-23; 2025-06-03; 2025-12-01; 2024-12-23; 2024-03-14; 2025-09-18; 2026-02-23; 2026-06-14; 2024-11-16; 2024-07-13; 2026-03-17; 2025-11-29; 2025-04-03; 2025-05-23,1174; 2675; 2995; 864; 1747; 1869; 2719; 2814; 976; 775; 2568; 3155; 1416; 1816; 1075; 1217; 877; 1972; 2159; 2062; 1426; 3375; 818,42544,6,2024-06-12; 2026-07-22; 2025-01-02; 2025-08-03; 2024-06-06; 2024-01-18,119670; 31116; 242212; 114691; 101564; 152275,761528.0,1,2024-03-26,Gurugram,0,0.4833,Colleague,"Observed interaction between Nikhil Sharma 82293 and Deepak Yadav. Available records include 23 calls, 6 transactions, and 1 meetings. Evidence does not establish a meaningful relationship."
REL00403,P0138,Nikhil Gupta,P0029,Vikram Gupta,35,2025-08-29; 2024-10-19; 2024-04-29; 2024-03-14; 2024-11-26; 2026-08-04; 2026-06-04; 2026-08-09; 2026-02-26; 2025-02-24; 2024-08-11; 2024-02-13; 2024-06-04; 2025-08-28; 2024-11-21; 2024-11-19; 2026-02-14; 2025-11-11; 2025-12-18; 2025-08-18; 2025-02-15; 2024-08-26; 2025-03-22; 2024-09-07; 2025-04-19; 2025-11-15; 2026-01-07; 2026-04-11; 2024-06-06; 2025-10-23; 2025-02-22; 2024-06-25; 2026-04-26; 2025-09-29; 2026-01-10,1335; 2840; 3249; 856; 295; 1887; 1664; 431; 1493; 2836; 1181; 2673; 2226; 230; 2767; 2859; 2377; 1511; 517; 916; 958; 3084; 558; 1033; 2801; 2324; 3234; 285; 298; 1236; 2470; 2309; 1039; 3005; 763,59540,5,2024-03-06; 2026-04-18; 2025-10-19; 2024-03-26; 2024-06-30,232954; 49803; 34736; 227274; 55323,600090.0,3,2026-03-11; 2024-03-19; 2025-01-16,Faridabad; Lucknow; Noida,1,0.9136,Acquaintance,Relationship evidence between Nikhil Gupta and Vikram Gupta. Phone records show 35 calls. Transaction records show 5 transactions. Meeting records show 3 meetings.
REL00404,P0552,Neha Kumar 22714,P0158,Akash Kumar,9,2025-02-15; 2024-11-01; 2026-07-04; 2024-01-09; 2024-04-16; 2026-02-20; 2025-08-19; 2024-04-22; 2025-06-27,354; 288; 589; 570; 79; 418; 336; 332; 788,3754,1,2024-05-16,22576,22576.0,3,2024-01-01; 2024-02-13; 2026-03-24,Jaipur; Gurugram; Agra,1,0.7284,Known Associate,Relationship evidence between Neha Kumar 22714 and Akash Kumar. Phone records show 9 calls. Transaction records show 1 transactions. Meeting records show 3 meetings.
REL00405,P0510,Karan Bansal 52695,P0453,Vikram Yadav 96722,9,2026-05-01; 2024-11-17; 2025-06-17; 2024-12-01; 2026-03-05; 2026-01-24; 2025-02-01; 2025-10-15; 2025-02-15,308; 428; 786; 338; 813; 783; 141; 630; 465,4692,1,2026-01-11,4736,4736.0,1,2024-08-10,Faridabad,1,0.6476,Acquaintance,Relationship evidence between Karan Bansal 52695 and Vikram Yadav 96722. Phone records show 9 calls. Transaction records show 1 transactions. Meeting records show 1 meetings.
REL00406,P0115,Nikhil Verma,P0145,Rahul Mehta 69879,39,2024-03-17; 2024-07-16; 2024-07-06; 2024-01-18; 2024-11-08; 2025-12-07; 2024-03-06; 2024-02-16; 2024-10-18; 2024-06-16; 2025-09-18; 2024-09-16; 2025-06-28; 2024-08-10; 2026-03-25; 2024-04-25; 2024-10-15; 2026-01-20; 2025-05-12; 2026-08-18; 2025-06-07; 2026-07-28; 2026-06-20; 2025-08-04; 2026-03-02; 2026-06-01; 2025-12-17; 2026-06-05; 2024-04-24; 2024-04-02; 2025-04-27; 2026-06-02; 2025-09-21; 2025-04-02; 2024-06-06; 2026-04-25; 2026-02-17; 2025-02-20; 2025-08-25,2616; 2553; 2630; 1257; 2476; 2948; 2277; 515; 2789; 778; 2224; 2980; 935; 574; 3132; 2370; 201; 353; 1018; 1889; 1849; 1798; 205; 3140; 2938; 3172; 808; 3012; 128; 375; 142; 1544; 925; 3183; 780; 2328; 1498; 912; 2348,67600,5,2025-02-09; 2024-07-12; 2026-06-12; 2024-04-08; 2024-01-04,94348; 175624; 22166; 95626; 222235,609999.0,3,2024-07-02; 2024-10-03; 2024-09-07,Lucknow; Ghaziabad; Lucknow,1,0.9133,Acquaintance,Relationship evidence between Nikhil Verma and Rahul Mehta 69879. Phone records show 39 calls. Transaction records show 5 transactions. Meeting records show 3 meetings.
REL00407,P0364,Priya Pandey 64238,P0567,Rohan Pandey 67265,1,2024-06-24,695,695,1,2026-03-08,18999,18999.0,2,2026-02-24; 2025-09-18,Delhi; Delhi,0,0.1634,Acquaintance,"Observed interaction between Priya Pandey 64238 and Rohan Pandey 67265. Available records include 1 calls, 1 transactions, and 2 meetings. Evidence does not establish a meaningful relationship."
REL00408,P0547,Deepak Sharma 15265,P0443,Sneha Khanna 9925,6,2026-08-13; 2024-09-06; 2026-05-28; 2024-08-20; 2024-06-30; 2026-05-14,589; 231; 533; 644; 414; 709,3120,1,2026-03-19,7179,7179.0,1,2024-08-07,Chandigarh,0,0.1486,Colleague,"Observed interaction between Deepak Sharma 15265 and Sneha Khanna 9925. Available records include 6 calls, 1 transactions, and 1 meetings. Evidence does not establish a meaningful relationship."
REL00409,P0086,Pooja Bansal,P0518,Sahil Malhotra 77265,25,2025-02-11; 2025-04-10; 2024-04-17; 2024-09-10; 2025-03-20; 2025-07-19; 2024-11-08; 2026-03-06; 2024-04-21; 2024-01-01; 2024-03-17; 2024-07-13; 2024-06-07; 2025-11-10; 2025-06-01; 2026-03-21; 2024-06-09; 2024-07-24; 2026-07-10; 2024-08-19; 2026-01-04; 2025-09-15; 2024-06-05; 2024-04-11; 2025-11-20,2334; 3598; 2201; 3114; 1036; 1550; 885; 2008; 3139; 2577; 3103; 379; 2284; 2073; 1452; 3020; 3250; 3135; 2988; 201; 1783; 2095; 2139; 1699; 509,52552,2,2025-10-28; 2024-02-14,120753; 208054,328807.0,6,2025-10-06; 2026-01-10; 2025-01-14; 2026-04-25; 2025-08-18; 2024-06-20,Delhi; Lucknow; Lucknow; Noida; Faridabad; Ghaziabad,0,0.4696,Business Contact,"Observed interaction between Pooja Bansal and Sahil Malhotra 77265. Available records include 25 calls, 2 transactions, and 6 meetings. Evidence does not establish a meaningful relationship."
REL00410,P0131,Aman Agarwal,P0479,Kavya Malhotra,3,2025-04-16; 2026-07-29; 2025-05-30,731; 133; 380,1244,1,2025-08-30,14229,14229.0,0,,,0,0.207,Former Partner,"Observed interaction between Aman Agarwal and Kavya Malhotra. Available records include 3 calls, 1 transactions, and 0 meetings. Evidence does not establish a meaningful relationship."
REL00411,P0547,Deepak Sharma 15265,P0253,Yash Bansal 88806,5,2024-07-01; 2026-01-22; 2025-11-22; 2024-01-18; 2026-01-03,861; 769; 174; 738; 420,2962,1,2025-01-20,12579,12579.0,3,2025-12-13; 2026-04-21; 2025-02-12,Lucknow; Jaipur; Gurugram,1,0.6335,Former Partner,Relationship evidence between Deepak Sharma 15265 and Yash Bansal 88806. Phone records show 5 calls. Transaction records show 1 transactions. Meeting records show 3 meetings.
REL00412,P0363,Neha Singh 41516,P0589,Vikram Sharma 51362,1,2024-07-28,335,335,1,2025-09-23,17120,17120.0,1,2025-08-30,Agra,0,0.313,Associate,"Observed interaction between Neha Singh 41516 and Vikram Sharma 51362. Available records include 1 calls, 1 transactions, and 1 meetings. Evidence does not establish a meaningful relationship."
REL00413,P0167,Vikram Chauhan 10364,P0352,Priya Mehta 17710,12,2025-10-13; 2024-01-10; 2026-02-21; 2025-03-31; 2026-01-25; 2024-11-01; 2026-06-26; 2024-05-19; 2025-08-16; 2026-06-01; 2025-09-14; 2024-01-24,1942; 1218; 2689; 2066; 704; 3252; 2648; 1807; 1852; 2537; 1367; 377,22459,5,2026-02-21; 2025-03-24; 2025-08-10; 2025-09-25; 2025-02-09,136990; 15660; 157439; 11008; 155030,476127.0,6,2026-03-11; 2025-09-01; 2025-04-13; 2024-11-10; 2025-12-03; 2025-11-27,Chandigarh; Faridabad; Lucknow; Meerut; Agra; Agra,0,0.2995,Acquaintance,"Observed interaction between Vikram Chauhan 10364 and Priya Mehta 17710. Available records include 12 calls, 5 transactions, and 6 meetings. Evidence does not establish a meaningful relationship."
REL00414,P0283,Yash Bansal 88919,P0078,Rohan Yadav,24,2025-02-24; 2025-04-18; 2024-09-05; 2024-10-22; 2026-05-09; 2025-04-14; 2025-06-15; 2026-08-24; 2025-10-07; 2024-12-17; 2024-07-30; 2025-02-12; 2026-01-20; 2025-08-18; 2025-07-03; 2026-04-07; 2025-06-30; 2024-04-19; 2025-01-24; 2024-10-26; 2026-03-06; 2025-08-21; 2025-06-30; 2024-01-29,1206; 1307; 1414; 160; 3365; 2597; 802; 2835; 2741; 2228; 3422; 1735; 160; 1458; 820; 604; 3543; 248; 791; 1752; 691; 1998; 280; 1744,37901,7,2025-02-13; 2024-10-23; 2025-07-20; 2025-09-08; 2026-07-12; 2024-03-03; 2024-01-19,230166; 152701; 56960; 80925; 150153; 228513; 76234,975652.0,2,2025-01-02; 2025-06-16,Noida; Ghaziabad,1,0.7501,Former Partner,Relationship evidence between Yash Bansal 88919 and Rohan Yadav. Phone records show 24 calls. Transaction records show 7 transactions. Meeting records show 2 meetings.
REL00415,P0553,Aman Chauhan 20789,P0587,Abhishek Bansal 29880,4,2024-12-03; 2025-05-09; 2024-11-08; 2025-11-13,854; 573; 584; 262,2273,2,2025-09-25; 2025-09-01,24646; 16023,40669.0,0,,,1,0.5286,Former Partner,Relationship evidence between Aman Chauhan 20789 and Abhishek Bansal 29880. Phone records show 4 calls. Transaction records show 2 transactions. Meeting records show 0 meetings.
REL00416,P0109,Rohan Verma,P0567,Rohan Pandey 67265,3,2024-06-01; 2026-08-05; 2025-04-02,827; 399; 33,1259,0,,,0.0,0,,,0,0.0261,Business Contact,"Observed interaction between Rohan Verma and Rohan Pandey 67265. Available records include 3 calls, 0 transactions, and 0 meetings. Evidence does not establish a meaningful relationship."
REL00417,P0218,Aditya Agarwal,P0048,Manish Singh,15,2026-02-17; 2025-11-26; 2025-02-16; 2024-04-14; 2025-08-29; 2026-06-28; 2026-06-09; 2026-03-08; 2025-09-02; 2024-12-30; 2025-10-22; 2024-07-27; 2024-01-18; 2026-07-22; 2026-08-31,792; 853; 659; 258; 1202; 594; 1631; 1217; 452; 1750; 957; 1168; 1421; 1789; 662,15405,5,2025-03-18; 2025-04-04; 2025-08-06; 2024-02-23; 2025-05-29,64895; 4556; 17507; 71575; 63879,222412.0,4,2024-06-14; 2025-02-28; 2026-06-18; 2025-10-20,Delhi; Delhi; Noida; Ghaziabad,1,0.6911,Acquaintance,Relationship evidence between Aditya Agarwal and Manish Singh. Phone records show 15 calls. Transaction records show 5 transactions. Meeting records show 4 meetings.
REL00418,P0126,Raj Khanna,P0049,Amit Khan,13,2025-09-07; 2025-09-01; 2026-08-18; 2024-02-14; 2025-02-06; 2025-05-10; 2024-10-07; 2025-11-12; 2024-12-17; 2025-03-08; 2025-07-26; 2026-07-13; 2026-08-09,1761; 3472; 1652; 795; 1352; 278; 1667; 700; 3345; 3307; 636; 598; 1445,21008,5,2026-07-21; 2024-12-18; 2025-09-17; 2025-09-03; 2025-03-22,238653; 135222; 45894; 92687; 121534,633990.0,3,2026-02-25; 2024-07-01; 2024-07-07,Gurugram; Noida; Agra,0,0.2028,Business Contact,"Observed interaction between Raj Khanna and Amit Khan. Available records include 13 calls, 5 transactions, and 3 meetings. Evidence does not establish a meaningful relationship."
REL00419,P0242,Riya Agarwal,P0221,Divya Verma 65032,25,2025-05-25; 2024-11-10; 2025-05-06; 2026-07-11; 2025-02-02; 2024-11-06; 2025-07-08; 2024-10-22; 2025-12-02; 2026-03-15; 2024-11-29; 2025-01-16; 2025-09-03; 2024-08-16; 2025-09-07; 2025-03-23; 2024-11-30; 2024-06-23; 2024-04-08; 2026-05-18; 2026-04-23; 2026-04-17; 2024-08-25; 2025-07-01; 2024-08-18,700; 72; 1061; 1760; 227; 340; 648; 742; 1552; 772; 506; 268; 400; 1496; 1757; 1280; 175; 66; 1577; 570; 867; 321; 1408; 438; 247,19250,5,2026-08-10; 2026-06-08; 2024-03-10; 2026-08-09; 2026-01-04,63905; 33041; 20767; 62727; 66835,247275.0,4,2024-06-09; 2025-03-11; 2026-03-01; 2024-10-04,Lucknow; Lucknow; Ghaziabad; Agra,0,0.3213,Colleague,"Observed interaction between Riya Agarwal and Divya Verma 65032. Available records include 25 calls, 5 transactions, and 4 meetings. Evidence does not establish a meaningful relationship."
REL00420,P0329,Priya Mehta,P0568,Anjali Gupta,10,2025-11-28; 2026-05-11; 2024-12-20; 2024-05-23; 2025-12-30; 2026-05-29; 2024-11-16; 2024-04-13; 2025-02-19; 2024-04-28,2177; 1462; 2123; 1628; 2638; 464; 1957; 392; 344; 1496,14681,3,2026-07-27; 2024-02-23; 2025-06-25,233262; 176915; 22363,432540.0,5,2025-01-06; 2024-11-11; 2025-09-05; 2024-04-04; 2024-09-21,Chandigarh; Chandigarh; Faridabad; Faridabad; Chandigarh,0,0.2806,Business Contact,"Observed interaction between Priya Mehta and Anjali Gupta. Available records include 10 calls, 3 transactions, and 5 meetings. Evidence does not establish a meaningful relationship."
REL00421,P0375,Ravi Singh 33587,P0220,Pooja Agarwal,8,2026-06-13; 2025-06-25; 2026-01-19; 2026-01-31; 2026-05-23; 2026-01-19; 2024-10-29; 2024-04-24,1766; 1676; 1788; 1004; 303; 789; 1249; 674,9249,2,2025-12-20; 2026-04-05,62222; 28140,90362.0,4,2024-09-23; 2024-10-23; 2026-05-17; 2026-07-11,Agra; Ghaziabad; Delhi; Meerut,1,0.6264,Business Contact,Relationship evidence between Ravi Singh 33587 and Pooja Agarwal. Phone records show 8 calls. Transaction records show 2 transactions. Meeting records show 4 meetings.
REL00422,P0523,Anjali Verma 14527,P0548,Vikram Sharma,26,2025-06-26; 2024-08-10; 2025-03-07; 2024-03-26; 2026-06-13; 2026-03-17; 2024-03-11; 2025-12-05; 2024-07-24; 2024-09-02; 2026-04-25; 2025-10-21; 2025-06-17; 2026-07-29; 2025-09-07; 2024-07-05; 2025-03-13; 2026-08-16; 2024-02-08; 2025-06-09; 2025-04-30; 2025-06-02; 2025-07-01; 2026-06-29; 2024-06-28; 2026-04-11,2400; 399; 1564; 3373; 833; 2085; 2345; 2066; 924; 159; 1288; 3508; 2392; 1900; 873; 1414; 2922; 376; 1403; 863; 620; 1943; 2952; 1372; 1793; 1458,43225,6,2026-05-01; 2025-11-07; 2024-08-05; 2026-08-06; 2024-12-01; 2026-01-16,69356; 136518; 222904; 221229; 215586; 144180,1009773.0,2,2024-02-21; 2024-04-13,Lucknow; Agra,1,0.9486,Associate,Relationship evidence between Anjali Verma 14527 and Vikram Sharma. Phone records show 26 calls. Transaction records show 6 transactions. Meeting records show 2 meetings.
REL00423,P0365,Akash Gupta 34518,P0436,Yash Pandey,20,2025-05-23; 2024-03-30; 2026-01-22; 2025-05-05; 2025-03-29; 2026-01-30; 2025-01-22; 2026-08-13; 2024-06-15; 2025-08-29; 2026-04-08; 2025-02-11; 2025-08-25; 2026-08-12; 2024-03-07; 2024-11-13; 2024-08-17; 2024-08-02; 2026-04-13; 2025-02-09,679; 2527; 2596; 2477; 1172; 1660; 2696; 3371; 1881; 1193; 1518; 335; 2616; 2526; 2475; 2519; 3357; 238; 2944; 271,39051,4,2024-04-24; 2024-02-19; 2025-06-29; 2025-09-01,155254; 99203; 135748; 69736,459941.0,3,2025-08-14; 2024-01-18; 2025-06-28,Ghaziabad; Meerut; Gurugram,0,0.2333,Colleague,"Observed interaction between Akash Gupta 34518 and Yash Pandey. Available records include 20 calls, 4 transactions, and 3 meetings. Evidence does not establish a meaningful relationship."
REL00424,P0088,Riya Khan,P0554,Yash Khan 6118,3,2024-10-24; 2026-07-15; 2024-10-21,194; 686; 321,1201,2,2025-02-03; 2024-10-10,24621; 17362,41983.0,2,2026-03-06; 2025-06-13,Faridabad; Agra,0,0.2654,Former Partner,"Observed interaction between Riya Khan and Yash Khan 6118. Available records include 3 calls, 2 transactions, and 2 meetings. Evidence does not establish a meaningful relationship."
REL00425,P0469,Vivaan Khan 48030,P0597,Anjali Chauhan 88907,18,2026-07-21; 2026-06-16; 2025-01-14; 2026-04-23; 2026-03-04; 2026-06-30; 2025-05-17; 2024-12-02; 2025-10-12; 2025-12-28; 2025-08-07; 2024-12-22; 2026-02-11; 2025-06-16; 2024-05-09; 2026-08-26; 2025-06-14; 2026-01-29,287; 1785; 1273; 165; 426; 353; 206; 963; 1586; 1255; 1007; 1557; 1163; 1307; 1412; 1416; 1792; 1352,19305,1,2026-05-08,11696,11696.0,5,2026-04-19; 2024-05-20; 2024-11-02; 2025-06-25; 2025-07-07,Ghaziabad; Agra; Chandigarh; Noida; Chandigarh,1,0.5547,Business Contact,Relationship evidence between Vivaan Khan 48030 and Anjali Chauhan 88907. Phone records show 18 calls. Transaction records show 1 transactions. Meeting records show 5 meetings.
REL00426,P0337,Deepak Khan 67700,P0595,Rohan Chauhan,14,2026-03-24; 2026-08-06; 2024-07-30; 2025-03-11; 2025-05-23; 2026-02-17; 2026-06-13; 2024-06-12; 2025-06-19; 2025-02-04; 2025-06-19; 2024-04-17; 2024-03-25; 2024-07-05,1547; 505; 1367; 120; 489; 1141; 1089; 759; 1600; 949; 1798; 1158; 293; 1647,14462,5,2024-03-24; 2025-08-14; 2024-09-08; 2025-09-16; 2025-05-18,72617; 12457; 38058; 46113; 3488,172733.0,3,2026-06-27; 2026-04-20; 2024-01-24,Agra; Agra; Gurugram,0,0.4917,Colleague,"Observed interaction between Deepak Khan 67700 and Rohan Chauhan. Available records include 14 calls, 5 transactions, and 3 meetings. Evidence does not establish a meaningful relationship."
REL00427,P0456,Divya Gupta 68563,P0480,Aditya Agarwal 58388,15,2024-05-31; 2025-07-27; 2026-06-01; 2025-03-11; 2026-08-04; 2025-03-09; 2025-08-22; 2024-07-31; 2024-08-14; 2026-04-22; 2026-03-19; 2025-01-17; 2024-04-01; 2025-10-05; 2026-04-28,2811; 1402; 3169; 2186; 2325; 3195; 204; 3210; 3076; 2023; 3187; 168; 3269; 3544; 2859,36628,8,2024-11-22; 2024-07-18; 2024-05-09; 2025-11-20; 2025-02-08; 2024-01-21; 2026-02-03; 2026-02-01,41860; 41945; 160909; 73211; 216376; 163221; 30924; 12735,741181.0,4,2024-09-11; 2026-05-28; 2025-06-29; 2024-05-08,Agra; Chandigarh; Faridabad; Gurugram,1,0.8987,Former Partner,Relationship evidence between Divya Gupta 68563 and Aditya Agarwal 58388. Phone records show 15 calls. Transaction records show 8 transactions. Meeting records show 4 meetings.
REL00428,P0323,Saurabh Patel,P0358,Deepak Gupta 65326,12,2025-06-27; 2024-12-01; 2026-04-26; 2025-07-01; 2026-03-27; 2024-04-13; 2026-05-26; 2025-05-29; 2026-01-04; 2024-05-05; 2024-02-13; 2024-10-17,731; 184; 337; 673; 494; 1523; 1004; 483; 880; 202; 762; 1487,8760,7,2026-03-25; 2026-03-16; 2025-06-27; 2025-05-23; 2024-07-29; 2025-01-23; 2026-02-14,54698; 20331; 59654; 12337; 30446; 47702; 68801,293969.0,1,2026-01-07,Agra,0,0.3403,Acquaintance,"Observed interaction between Saurabh Patel and Deepak Gupta 65326. Available records include 12 calls, 7 transactions, and 1 meetings. Evidence does not establish a meaningful relationship."
REL00429,P0252,Saurabh Agarwal,P0215,Divya Sharma,4,2025-12-22; 2024-01-08; 2025-10-03; 2024-12-07,577; 349; 789; 881,2596,2,2025-03-16; 2024-04-02,12516; 21237,33753.0,0,,,1,0.7367,Business Contact,Relationship evidence between Saurabh Agarwal and Divya Sharma. Phone records show 4 calls. Transaction records show 2 transactions. Meeting records show 0 meetings.
REL00430,P0462,Aman Gupta,P0253,Yash Bansal 88806,5,2026-04-20; 2025-01-19; 2024-09-02; 2025-08-21; 2025-05-14,601; 210; 385; 375; 828,2399,1,2026-06-17,4290,4290.0,1,2024-04-13,Jaipur,0,0.1087,Associate,"Observed interaction between Aman Gupta and Yash Bansal 88806. Available records include 5 calls, 1 transactions, and 1 meetings. Evidence does not establish a meaningful relationship."
REL00431,P0403,Karan Bansal,P0044,Ravi Kumar,1,2025-04-27,517,517,2,2024-07-05; 2025-04-12,1423; 5690,7113.0,0,,,0,0.1952,Acquaintance,"Observed interaction between Karan Bansal and Ravi Kumar. Available records include 1 calls, 2 transactions, and 0 meetings. Evidence does not establish a meaningful relationship."
REL00432,P0432,Akash Agarwal 10255,P0388,Nikhil Patel 86106,5,2025-06-17; 2024-03-25; 2025-01-21; 2026-04-06; 2024-09-18,1170; 401; 3466; 3006; 2917,10960,6,2025-02-26; 2024-03-19; 2024-02-05; 2026-07-03; 2024-04-17; 2025-09-30,192601; 131065; 94758; 176358; 243739; 63670,902191.0,2,2024-12-08; 2025-07-02,Faridabad; Jaipur,0,0.4899,Business Contact,"Observed interaction between Akash Agarwal 10255 and Nikhil Patel 86106. Available records include 5 calls, 6 transactions, and 2 meetings. Evidence does not establish a meaningful relationship."
REL00433,P0044,Ravi Kumar,P0383,Riya Yadav 14586,6,2025-05-17; 2024-08-07; 2024-01-09; 2024-09-27; 2024-05-26; 2025-05-13,919; 487; 924; 335; 1102; 269,4036,4,2024-09-26; 2025-10-10; 2024-09-22; 2025-11-23,37466; 61413; 17212; 71319,187410.0,6,2026-02-12; 2025-08-15; 2024-08-23; 2025-08-29; 2024-11-20; 2026-03-24,Ghaziabad; Delhi; Agra; Jaipur; Agra; Delhi,0,0.3464,Business Contact,"Observed interaction between Ravi Kumar and Riya Yadav 14586. Available records include 6 calls, 4 transactions, and 6 meetings. Evidence does not establish a meaningful relationship."
REL00434,P0412,Neha Khanna,P0267,Saurabh Singh,29,2025-06-01; 2025-07-03; 2026-02-20; 2026-05-28; 2024-10-11; 2026-08-19; 2025-09-20; 2025-06-05; 2025-04-10; 2026-02-22; 2024-10-03; 2026-06-11; 2024-11-23; 2026-02-11; 2024-12-25; 2024-04-24; 2026-05-26; 2025-12-24; 2024-08-30; 2026-05-01; 2026-05-01; 2026-02-24; 2024-12-02; 2025-07-04; 2026-02-05; 2026-07-03; 2025-04-09; 2024-05-19; 2026-05-16,1065; 312; 988; 604; 462; 103; 1374; 930; 1710; 1192; 1206; 305; 1675; 276; 1611; 845; 1778; 1764; 1740; 614; 1648; 1536; 1628; 1757; 131; 475; 684; 486; 1269,30168,1,2025-05-30,70513,70513.0,5,2026-07-11; 2024-03-07; 2025-06-03; 2025-05-20; 2024-07-29,Lucknow; Chandigarh; Chandigarh; Meerut; Lucknow,0,0.2779,Business Contact,"Observed interaction between Neha Khanna and Saurabh Singh. Available records include 29 calls, 1 transactions, and 5 meetings. Evidence does not establish a meaningful relationship."
REL00435,P0240,Amit Yadav,P0220,Pooja Agarwal,14,2024-04-06; 2024-08-26; 2026-01-04; 2024-01-09; 2025-09-11; 2024-01-13; 2025-09-29; 2026-07-24; 2024-04-25; 2026-08-22; 2024-12-23; 2024-07-16; 2025-06-08; 2026-04-25,1364; 918; 107; 441; 1176; 321; 870; 332; 774; 601; 1672; 401; 140; 596,9713,8,2024-03-10; 2025-11-01; 2026-05-17; 2024-06-23; 2026-06-02; 2026-06-09; 2024-08-26; 2026-07-04,13140; 6567; 48674; 61009; 62532; 19557; 2959; 37196,251634.0,4,2026-02-15; 2024-10-13; 2024-03-08; 2024-01-21,Delhi; Chandigarh; Agra; Faridabad,0,0.2349,Colleague,"Observed interaction between Amit Yadav and Pooja Agarwal. Available records include 14 calls, 8 transactions, and 4 meetings. Evidence does not establish a meaningful relationship."
REL00436,P0221,Divya Verma 65032,P0164,Vikram Bansal,16,2025-09-28; 2025-05-09; 2026-01-01; 2025-09-22; 2024-11-12; 2024-04-11; 2025-10-11; 2026-08-03; 2024-05-27; 2024-05-27; 2026-02-07; 2024-10-10; 2025-07-11; 2025-04-21; 2024-01-29; 2025-08-24,1555; 1566; 1202; 1032; 369; 1584; 858; 583; 1236; 893; 479; 435; 423; 824; 220; 1075,14334,4,2026-05-12; 2024-11-01; 2026-03-23; 2024-05-27,26316; 39960; 3833; 36736,106845.0,5,2026-05-02; 2026-06-30; 2025-12-11; 2025-10-23; 2025-11-20,Ghaziabad; Gurugram; Jaipur; Noida; Noida,0,0.3867,Business Contact,"Observed interaction between Divya Verma 65032 and Vikram Bansal. Available records include 16 calls, 4 transactions, and 5 meetings. Evidence does not establish a meaningful relationship."
REL00437,P0053,Rahul Gupta 1855,P0037,Saurabh Khanna,2,2025-03-17; 2024-04-11,724; 410,1134,1,2024-08-08,2146,2146.0,2,2025-05-01; 2024-01-13,Gurugram; Lucknow,0,0.1458,Colleague,"Observed interaction between Rahul Gupta 1855 and Saurabh Khanna. Available records include 2 calls, 1 transactions, and 2 meetings. Evidence does not establish a meaningful relationship."
REL00438,P0174,Kavya Chauhan,P0058,Yash Yadav,5,2024-12-09; 2026-03-09; 2026-03-22; 2024-08-30; 2025-02-04,1703; 908; 1537; 337; 203,4688,0,,,0.0,5,2025-08-07; 2025-01-04; 2024-07-20; 2025-02-23; 2025-07-10,Agra; Delhi; Delhi; Meerut; Chandigarh,1,0.707,Colleague,Relationship evidence between Kavya Chauhan and Yash Yadav. Phone records show 5 calls. Transaction records show 0 transactions. Meeting records show 5 meetings.
REL00439,P0321,Amit Bansal 21135,P0031,Pooja Khanna,2,2024-05-19; 2024-12-07,837; 596,1433,1,2024-01-13,1351,1351.0,1,2026-03-28,Chandigarh,1,0.5149,Associate,Relationship evidence between Amit Bansal 21135 and Pooja Khanna. Phone records show 2 calls. Transaction records show 1 transactions. Meeting records show 1 meetings.
REL00440,P0473,Shreya Chauhan 2816,P0092,Manish Verma 45891,6,2025-04-07; 2024-06-24; 2024-06-13; 2024-04-05; 2024-04-21; 2024-07-28,573; 852; 409; 599; 62; 781,3276,0,,,0.0,2,2025-06-05; 2025-04-28,Noida; Jaipur,0,0.1785,Colleague,"Observed interaction between Shreya Chauhan 2816 and Manish Verma 45891. Available records include 6 calls, 0 transactions, and 2 meetings. Evidence does not establish a meaningful relationship."
REL00441,P0191,Divya Bansal 5807,P0123,Akash Sharma,28,2026-08-02; 2025-12-27; 2026-03-03; 2024-10-13; 2026-01-31; 2025-02-21; 2026-03-22; 2024-04-24; 2025-05-22; 2024-04-23; 2025-08-06; 2024-06-20; 2025-07-14; 2026-04-07; 2024-03-11; 2025-04-30; 2026-05-04; 2024-01-07; 2025-04-10; 2024-09-19; 2024-11-09; 2024-09-07; 2025-02-20; 2024-02-25; 2024-05-28; 2026-04-24; 2024-08-18; 2026-02-16,1355; 1320; 3341; 659; 872; 1596; 710; 500; 2773; 1747; 183; 710; 1522; 861; 999; 2527; 1225; 3213; 457; 701; 3120; 2841; 3111; 189; 2509; 1232; 1369; 3158,44800,8,2026-04-23; 2025-04-01; 2026-03-27; 2026-05-12; 2025-04-30; 2026-06-23; 2024-07-03; 2025-01-19,171749; 15925; 64589; 186790; 57875; 120275; 178179; 173973,969355.0,8,2024-12-27; 2024-11-19; 2024-04-06; 2024-08-18; 2026-08-03; 2024-05-13; 2025-04-26; 2025-02-22,Noida; Chandigarh; Agra; Faridabad; Lucknow; Delhi; Gurugram; Faridabad,1,0.968,Associate,Relationship evidence between Divya Bansal 5807 and Akash Sharma. Phone records show 28 calls. Transaction records show 8 transactions. Meeting records show 8 meetings.
REL00442,P0368,Kavya Pandey 77372,P0599,Neha Singh 485,2,2024-02-07; 2024-05-14,128; 128,256,0,,,0.0,1,2025-08-11,Noida,0,0.1187,Former Partner,"Observed interaction between Kavya Pandey 77372 and Neha Singh 485. Available records include 2 calls, 0 transactions, and 1 meetings. Evidence does not establish a meaningful relationship."
REL00443,P0550,Arjun Mehta,P0596,Anjali Patel 67257,10,2024-10-19; 2026-01-20; 2025-09-13; 2026-04-01; 2025-07-02; 2026-06-25; 2025-02-27; 2024-09-18; 2025-05-05; 2025-07-23,1872; 3360; 2224; 2882; 1845; 639; 996; 2018; 1673; 360,17869,7,2026-07-18; 2024-01-10; 2025-05-27; 2025-06-22; 2024-10-02; 2024-11-15; 2025-04-12,77847; 16195; 144000; 206398; 70482; 124903; 225184,865009.0,5,2025-11-04; 2025-07-24; 2024-03-31; 2025-08-01; 2024-04-22,Agra; Delhi; Chandigarh; Faridabad; Agra,0,0.4962,Acquaintance,"Observed interaction between Arjun Mehta and Anjali Patel 67257. Available records include 10 calls, 7 transactions, and 5 meetings. Evidence does not establish a meaningful relationship."
REL00444,P0134,Deepak Mehta 60876,P0088,Riya Khan,31,2025-02-17; 2025-08-07; 2026-01-24; 2026-01-13; 2026-02-21; 2025-06-25; 2026-08-13; 2026-04-23; 2026-02-25; 2026-07-04; 2026-08-23; 2024-07-25; 2025-02-06; 2025-09-14; 2026-01-17; 2025-10-02; 2024-05-10; 2026-05-03; 2024-07-21; 2026-03-15; 2024-11-29; 2024-08-23; 2024-10-12; 2025-07-07; 2024-10-02; 2025-06-06; 2025-03-23; 2024-10-03; 2025-04-04; 2026-08-25; 2026-08-31,280; 2185; 766; 600; 1037; 2471; 2281; 1800; 1424; 1243; 1888; 887; 726; 3046; 159; 808; 390; 801; 936; 3165; 3097; 2133; 2931; 3161; 727; 179; 1591; 1466; 126; 972; 3238,46514,3,2024-08-11; 2024-01-03; 2024-03-03,15405; 14764; 153797,183966.0,2,2025-06-15; 2025-01-20,Ghaziabad; Faridabad,1,0.9211,Known Associate,Relationship evidence between Deepak Mehta 60876 and Riya Khan. Phone records show 31 calls. Transaction records show 3 transactions. Meeting records show 2 meetings.
REL00445,P0413,Pooja Sharma,P0465,Vivaan Sharma 61690,4,2024-01-05; 2024-01-04; 2025-06-12; 2025-06-17,605; 806; 816; 601,2828,0,,,0.0,2,2024-04-02; 2024-05-04,Faridabad; Noida,0,0.1481,Colleague,"Observed interaction between Pooja Sharma and Vivaan Sharma 61690. Available records include 4 calls, 0 transactions, and 2 meetings. Evidence does not establish a meaningful relationship."
REL00446,P0003,Sahil Kumar,P0024,Sahil Gupta,6,2026-02-10; 2026-01-29; 2025-10-04; 2024-06-04; 2026-04-20; 2024-08-28,344; 1463; 1072; 472; 995; 1579,5925,3,2026-05-01; 2025-08-18; 2025-11-20,71721; 62270; 7862,141853.0,5,2025-02-01; 2024-01-10; 2025-07-08; 2026-03-25; 2026-01-20,Meerut; Faridabad; Lucknow; Noida; Lucknow,1,0.6903,Former Partner,Relationship evidence between Sahil Kumar and Sahil Gupta. Phone records show 6 calls. Transaction records show 3 transactions. Meeting records show 5 meetings.
REL00447,P0265,Divya Bansal 79830,P0398,Vikram Pandey,5,2026-08-01; 2025-09-03; 2026-04-15; 2026-05-11; 2025-08-26,1114; 627; 1461; 508; 570,4280,0,,,0.0,1,2025-03-20,Noida,1,0.8438,Colleague,Relationship evidence between Divya Bansal 79830 and Vikram Pandey. Phone records show 5 calls. Transaction records show 0 transactions. Meeting records show 1 meetings.
REL00448,P0251,Sahil Singh,P0457,Deepak Sharma,8,2025-09-10; 2025-07-22; 2025-10-23; 2025-01-13; 2025-12-11; 2024-09-22; 2024-12-03; 2025-05-28,349; 1614; 1234; 1708; 692; 367; 97; 447,6508,2,2025-10-13; 2024-09-23,3577; 10967,14544.0,3,2025-01-06; 2024-07-27; 2024-11-27,Ghaziabad; Faridabad; Jaipur,0,0.3439,Acquaintance,"Observed interaction between Sahil Singh and Deepak Sharma. Available records include 8 calls, 2 transactions, and 3 meetings. Evidence does not establish a meaningful relationship."
REL00449,P0458,Vivaan Singh,P0330,Raj Yadav 44360,23,2025-03-18; 2025-03-28; 2024-05-31; 2026-01-03; 2024-02-24; 2024-04-07; 2024-02-29; 2025-07-17; 2024-05-21; 2024-09-30; 2026-06-21; 2025-10-21; 2026-01-08; 2024-01-17; 2026-04-09; 2024-05-22; 2025-12-24; 2026-02-27; 2025-07-06; 2026-07-21; 2024-04-03; 2025-12-06; 2025-06-03,743; 684; 2793; 1031; 2222; 1949; 2563; 3261; 1303; 124; 731; 1721; 696; 257; 2294; 1539; 2171; 406; 2155; 1193; 2941; 1450; 676,34903,5,2025-04-23; 2024-08-20; 2026-03-19; 2026-07-23; 2025-01-02,177031; 60502; 117894; 91677; 51882,498986.0,3,2026-08-31; 2026-08-10; 2024-08-15,Meerut; Chandigarh; Delhi,0,0.2029,Colleague,"Observed interaction between Vivaan Singh and Raj Yadav 44360. Available records include 23 calls, 5 transactions, and 3 meetings. Evidence does not establish a meaningful relationship."
REL00450,P0090,Abhishek Mehta,P0164,Vikram Bansal,8,2025-07-16; 2024-04-28; 2025-12-04; 2025-03-04; 2026-08-18; 2024-03-12; 2025-10-05; 2024-06-29,3340; 2706; 1460; 1537; 2432; 193; 1294; 2846,15808,3,2026-06-06; 2026-07-02; 2025-02-11,39995; 241570; 18311,299876.0,5,2024-03-03; 2025-04-20; 2025-09-08; 2024-06-26; 2024-08-12,Delhi; Faridabad; Jaipur; Jaipur; Delhi,0,0.2188,Business Contact,"Observed interaction between Abhishek Mehta and Vikram Bansal. Available records include 8 calls, 3 transactions, and 5 meetings. Evidence does not establish a meaningful relationship."
REL00451,P0131,Aman Agarwal,P0576,Karan Patel 12943,21,2024-04-01; 2026-01-10; 2026-06-19; 2026-02-02; 2026-07-18; 2024-06-28; 2024-07-24; 2026-07-14; 2024-05-10; 2025-08-04; 2026-01-22; 2026-08-05; 2025-10-04; 2025-03-13; 2024-03-11; 2024-12-25; 2024-04-01; 2024-05-08; 2024-01-31; 2025-11-01; 2026-07-15,601; 1150; 1524; 826; 83; 1079; 1566; 939; 951; 1598; 725; 519; 1728; 1640; 1556; 1604; 589; 699; 841; 1545; 154,21917,3,2026-06-15; 2024-11-08; 2025-11-01,25292; 20917; 59646,105855.0,4,2025-03-05; 2024-08-12; 2026-05-22; 2025-10-11,Faridabad; Jaipur; Delhi; Noida,0,0.4177,Business Contact,"Observed interaction between Aman Agarwal and Karan Patel 12943. Available records include 21 calls, 3 transactions, and 4 meetings. Evidence does not establish a meaningful relationship."
REL00452,P0341,Raj Malhotra 89960,P0243,Vivaan Kumar,15,2026-01-19; 2024-11-12; 2025-05-18; 2026-05-15; 2024-06-01; 2024-09-22; 2024-08-28; 2024-12-24; 2025-07-25; 2025-03-07; 2024-03-26; 2025-05-17; 2025-02-23; 2025-07-01; 2024-06-22,394; 710; 1610; 267; 1594; 1451; 318; 1751; 999; 1428; 435; 867; 987; 67; 1103,13981,3,2025-02-05; 2026-05-17; 2025-03-04,52780; 48017; 54453,155250.0,2,2024-06-05; 2026-05-26,Gurugram; Faridabad,1,0.8746,Associate,Relationship evidence between Raj Malhotra 89960 and Vivaan Kumar. Phone records show 15 calls. Transaction records show 3 transactions. Meeting records show 2 meetings.
REL00453,P0453,Vikram Yadav 96722,P0419,Vikram Malhotra 25972,19,2025-04-23; 2026-04-29; 2024-03-23; 2025-11-09; 2024-06-12; 2025-08-15; 2024-03-02; 2025-10-16; 2024-07-31; 2025-01-05; 2024-01-16; 2024-02-07; 2025-02-26; 2026-08-13; 2024-04-21; 2026-04-05; 2025-06-06; 2024-11-06; 2025-05-27,2436; 2099; 1354; 716; 634; 1083; 1402; 1233; 3444; 978; 1379; 339; 1378; 3093; 1837; 3146; 3207; 1669; 2363,33790,5,2024-06-05; 2026-08-28; 2024-04-23; 2024-06-03; 2024-03-29,98153; 217258; 177037; 123462; 231112,847022.0,5,2024-09-15; 2025-09-11; 2026-01-25; 2026-02-08; 2024-12-30,Gurugram; Meerut; Faridabad; Agra; Gurugram,0,0.206,Colleague,"Observed interaction between Vikram Yadav 96722 and Vikram Malhotra 25972. Available records include 19 calls, 5 transactions, and 5 meetings. Evidence does not establish a meaningful relationship."
REL00454,P0410,Anjali Pandey 88893,P0284,Aditya Gupta 85849,25,2025-12-28; 2025-09-19; 2025-05-19; 2026-03-03; 2024-07-19; 2025-07-13; 2025-07-17; 2024-03-23; 2025-06-27; 2024-05-30; 2025-04-19; 2024-09-12; 2024-01-03; 2026-05-27; 2025-11-15; 2025-03-15; 2024-08-27; 2024-11-10; 2024-08-18; 2024-12-11; 2025-11-24; 2025-08-23; 2026-03-18; 2024-10-21; 2025-05-27,1089; 1711; 426; 1542; 192; 1141; 1118; 627; 1261; 1701; 919; 1159; 107; 889; 889; 591; 1645; 97; 771; 1794; 261; 1732; 266; 149; 432,22509,2,2024-04-03; 2024-06-13,50636; 42763,93399.0,1,2024-07-19,Faridabad,0,0.2288,Acquaintance,"Observed interaction between Anjali Pandey 88893 and Aditya Gupta 85849. Available records include 25 calls, 2 transactions, and 1 meetings. Evidence does not establish a meaningful relationship."
REL00455,P0191,Divya Bansal 5807,P0254,Saurabh Chauhan,7,2024-02-22; 2024-11-14; 2025-09-17; 2026-01-31; 2026-08-31; 2025-06-24; 2025-03-10,68; 1747; 550; 1077; 351; 265; 1521,5579,5,2026-01-17; 2025-10-19; 2026-06-12; 2025-06-01; 2025-01-29,8929; 9661; 28559; 23385; 10189,80723.0,4,2025-12-16; 2024-07-25; 2024-04-17; 2025-08-31,Chandigarh; Lucknow; Agra; Agra,1,0.7494,Associate,Relationship evidence between Divya Bansal 5807 and Saurabh Chauhan. Phone records show 7 calls. Transaction records show 5 transactions. Meeting records show 4 meetings.
REL00456,P0051,Aman Patel,P0083,Divya Bansal,6,2026-08-18; 2024-01-14; 2024-08-02; 2024-10-31; 2026-07-30; 2026-08-17,506; 852; 139; 266; 129; 788,2680,1,2025-12-07,16765,16765.0,0,,,0,0.2642,Associate,"Observed interaction between Aman Patel and Divya Bansal. Available records include 6 calls, 1 transactions, and 0 meetings. Evidence does not establish a meaningful relationship."
REL00457,P0478,Nikhil Gupta 98850,P0569,Deepak Sharma 39999,1,2026-06-24,665,665,2,2026-02-14; 2025-02-01,5598; 12125,17723.0,0,,,1,0.6551,Known Associate,Relationship evidence between Nikhil Gupta 98850 and Deepak Sharma 39999. Phone records show 1 calls. Transaction records show 2 transactions. Meeting records show 0 meetings.
REL00458,P0053,Rahul Gupta 1855,P0520,Arjun Agarwal 30984,7,2026-05-15; 2025-10-13; 2025-04-22; 2026-04-21; 2025-06-20; 2024-12-02; 2026-06-07,806; 79; 1347; 306; 217; 481; 956,4192,4,2024-12-14; 2024-08-16; 2024-12-11; 2025-06-26,23711; 17647; 4966; 63937,110261.0,3,2026-08-02; 2024-06-19; 2025-07-25,Lucknow; Chandigarh; Lucknow,1,0.7957,Business Contact,Relationship evidence between Rahul Gupta 1855 and Arjun Agarwal 30984. Phone records show 7 calls. Transaction records show 4 transactions. Meeting records show 3 meetings.
REL00459,P0483,Nisha Patel 11594,P0141,Vikram Kumar,5,2025-04-24; 2024-04-24; 2026-08-26; 2025-03-01; 2024-04-18,933; 116; 1191; 1473; 1108,4821,5,2024-04-23; 2026-03-08; 2025-09-22; 2025-04-26; 2026-05-04,22267; 19010; 28581; 52357; 34940,157155.0,2,2025-05-07; 2025-05-17,Noida; Lucknow,1,0.6153,Known Associate,Relationship evidence between Nisha Patel 11594 and Vikram Kumar. Phone records show 5 calls. Transaction records show 5 transactions. Meeting records show 2 meetings.
REL00460,P0347,Vikram Chauhan 66905,P0233,Aditya Khanna,19,2024-07-05; 2026-03-28; 2024-10-20; 2025-07-14; 2024-01-16; 2025-11-20; 2026-01-10; 2026-01-03; 2025-07-16; 2025-01-10; 2026-03-14; 2024-12-26; 2025-04-21; 2026-06-06; 2025-05-27; 2024-02-02; 2024-01-16; 2024-06-22; 2025-10-28,586; 1430; 660; 457; 1695; 1632; 336; 496; 869; 441; 392; 1748; 308; 860; 1258; 137; 1676; 847; 1293,17121,7,2025-11-15; 2026-02-20; 2025-01-26; 2025-07-18; 2024-12-26; 2026-05-17; 2025-04-11,36023; 54220; 63886; 4611; 52978; 59997; 48728,320443.0,5,2024-03-08; 2025-03-23; 2025-09-26; 2025-12-07; 2024-05-01,Ghaziabad; Agra; Meerut; Gurugram; Noida,0,0.3126,Business Contact,"Observed interaction between Vikram Chauhan 66905 and Aditya Khanna. Available records include 19 calls, 7 transactions, and 5 meetings. Evidence does not establish a meaningful relationship."
REL00461,P0119,Vivaan Khan,P0417,Rohan Pandey,6,2024-03-15; 2024-01-05; 2025-05-06; 2026-08-08; 2024-01-10; 2024-08-10,222; 392; 67; 852; 684; 555,2772,0,,,0.0,1,2026-02-24,Faridabad,0,0.3135,Business Contact,"Observed interaction between Vivaan Khan and Rohan Pandey. Available records include 6 calls, 0 transactions, and 1 meetings. Evidence does not establish a meaningful relationship."
REL00462,P0161,Saurabh Sharma,P0289,Arjun Verma,27,2024-05-20; 2024-10-22; 2025-07-08; 2026-05-25; 2024-10-26; 2025-05-30; 2024-03-08; 2024-08-13; 2024-01-25; 2024-01-11; 2024-11-04; 2026-07-23; 2024-04-19; 2026-01-26; 2025-03-11; 2025-09-07; 2026-04-08; 2026-04-08; 2024-03-17; 2026-04-13; 2024-01-16; 2024-11-19; 2026-05-28; 2024-08-22; 2024-02-17; 2024-05-30; 2024-04-13,814; 205; 832; 1035; 1533; 806; 1623; 1713; 1522; 1186; 854; 1490; 655; 887; 1520; 1686; 561; 533; 1427; 1318; 735; 536; 694; 1186; 245; 251; 66,25913,2,2024-11-29; 2024-01-18,17530; 38193,55723.0,5,2026-07-22; 2025-05-25; 2025-03-06; 2024-09-22; 2026-02-26,Gurugram; Chandigarh; Lucknow; Agra; Jaipur,0,0.4994,Acquaintance,"Observed interaction between Saurabh Sharma and Arjun Verma. Available records include 27 calls, 2 transactions, and 5 meetings. Evidence does not establish a meaningful relationship."
REL00463,P0126,Raj Khanna,P0328,Divya Bansal 33245,12,2025-07-13; 2026-02-27; 2024-03-19; 2026-07-16; 2025-04-04; 2026-07-18; 2025-05-19; 2024-12-03; 2026-04-06; 2024-04-10; 2024-05-17; 2024-08-27,1272; 822; 1626; 1212; 1079; 1097; 261; 759; 801; 591; 376; 830,10726,6,2026-05-24; 2026-08-19; 2025-10-16; 2024-02-16; 2026-02-19; 2025-11-18,62536; 23073; 31764; 52246; 4472; 22120,196211.0,3,2024-10-29; 2026-03-16; 2024-10-26,Jaipur; Meerut; Faridabad,0,0.348,Business Contact,"Observed interaction between Raj Khanna and Divya Bansal 33245. Available records include 12 calls, 6 transactions, and 3 meetings. Evidence does not establish a meaningful relationship."
REL00464,P0474,Riya Agarwal 71889,P0480,Aditya Agarwal 58388,14,2025-03-28; 2024-04-14; 2024-01-28; 2025-04-16; 2024-07-27; 2024-03-03; 2026-04-26; 2025-05-27; 2025-04-19; 2024-05-05; 2025-01-05; 2025-01-28; 2026-04-04; 2024-09-26,3211; 2791; 2088; 2297; 2746; 3202; 1061; 2090; 2842; 3080; 370; 1006; 520; 2113,29417,8,2024-11-21; 2024-11-10; 2024-08-21; 2025-06-26; 2024-01-17; 2026-03-05; 2024-07-09; 2026-06-28,125946; 87727; 225308; 29109; 230341; 89092; 141925; 231951,1161399.0,2,2024-11-28; 2025-12-23,Chandigarh; Gurugram,1,0.8382,Colleague,Relationship evidence between Riya Agarwal 71889 and Aditya Agarwal 58388. Phone records show 14 calls. Transaction records show 8 transactions. Meeting records show 2 meetings.
REL00465,P0166,Neha Singh 29537,P0577,Raj Verma 35297,15,2026-07-03; 2025-04-06; 2024-07-09; 2025-07-22; 2025-06-12; 2026-05-03; 2024-11-03; 2024-02-16; 2025-04-04; 2025-03-02; 2025-03-14; 2024-09-13; 2024-05-19; 2024-01-11; 2025-04-01,2793; 1665; 2918; 967; 709; 2078; 396; 3539; 3013; 965; 1505; 972; 3096; 2366; 1762,28744,5,2025-05-02; 2025-03-03; 2025-12-09; 2024-05-21; 2025-01-01,168267; 42867; 67118; 244125; 148677,671054.0,4,2025-03-17; 2026-01-09; 2025-05-31; 2026-05-05,Chandigarh; Agra; Delhi; Jaipur,0,0.5136,Business Contact,"Observed interaction between Neha Singh 29537 and Raj Verma 35297. Available records include 15 calls, 5 transactions, and 4 meetings. Evidence does not establish a meaningful relationship."
REL00466,P0031,Pooja Khanna,P0270,Karan Patel 7087,20,2025-11-26; 2024-08-27; 2024-06-29; 2024-02-28; 2025-12-11; 2024-12-08; 2026-03-09; 2025-01-14; 2026-03-07; 2024-08-28; 2024-09-22; 2024-01-07; 2024-12-21; 2026-03-18; 2024-01-27; 2025-12-04; 2025-06-21; 2026-08-24; 2026-05-04; 2025-09-10,1641; 356; 1031; 469; 1243; 916; 1580; 231; 730; 1280; 980; 938; 587; 1650; 78; 703; 452; 1456; 1403; 1571,19295,3,2024-11-25; 2025-02-25; 2025-04-06,9572; 64087; 67561,141220.0,5,2025-09-01; 2026-06-21; 2025-04-19; 2025-05-26; 2025-12-28,Meerut; Meerut; Faridabad; Gurugram; Jaipur,1,0.8307,Former Partner,Relationship evidence between Pooja Khanna and Karan Patel 7087. Phone records show 20 calls. Transaction records show 3 transactions. Meeting records show 5 meetings.
REL00467,P0029,Vikram Gupta,P0248,Priya Pandey,28,2024-07-04; 2025-05-03; 2024-08-03; 2026-05-30; 2025-02-16; 2026-02-06; 2026-05-07; 2024-05-13; 2025-04-11; 2026-01-16; 2024-07-30; 2024-07-03; 2024-03-02; 2025-12-24; 2024-06-29; 2024-06-28; 2026-08-24; 2025-10-20; 2024-05-30; 2025-05-08; 2024-04-15; 2024-04-18; 2026-02-18; 2024-03-17; 2026-05-05; 2025-04-20; 2026-04-30; 2025-01-14,2787; 2127; 1864; 2605; 614; 2134; 556; 1852; 793; 354; 3312; 1326; 765; 2646; 2344; 1643; 587; 1303; 1218; 3548; 2382; 1775; 2483; 2386; 1073; 252; 1655; 839,47223,5,2026-08-20; 2024-04-16; 2026-05-05; 2025-03-11; 2025-08-15,12061; 64350; 163226; 234520; 221411,695568.0,8,2024-07-02; 2024-07-10; 2024-01-31; 2026-07-09; 2024-07-03; 2026-02-03; 2025-02-27; 2025-08-05,Lucknow; Delhi; Noida; Faridabad; Gurugram; Jaipur; Faridabad; Chandigarh,1,0.9406,Former Partner,Relationship evidence between Vikram Gupta and Priya Pandey. Phone records show 28 calls. Transaction records show 5 transactions. Meeting records show 8 meetings.
REL00468,P0063,Sneha Malhotra,P0433,Neha Mehta 67196,0,,,0,0,,,0.0,1,2025-04-20,Delhi,0,0.3233,Former Partner,"Observed interaction between Sneha Malhotra and Neha Mehta 67196. Available records include 0 calls, 0 transactions, and 1 meetings. Evidence does not establish a meaningful relationship."
REL00469,P0083,Divya Bansal,P0410,Anjali Pandey 88893,19,2024-10-25; 2025-08-20; 2024-07-22; 2024-08-01; 2024-07-08; 2025-02-27; 2026-05-05; 2025-04-14; 2024-07-06; 2024-09-16; 2026-07-27; 2024-10-13; 2025-01-20; 2025-08-14; 2024-08-17; 2026-05-23; 2024-04-25; 2026-06-02; 2026-04-07,962; 387; 1213; 630; 1662; 968; 947; 554; 1197; 70; 1165; 515; 1212; 126; 1578; 874; 1608; 725; 592,16985,1,2024-03-03,22483,22483.0,3,2026-06-21; 2024-12-24; 2025-09-22,Agra; Lucknow; Meerut,0,0.2381,Business Contact,"Observed interaction between Divya Bansal and Anjali Pandey 88893. Available records include 19 calls, 1 transactions, and 3 meetings. Evidence does not establish a meaningful relationship."
REL00470,P0225,Aman Bansal,P0231,Vivaan Chauhan 39170,8,2026-02-15; 2025-05-20; 2024-07-03; 2025-07-07; 2026-05-31; 2024-03-30; 2024-06-12; 2026-07-05,606; 140; 861; 416; 247; 376; 687; 68,3401,2,2024-11-01; 2026-03-01,18955; 14565,33520.0,1,2024-03-01,Gurugram,1,0.6991,Colleague,Relationship evidence between Aman Bansal and Vivaan Chauhan 39170. Phone records show 8 calls. Transaction records show 2 transactions. Meeting records show 1 meetings.
REL00471,P0430,Pooja Patel 72359,P0464,Neha Malhotra,14,2026-06-02; 2024-06-19; 2025-07-20; 2025-10-21; 2024-11-07; 2024-12-30; 2024-07-29; 2025-08-25; 2025-05-15; 2024-09-28; 2025-09-30; 2026-02-05; 2025-10-03; 2025-08-23,825; 107; 987; 1540; 61; 1095; 1178; 950; 677; 1731; 65; 917; 1592; 1074,12799,1,2025-01-07,56104,56104.0,4,2026-05-16; 2026-06-10; 2024-01-23; 2024-06-22,Delhi; Lucknow; Delhi; Noida,1,0.7365,Known Associate,Relationship evidence between Pooja Patel 72359 and Neha Malhotra. Phone records show 14 calls. Transaction records show 1 transactions. Meeting records show 4 meetings.
REL00472,P0176,Aditya Khan,P0048,Manish Singh,23,2026-03-06; 2026-04-25; 2026-08-25; 2024-11-02; 2026-06-22; 2026-04-13; 2024-08-31; 2025-09-26; 2024-02-03; 2024-10-13; 2024-09-22; 2025-07-09; 2025-08-09; 2026-07-24; 2024-02-05; 2025-08-21; 2024-08-18; 2024-06-26; 2026-07-09; 2024-06-09; 2024-12-22; 2024-07-16; 2024-09-10,964; 829; 146; 807; 1122; 1584; 395; 286; 750; 3436; 1652; 2790; 3418; 1477; 1529; 363; 584; 2652; 3107; 1046; 1502; 1281; 1465,33185,4,2026-03-26; 2026-01-05; 2025-11-30; 2026-07-08,18753; 69254; 234216; 116121,438344.0,4,2025-08-17; 2025-05-31; 2026-04-12; 2025-07-21,Lucknow; Faridabad; Ghaziabad; Agra,1,0.7945,Colleague,Relationship evidence between Aditya Khan and Manish Singh. Phone records show 23 calls. Transaction records show 4 transactions. Meeting records show 4 meetings.
REL00473,P0252,Saurabh Agarwal,P0198,Anjali Verma,14,2025-03-12; 2024-05-15; 2024-01-08; 2026-04-11; 2025-07-04; 2024-01-28; 2024-12-21; 2025-07-31; 2026-02-03; 2026-01-28; 2025-07-05; 2025-10-22; 2024-08-24; 2024-05-05,318; 1763; 1675; 611; 1601; 613; 245; 391; 1247; 177; 969; 1657; 742; 1598,13607,4,2025-09-04; 2025-02-06; 2024-11-16; 2026-07-18,19550; 9397; 17453; 20696,67096.0,4,2024-09-05; 2025-05-23; 2025-02-15; 2024-07-21,Noida; Chandigarh; Chandigarh; Faridabad,0,0.4058,Acquaintance,"Observed interaction between Saurabh Agarwal and Anjali Verma. Available records include 14 calls, 4 transactions, and 4 meetings. Evidence does not establish a meaningful relationship."
REL00474,P0285,Aman Chauhan 88644,P0164,Vikram Bansal,0,,,0,1,2025-09-01,9288,9288.0,0,,,0,0.2279,Associate,"Observed interaction between Aman Chauhan 88644 and Vikram Bansal. Available records include 0 calls, 1 transactions, and 0 meetings. Evidence does not establish a meaningful relationship."
REL00475,P0580,Sahil Bansal,P0209,Deepak Singh,15,2025-02-09; 2025-04-02; 2024-03-18; 2025-12-20; 2024-08-22; 2024-04-12; 2025-05-08; 2025-01-16; 2024-08-25; 2026-01-09; 2025-02-14; 2024-05-11; 2026-08-24; 2025-03-09; 2026-05-25,621; 1029; 712; 369; 1427; 1101; 1349; 876; 575; 844; 270; 350; 1496; 112; 1331,12462,2,2025-03-11; 2024-05-03,60794; 31958,92752.0,5,2024-01-28; 2024-01-05; 2025-08-07; 2025-08-30; 2024-06-11,Lucknow; Faridabad; Meerut; Gurugram; Faridabad,0,0.2214,Business Contact,"Observed interaction between Sahil Bansal and Deepak Singh. Available records include 15 calls, 2 transactions, and 5 meetings. Evidence does not establish a meaningful relationship."
REL00476,P0171,Priya Khanna,P0109,Rohan Verma,2,2026-05-30; 2024-12-05,383; 30,413,2,2024-11-21; 2024-04-06,9377; 7377,16754.0,0,,,0,0.2547,Associate,"Observed interaction between Priya Khanna and Rohan Verma. Available records include 2 calls, 2 transactions, and 0 meetings. Evidence does not establish a meaningful relationship."
REL00477,P0143,Rahul Agarwal,P0103,Akash Mehta,5,2024-08-31; 2025-11-13; 2026-05-11; 2024-02-20; 2025-06-13,891; 472; 516; 625; 492,2996,0,,,0.0,1,2025-10-15,Gurugram,0,0.0987,Former Partner,"Observed interaction between Rahul Agarwal and Akash Mehta. Available records include 5 calls, 0 transactions, and 1 meetings. Evidence does not establish a meaningful relationship."
REL00478,P0130,Rohan Khanna 72261,P0384,Kavya Pandey 18527,12,2024-04-05; 2025-05-28; 2025-07-12; 2024-08-29; 2025-12-26; 2026-04-18; 2024-09-17; 2025-10-05; 2026-03-28; 2025-11-22; 2024-11-25; 2025-12-18,1165; 1680; 284; 1269; 429; 1567; 75; 679; 1640; 1171; 1049; 1068,12076,1,2024-02-12,58547,58547.0,2,2025-05-19; 2025-10-11,Jaipur; Agra,1,0.6154,Acquaintance,Relationship evidence between Rohan Khanna 72261 and Kavya Pandey 18527. Phone records show 12 calls. Transaction records show 1 transactions. Meeting records show 2 meetings.
REL00479,P0214,Aditya Singh,P0241,Riya Chauhan,23,2026-06-12; 2025-09-24; 2026-08-23; 2024-02-28; 2024-06-18; 2024-12-14; 2025-04-23; 2026-01-03; 2025-07-09; 2025-11-12; 2024-10-23; 2025-03-19; 2024-10-08; 2024-02-28; 2026-06-23; 2025-06-16; 2024-12-07; 2025-10-13; 2025-05-30; 2026-03-15; 2026-03-14; 2025-01-02; 2026-01-22,1139; 1146; 453; 1758; 1573; 1168; 411; 1646; 716; 1492; 955; 1515; 1685; 1038; 336; 888; 1674; 412; 96; 1574; 1100; 605; 874,24254,7,2025-05-08; 2024-05-08; 2025-11-05; 2025-08-21; 2026-03-08; 2024-06-21; 2025-01-06,41995; 30404; 43796; 50920; 12505; 53352; 24121,257093.0,3,2025-07-22; 2024-06-11; 2024-06-25,Gurugram; Meerut; Delhi,0,0.4642,Colleague,"Observed interaction between Aditya Singh and Riya Chauhan. Available records include 23 calls, 7 transactions, and 3 meetings. Evidence does not establish a meaningful relationship."
REL00480,P0547,Deepak Sharma 15265,P0188,Saurabh Yadav,28,2024-06-25; 2025-07-19; 2025-02-25; 2024-07-12; 2025-08-26; 2026-02-17; 2024-09-14; 2026-06-20; 2024-07-03; 2025-10-23; 2024-01-14; 2024-04-02; 2026-05-21; 2026-08-26; 2024-06-22; 2026-03-22; 2024-06-15; 2024-09-08; 2026-08-02; 2024-10-07; 2024-03-30; 2024-10-21; 2025-08-06; 2025-08-10; 2024-06-28; 2025-08-31; 2024-01-12; 2026-03-17,175; 2600; 2996; 2803; 1830; 1735; 817; 3525; 2961; 1936; 282; 670; 1798; 1752; 121; 1194; 3523; 1523; 3511; 3557; 335; 2498; 1599; 1882; 915; 878; 393; 2074,49883,7,2026-05-06; 2024-10-18; 2025-10-24; 2024-02-10; 2024-01-20; 2026-01-04; 2024-08-25,171093; 29627; 23081; 203285; 209297; 32125; 160712,829220.0,2,2024-08-12; 2024-09-08,Meerut; Ghaziabad,0,0.3886,Colleague,"Observed interaction between Deepak Sharma 15265 and Saurabh Yadav. Available records include 28 calls, 7 transactions, and 2 meetings. Evidence does not establish a meaningful relationship."
REL00481,P0182,Vikram Khan,P0138,Nikhil Gupta,13,2024-03-29; 2026-08-30; 2025-08-29; 2024-08-15; 2025-01-26; 2026-05-22; 2024-01-06; 2025-12-12; 2024-02-17; 2025-03-05; 2024-01-22; 2026-08-12; 2025-06-25,354; 1004; 1055; 1409; 136; 716; 879; 635; 879; 287; 1463; 1592; 916,11325,3,2026-04-30; 2026-05-10; 2024-02-26,64128; 59137; 19013,142278.0,1,2025-02-04,Faridabad,1,0.6221,Colleague,Relationship evidence between Vikram Khan and Nikhil Gupta. Phone records show 13 calls. Transaction records show 3 transactions. Meeting records show 1 meetings.
REL00482,P0539,Kavya Kumar 47061,P0363,Neha Singh 41516,1,2024-08-21,494,494,2,2024-06-26; 2024-07-23,9392; 14382,23774.0,2,2024-04-02; 2025-03-31,Jaipur; Gurugram,1,0.7072,Associate,Relationship evidence between Kavya Kumar 47061 and Neha Singh 41516. Phone records show 1 calls. Transaction records show 2 transactions. Meeting records show 2 meetings.
REL00483,P0114,Ravi Sharma,P0211,Aarav Pandey,30,2026-08-17; 2026-03-22; 2025-09-24; 2024-09-22; 2024-10-16; 2025-12-30; 2024-04-05; 2025-03-21; 2024-11-02; 2024-05-20; 2026-08-19; 2024-07-23; 2026-01-02; 2024-04-11; 2025-02-02; 2024-12-23; 2024-10-09; 2026-07-10; 2026-04-16; 2024-10-21; 2024-04-29; 2026-07-26; 2026-02-05; 2024-07-20; 2025-04-15; 2024-07-01; 2025-04-20; 2025-04-26; 2025-11-05; 2026-07-05,855; 1131; 801; 1036; 920; 1600; 124; 924; 1478; 486; 1678; 574; 1297; 658; 428; 1337; 152; 1736; 628; 937; 1716; 202; 1029; 731; 756; 264; 1107; 1187; 963; 100,26835,7,2024-03-29; 2026-05-05; 2026-05-16; 2025-05-21; 2025-09-26; 2025-09-22; 2025-08-01,26744; 24601; 41292; 25953; 7397; 24111; 39621,189719.0,1,2025-07-27,Ghaziabad,0,0.3559,Acquaintance,"Observed interaction between Ravi Sharma and Aarav Pandey. Available records include 30 calls, 7 transactions, and 1 meetings. Evidence does not establish a meaningful relationship."
REL00484,P0274,Karan Mehta,P0080,Karan Chauhan,1,2024-12-19,458,458,0,,,0.0,1,2026-03-10,Meerut,0,0.2807,Known Associate,"Observed interaction between Karan Mehta and Karan Chauhan. Available records include 1 calls, 0 transactions, and 1 meetings. Evidence does not establish a meaningful relationship."
REL00485,P0514,Sneha Bansal 30951,P0399,Priya Patel 5755,28,2026-02-18; 2024-01-12; 2024-06-18; 2025-01-02; 2026-06-14; 2024-10-27; 2026-03-02; 2025-07-02; 2025-01-13; 2026-02-02; 2024-08-18; 2025-01-22; 2026-05-12; 2026-02-18; 2024-05-20; 2025-03-04; 2025-07-26; 2025-08-04; 2024-02-12; 2024-10-14; 2025-12-05; 2025-04-23; 2024-06-26; 2024-07-21; 2025-06-12; 2025-03-20; 2026-01-21; 2025-12-24,1210; 378; 2794; 169; 133; 2559; 1508; 1050; 2171; 1501; 2683; 1401; 2093; 3158; 1217; 834; 494; 1720; 3094; 1260; 1080; 1435; 3315; 2536; 2591; 185; 3541; 3388,49498,10,2024-02-03; 2025-08-18; 2026-03-10; 2024-08-13; 2025-05-03; 2025-06-30; 2024-03-20; 2024-09-25; 2025-11-19; 2025-03-13,23083; 89881; 138117; 231886; 179749; 176485; 117627; 203210; 34605; 86965,1281608.0,6,2024-08-15; 2025-04-11; 2025-06-01; 2026-07-17; 2025-06-19; 2024-09-25,Faridabad; Ghaziabad; Chandigarh; Delhi; Jaipur; Jaipur,1,0.7689,Former Partner,Relationship evidence between Sneha Bansal 30951 and Priya Patel 5755. Phone records show 28 calls. Transaction records show 10 transactions. Meeting records show 6 meetings.
REL00486,P0463,Ravi Khanna,P0360,Raj Chauhan 40909,2,2024-05-14; 2025-11-26,417; 793,1210,1,2024-08-27,13742,13742.0,1,2025-07-20,Noida,0,0.135,Known Associate,"Observed interaction between Ravi Khanna and Raj Chauhan 40909. Available records include 2 calls, 1 transactions, and 1 meetings. Evidence does not establish a meaningful relationship."
REL00487,P0305,Aditya Sharma 23330,P0090,Abhishek Mehta,15,2025-08-07; 2024-02-04; 2026-08-18; 2024-03-02; 2024-06-01; 2025-04-08; 2025-05-01; 2026-08-04; 2025-12-13; 2024-06-19; 2025-08-13; 2026-05-13; 2024-04-22; 2024-01-12; 2026-03-06,1118; 690; 745; 143; 1488; 990; 1390; 1782; 1775; 1211; 848; 101; 654; 543; 804,14282,4,2025-02-25; 2026-02-09; 2026-06-22; 2025-03-14,6360; 46231; 6784; 31870,91245.0,5,2025-12-23; 2024-09-10; 2025-03-30; 2024-09-30; 2026-07-25,Jaipur; Agra; Lucknow; Ghaziabad; Ghaziabad,1,0.5589,Former Partner,Relationship evidence between Aditya Sharma 23330 and Abhishek Mehta. Phone records show 15 calls. Transaction records show 4 transactions. Meeting records show 5 meetings.
REL00488,P0495,Pooja Singh,P0451,Shreya Bansal 30538,11,2026-03-21; 2026-06-27; 2026-07-15; 2024-05-03; 2025-07-15; 2026-08-13; 2024-05-18; 2024-07-06; 2026-01-22; 2024-07-06; 2025-03-06,1800; 2067; 2473; 2751; 1271; 3298; 452; 2636; 186; 3278; 2216,22428,1,2025-04-07,143191,143191.0,4,2025-10-24; 2025-06-03; 2025-03-17; 2024-12-02,Ghaziabad; Lucknow; Meerut; Agra,0,0.4829,Acquaintance,"Observed interaction between Pooja Singh and Shreya Bansal 30538. Available records include 11 calls, 1 transactions, and 4 meetings. Evidence does not establish a meaningful relationship."
REL00489,P0048,Manish Singh,P0397,Rahul Yadav 76736,29,2024-11-07; 2025-11-27; 2026-04-12; 2024-06-22; 2025-12-14; 2025-06-11; 2025-12-11; 2025-09-24; 2026-06-08; 2026-05-18; 2025-05-30; 2026-02-13; 2025-05-08; 2025-02-13; 2024-01-25; 2026-01-29; 2026-05-14; 2024-11-18; 2026-03-28; 2025-10-14; 2024-11-26; 2026-05-18; 2024-01-23; 2026-05-14; 2025-11-17; 2025-10-14; 2024-11-05; 2025-08-07; 2024-05-21,689; 3513; 603; 2964; 1985; 360; 1194; 2773; 2417; 1850; 3253; 2987; 3252; 438; 2352; 1764; 2916; 3082; 1933; 241; 1787; 1720; 963; 885; 3556; 370; 3243; 405; 1767,55262,4,2026-02-20; 2024-06-15; 2025-08-14; 2026-08-11,187252; 244963; 240597; 13887,686699.0,5,2025-04-30; 2024-07-15; 2026-08-24; 2026-04-09; 2025-08-17,Agra; Gurugram; Lucknow; Agra; Noida,0,0.4355,Business Contact,"Observed interaction between Manish Singh and Rahul Yadav 76736. Available records include 29 calls, 4 transactions, and 5 meetings. Evidence does not establish a meaningful relationship."
REL00490,P0581,Aditya Patel 91545,P0550,Arjun Mehta,20,2025-12-20; 2024-11-26; 2026-06-23; 2026-02-26; 2024-07-27; 2026-03-02; 2026-04-03; 2024-08-26; 2025-04-19; 2024-04-02; 2025-04-13; 2026-01-25; 2026-07-25; 2026-08-02; 2024-01-07; 2025-06-30; 2025-03-09; 2026-04-22; 2026-04-30; 2024-11-11,1310; 597; 411; 889; 1262; 657; 383; 121; 482; 1530; 1484; 1271; 1156; 1466; 1421; 540; 238; 1441; 1639; 546,18844,2,2024-11-30; 2024-11-05,4526; 16805,21331.0,5,2024-10-16; 2025-01-02; 2026-03-04; 2025-08-02; 2025-09-17,Jaipur; Chandigarh; Delhi; Jaipur; Agra,0,0.2629,Colleague,"Observed interaction between Aditya Patel 91545 and Arjun Mehta. Available records include 20 calls, 2 transactions, and 5 meetings. Evidence does not establish a meaningful relationship."
REL00491,P0349,Shreya Bansal,P0552,Neha Kumar 22714,1,2024-09-21,641,641,0,,,0.0,1,2025-06-27,Gurugram,0,0.3359,Known Associate,"Observed interaction between Shreya Bansal and Neha Kumar 22714. Available records include 1 calls, 0 transactions, and 1 meetings. Evidence does not establish a meaningful relationship."
REL00492,P0279,Abhishek Singh,P0238,Aman Khanna,4,2025-11-05; 2026-03-16; 2024-09-08; 2026-04-11,75; 734; 170; 821,1800,2,2026-06-11; 2025-12-11,22726; 24760,47486.0,1,2024-03-18,Chandigarh,0,0.2564,Former Partner,"Observed interaction between Abhishek Singh and Aman Khanna. Available records include 4 calls, 2 transactions, and 1 meetings. Evidence does not establish a meaningful relationship."
REL00493,P0115,Nikhil Verma,P0425,Nikhil Bansal 98958,21,2024-10-04; 2025-11-10; 2024-08-15; 2025-11-25; 2024-04-26; 2024-12-17; 2026-06-23; 2025-10-22; 2025-06-24; 2025-08-16; 2026-06-03; 2026-02-12; 2026-02-15; 2026-07-13; 2026-08-01; 2024-02-23; 2024-04-15; 2025-01-23; 2025-10-28; 2026-05-21; 2024-09-15,3283; 2499; 3080; 2815; 701; 2798; 2213; 501; 1465; 126; 938; 1958; 3293; 309; 588; 2069; 342; 2573; 759; 1808; 2703,36821,1,2024-11-01,21149,21149.0,4,2025-04-01; 2026-06-19; 2024-02-19; 2024-07-27,Delhi; Lucknow; Lucknow; Delhi,0,0.3812,Acquaintance,"Observed interaction between Nikhil Verma and Nikhil Bansal 98958. Available records include 21 calls, 1 transactions, and 4 meetings. Evidence does not establish a meaningful relationship."
REL00494,P0068,Ravi Bansal,P0466,Shreya Patel,17,2026-08-26; 2025-02-28; 2025-07-17; 2024-06-27; 2025-10-28; 2026-06-10; 2026-02-27; 2024-10-30; 2026-05-02; 2024-11-02; 2026-05-12; 2025-06-23; 2024-11-30; 2026-02-09; 2026-08-27; 2024-01-31; 2025-11-07,99; 997; 361; 1117; 1099; 1411; 1246; 754; 1217; 436; 1373; 1384; 1016; 1352; 624; 241; 214,14941,3,2025-03-05; 2025-07-06; 2024-01-03,57441; 16723; 52446,126610.0,5,2026-05-29; 2024-04-22; 2024-06-24; 2026-03-30; 2025-04-28,Jaipur; Jaipur; Gurugram; Delhi; Lucknow,0,0.2116,Acquaintance,"Observed interaction between Ravi Bansal and Shreya Patel. Available records include 17 calls, 3 transactions, and 5 meetings. Evidence does not establish a meaningful relationship."
REL00495,P0137,Ravi Singh,P0018,Neha Singh 52566,24,2026-02-14; 2026-04-03; 2024-06-28; 2026-08-02; 2025-03-07; 2024-07-18; 2025-11-19; 2026-07-11; 2026-06-22; 2024-09-27; 2024-10-14; 2024-10-02; 2024-08-11; 2024-11-29; 2026-04-02; 2025-09-01; 2025-01-25; 2025-10-07; 2025-10-28; 2024-07-07; 2025-10-19; 2024-09-16; 2024-12-08; 2025-06-18,1453; 1742; 1052; 72; 226; 425; 82; 1566; 1588; 664; 1719; 1415; 1407; 352; 670; 392; 1406; 825; 500; 895; 1281; 98; 1259; 244,21333,2,2026-08-19; 2026-08-06,22474; 31206,53680.0,4,2025-04-14; 2025-01-07; 2024-09-11; 2024-01-10,Gurugram; Lucknow; Faridabad; Agra,0,0.358,Acquaintance,"Observed interaction between Ravi Singh and Neha Singh 52566. Available records include 24 calls, 2 transactions, and 4 meetings. Evidence does not establish a meaningful relationship."
REL00496,P0061,Neha Agarwal,P0256,Yash Gupta,17,2024-09-05; 2025-01-19; 2024-11-21; 2024-05-16; 2026-05-14; 2026-02-22; 2026-07-01; 2025-12-07; 2024-11-11; 2024-02-13; 2024-12-26; 2024-12-29; 2024-08-15; 2025-12-16; 2026-02-21; 2025-03-11; 2024-09-18,1086; 1603; 222; 1493; 1151; 1729; 960; 1677; 812; 1655; 630; 1451; 93; 557; 879; 1753; 1497,19248,8,2024-10-05; 2026-05-10; 2026-06-17; 2026-07-09; 2025-06-06; 2025-07-13; 2024-05-30; 2024-05-01,48173; 61214; 67327; 34606; 69865; 50423; 38234; 54437,424279.0,1,2025-02-24,Gurugram,0,0.5497,Colleague,"Observed interaction between Neha Agarwal and Yash Gupta. Available records include 17 calls, 8 transactions, and 1 meetings. Evidence does not establish a meaningful relationship."
REL00497,P0131,Aman Agarwal,P0237,Yash Mehta 69394,1,2026-04-06,494,494,1,2025-09-10,20977,20977.0,3,2025-06-25; 2025-02-21; 2024-10-17,Agra; Noida; Gurugram,1,0.5618,Known Associate,Relationship evidence between Aman Agarwal and Yash Mehta 69394. Phone records show 1 calls. Transaction records show 1 transactions. Meeting records show 3 meetings.
REL00498,P0318,Saurabh Gupta,P0581,Aditya Patel 91545,26,2024-07-09; 2025-09-11; 2025-06-21; 2025-01-31; 2024-07-07; 2024-06-18; 2025-02-24; 2025-07-31; 2025-09-26; 2024-05-11; 2024-01-12; 2025-01-28; 2025-03-02; 2025-02-11; 2024-03-15; 2025-04-09; 2026-08-29; 2026-08-11; 2025-08-05; 2025-08-20; 2025-02-21; 2024-06-30; 2024-07-12; 2026-07-02; 2024-12-19; 2025-01-21,1309; 1268; 1290; 1406; 1741; 376; 1264; 1569; 1295; 1680; 1563; 1182; 567; 501; 716; 1599; 1192; 1564; 1037; 878; 1198; 1114; 1010; 1514; 1074; 983,30890,3,2025-09-17; 2024-07-10; 2025-01-16,58862; 3619; 41466,103947.0,2,2024-05-04; 2024-09-09,Faridabad; Lucknow,0,0.2604,Colleague,"Observed interaction between Saurabh Gupta and Aditya Patel 91545. Available records include 26 calls, 3 transactions, and 2 meetings. Evidence does not establish a meaningful relationship."
REL00499,P0536,Abhishek Verma 42407,P0258,Saurabh Mehta,4,2024-07-23; 2025-09-09; 2025-06-24; 2026-02-02,214; 802; 633; 106,1755,0,,,0.0,2,2024-06-07; 2024-05-09,Jaipur; Delhi,1,0.4588,Former Partner,Relationship evidence between Abhishek Verma 42407 and Saurabh Mehta. Phone records show 4 calls. Transaction records show 0 transactions. Meeting records show 2 meetings.
REL00500,P0069,Vikram Malhotra,P0297,Karan Pandey 87097,0,,,0,2,2025-12-16; 2025-04-22,13571; 5310,18881.0,2,2026-05-10; 2025-09-23,Noida; Faridabad,0,0.262,Business Contact,"Observed interaction between Vikram Malhotra and Karan Pandey 87097. Available records include 0 calls, 2 transactions, and 2 meetings. Evidence does not establish a meaningful relationship."
REL00501,P0233,Aditya Khanna,P0035,Akash Patel,28,2024-01-18; 2024-07-28; 2025-06-12; 2026-04-11; 2025-08-11; 2025-05-22; 2024-11-25; 2024-06-04; 2026-07-11; 2025-10-12; 2026-05-13; 2025-07-10; 2025-04-26; 2024-05-15; 2024-02-03; 2025-08-28; 2025-09-19; 2025-07-07; 2025-03-21; 2025-10-21; 2024-12-01; 2026-05-02; 2025-11-18; 2025-01-27; 2024-10-31; 2024-06-12; 2026-01-30; 2026-03-15,2852; 2976; 674; 1335; 166; 1469; 2663; 3025; 2778; 739; 347; 2244; 868; 1076; 1499; 3526; 1070; 246; 2455; 2104; 1867; 1873; 2612; 3398; 539; 2669; 1189; 2408,50667,2,2026-07-16; 2025-09-27,115035; 42794,157829.0,2,2026-07-26; 2026-08-18,Agra; Lucknow,0,0.5224,Business Contact,"Observed interaction between Aditya Khanna and Akash Patel. Available records include 28 calls, 2 transactions, and 2 meetings. Evidence does not establish a meaningful relationship."
REL00502,P0035,Akash Patel,P0379,Neha Bansal,4,2024-03-28; 2025-04-30; 2025-11-05; 2025-01-08,271; 663; 22; 479,1435,0,,,0.0,0,,,0,0.2193,Known Associate,"Observed interaction between Akash Patel and Neha Bansal. Available records include 4 calls, 0 transactions, and 0 meetings. Evidence does not establish a meaningful relationship."
REL00503,P0419,Vikram Malhotra 25972,P0103,Akash Mehta,7,2025-05-06; 2024-06-05; 2026-02-14; 2026-02-21; 2025-10-29; 2026-07-26; 2026-01-20,677; 809; 317; 889; 886; 26; 337,3941,2,2024-09-10; 2026-03-25,10571; 16580,27151.0,2,2024-09-20; 2024-05-03,Gurugram; Meerut,1,0.5177,Former Partner,Relationship evidence between Vikram Malhotra 25972 and Akash Mehta. Phone records show 7 calls. Transaction records show 2 transactions. Meeting records show 2 meetings.
REL00504,P0075,Karan Sharma,P0199,Anjali Patel,14,2024-01-14; 2024-02-23; 2025-05-23; 2025-05-16; 2025-05-22; 2024-07-20; 2025-10-19; 2024-06-22; 2024-03-16; 2025-05-23; 2024-12-24; 2024-03-04; 2024-08-19; 2025-03-05,236; 1611; 1238; 1620; 1418; 427; 152; 360; 1483; 743; 1766; 1333; 1584; 1771,15742,3,2025-08-20; 2025-09-03; 2026-01-09,11303; 27988; 69585,108876.0,1,2025-05-10,Ghaziabad,1,0.6193,Known Associate,Relationship evidence between Karan Sharma and Anjali Patel. Phone records show 14 calls. Transaction records show 3 transactions. Meeting records show 1 meetings.
REL00505,P0042,Manish Mehta,P0195,Akash Singh 53091,5,2026-05-22; 2024-11-13; 2024-10-08; 2026-05-16; 2025-04-04,313; 583; 643; 20; 818,2377,0,,,0.0,1,2024-10-04,Chandigarh,0,0.1566,Business Contact,"Observed interaction between Manish Mehta and Akash Singh 53091. Available records include 5 calls, 0 transactions, and 1 meetings. Evidence does not establish a meaningful relationship."
REL00506,P0455,Nisha Kumar,P0548,Vikram Sharma,3,2024-03-08; 2026-08-03; 2026-06-25,25; 728; 877,1630,0,,,0.0,2,2025-04-26; 2025-02-27,Meerut; Noida,1,0.6832,Known Associate,Relationship evidence between Nisha Kumar and Vikram Sharma. Phone records show 3 calls. Transaction records show 0 transactions. Meeting records show 2 meetings.
REL00507,P0074,Deepak Pandey,P0483,Nisha Patel 11594,0,,,0,2,2026-05-23; 2026-03-10,12207; 3443,15650.0,2,2025-05-09; 2025-12-12,Ghaziabad; Gurugram,0,0.3037,Acquaintance,"Observed interaction between Deepak Pandey and Nisha Patel 11594. Available records include 0 calls, 2 transactions, and 2 meetings. Evidence does not establish a meaningful relationship."
REL00508,P0356,Deepak Singh 8974,P0081,Aman Chauhan,16,2025-09-11; 2026-04-13; 2024-03-16; 2025-07-25; 2026-03-24; 2024-12-28; 2025-06-05; 2024-01-02; 2024-12-18; 2024-12-20; 2025-07-11; 2026-01-29; 2024-03-21; 2026-01-16; 2026-01-24; 2026-04-07,510; 1434; 3540; 1970; 1187; 1231; 3062; 3399; 2656; 1727; 2860; 1618; 1139; 2586; 2849; 599,32367,7,2026-08-01; 2025-02-11; 2024-02-18; 2025-10-24; 2025-05-18; 2026-04-20; 2025-04-29,10705; 23258; 84725; 12964; 164096; 74442; 243900,614090.0,2,2026-04-28; 2026-03-31,Delhi; Faridabad,0,0.3116,Business Contact,"Observed interaction between Deepak Singh 8974 and Aman Chauhan. Available records include 16 calls, 7 transactions, and 2 meetings. Evidence does not establish a meaningful relationship."
REL00509,P0320,Divya Gupta 27724,P0121,Arjun Yadav,2,2025-09-10; 2026-08-03,827; 748,1575,0,,,0.0,0,,,0,0.1956,Former Partner,"Observed interaction between Divya Gupta 27724 and Arjun Yadav. Available records include 2 calls, 0 transactions, and 0 meetings. Evidence does not establish a meaningful relationship."
REL00510,P0183,Priya Agarwal,P0084,Yash Khanna,5,2026-02-26; 2024-06-13; 2026-02-24; 2026-08-20; 2026-01-26,3115; 283; 1097; 2224; 1642,8361,4,2026-07-26; 2026-04-20; 2025-07-11; 2025-07-21,114684; 189435; 83059; 174716,561894.0,5,2025-12-11; 2026-01-31; 2024-01-22; 2025-11-06; 2025-03-31,Lucknow; Lucknow; Delhi; Gurugram; Jaipur,0,0.3126,Colleague,"Observed interaction between Priya Agarwal and Yash Khanna. Available records include 5 calls, 4 transactions, and 5 meetings. Evidence does not establish a meaningful relationship."
REL00511,P0347,Vikram Chauhan 66905,P0093,Rahul Gupta 92105,14,2026-01-09; 2024-08-30; 2024-12-16; 2026-01-08; 2025-03-03; 2024-05-15; 2024-07-23; 2024-02-26; 2026-08-12; 2024-07-13; 2025-09-11; 2025-04-24; 2024-11-03; 2024-09-26,1800; 102; 1090; 1098; 169; 1620; 1634; 1781; 944; 1058; 147; 1095; 1534; 1299,15371,7,2025-07-25; 2025-05-09; 2024-02-13; 2025-09-02; 2024-06-21; 2024-02-12; 2025-11-26,17398; 14144; 72890; 38981; 31144; 12336; 14042,200935.0,6,2024-07-23; 2025-11-28; 2026-05-26; 2026-07-21; 2024-05-28; 2026-04-10,Jaipur; Jaipur; Noida; Noida; Meerut; Lucknow,0,0.2965,Business Contact,"Observed interaction between Vikram Chauhan 66905 and Rahul Gupta 92105. Available records include 14 calls, 7 transactions, and 6 meetings. Evidence does not establish a meaningful relationship."
REL00512,P0347,Vikram Chauhan 66905,P0575,Arjun Agarwal 22041,2,2024-09-03; 2024-07-09,693; 142,835,0,,,0.0,1,2024-04-24,Agra,0,0.2331,Associate,"Observed interaction between Vikram Chauhan 66905 and Arjun Agarwal 22041. Available records include 2 calls, 0 transactions, and 1 meetings. Evidence does not establish a meaningful relationship."
REL00513,P0034,Pooja Chauhan,P0303,Saurabh Yadav 49147,22,2024-11-17; 2024-08-19; 2025-09-07; 2026-07-15; 2025-04-26; 2025-11-25; 2024-01-08; 2025-05-02; 2025-05-03; 2024-10-06; 2025-01-07; 2025-12-29; 2024-10-12; 2024-10-30; 2025-05-06; 2026-01-13; 2025-12-15; 2026-03-19; 2024-02-28; 2026-06-03; 2025-06-28; 2025-11-26,2900; 3284; 683; 2743; 925; 447; 1937; 3194; 380; 1304; 1719; 3175; 420; 3490; 2649; 2464; 1508; 3106; 1118; 2481; 1235; 1845,43007,5,2026-06-16; 2026-03-22; 2025-05-12; 2026-04-03; 2025-01-31,117000; 44673; 238793; 116809; 57134,574409.0,2,2024-09-11; 2024-11-30,Agra; Jaipur,1,0.9623,Known Associate,Relationship evidence between Pooja Chauhan and Saurabh Yadav 49147. Phone records show 22 calls. Transaction records show 5 transactions. Meeting records show 2 meetings.
REL00514,P0373,Raj Sharma,P0238,Aman Khanna,9,2024-05-12; 2025-01-17; 2025-05-12; 2026-04-12; 2025-07-22; 2026-07-17; 2025-04-04; 2024-01-07; 2024-08-09,1710; 2237; 1763; 318; 1474; 3448; 332; 1731; 1088,14101,7,2024-02-12; 2025-02-09; 2025-02-09; 2024-09-01; 2025-03-20; 2026-04-29; 2024-01-09,107246; 21538; 43886; 201609; 149172; 242547; 178052,944050.0,1,2024-03-30,Jaipur,0,0.2931,Business Contact,"Observed interaction between Raj Sharma and Aman Khanna. Available records include 9 calls, 7 transactions, and 1 meetings. Evidence does not establish a meaningful relationship."
REL00515,P0009,Aditya Patel,P0559,Nisha Sharma,8,2024-05-01; 2024-06-17; 2024-03-01; 2026-04-04; 2026-01-28; 2024-08-30; 2025-10-16; 2024-01-30,353; 807; 337; 107; 1305; 597; 754; 383,4643,1,2025-12-06,28218,28218.0,2,2026-02-24; 2026-08-23,Chandigarh; Meerut,0,0.3989,Acquaintance,"Observed interaction between Aditya Patel and Nisha Sharma. Available records include 8 calls, 1 transactions, and 2 meetings. Evidence does not establish a meaningful relationship."
REL00516,P0376,Divya Gupta 4899,P0237,Yash Mehta 69394,23,2025-09-30; 2026-01-03; 2025-06-30; 2025-03-16; 2024-02-14; 2024-05-16; 2026-06-02; 2025-04-19; 2024-12-23; 2026-07-28; 2026-04-14; 2026-08-28; 2025-05-19; 2026-08-14; 2024-10-29; 2025-11-08; 2024-11-25; 2024-09-20; 2026-04-10; 2024-10-06; 2025-10-07; 2025-08-27; 2024-05-20,149; 713; 645; 1590; 1200; 1298; 636; 1480; 644; 734; 521; 1112; 245; 314; 1201; 93; 1351; 1209; 307; 1531; 1182; 1279; 857,20291,3,2024-12-22; 2025-10-06; 2024-12-24,71388; 29703; 39144,140235.0,4,2026-06-26; 2026-05-09; 2026-05-15; 2024-10-16,Meerut; Jaipur; Jaipur; Gurugram,0,0.5034,Business Contact,"Observed interaction between Divya Gupta 4899 and Yash Mehta 69394. Available records include 23 calls, 3 transactions, and 4 meetings. Evidence does not establish a meaningful relationship."
REL00517,P0380,Neha Patel,P0153,Aditya Patel 87721,20,2025-02-21; 2025-01-24; 2024-01-13; 2024-08-28; 2026-04-11; 2025-02-22; 2024-04-15; 2026-04-10; 2025-03-06; 2026-05-10; 2024-05-22; 2024-11-13; 2025-07-08; 2025-03-09; 2024-02-01; 2025-04-03; 2024-01-11; 2024-10-30; 2025-04-04; 2026-06-03,2742; 751; 3223; 1846; 1783; 185; 656; 925; 1567; 3395; 377; 1619; 2184; 1615; 231; 410; 1653; 935; 2908; 137,29142,8,2024-03-10; 2025-03-27; 2024-08-23; 2025-11-26; 2026-01-13; 2025-10-12; 2026-08-31; 2024-04-02,120928; 140298; 222064; 34612; 92846; 120951; 24147; 100927,856773.0,1,2025-06-23,Chandigarh,0,0.4002,Acquaintance,"Observed interaction between Neha Patel and Aditya Patel 87721. Available records include 20 calls, 8 transactions, and 1 meetings. Evidence does not establish a meaningful relationship."
REL00518,P0383,Riya Yadav 14586,P0133,Deepak Bansal,13,2025-08-27; 2024-11-30; 2024-11-10; 2025-03-28; 2025-08-03; 2024-09-28; 2024-02-27; 2025-12-27; 2025-01-19; 2024-09-27; 2026-01-19; 2026-02-02; 2025-01-09,497; 258; 1452; 1722; 715; 1482; 1017; 1255; 171; 713; 1540; 1002; 312,12136,5,2025-08-09; 2026-08-13; 2026-01-22; 2024-03-22; 2026-02-15,70775; 71667; 54148; 58980; 41366,296936.0,1,2026-05-17,Jaipur,0,0.4033,Business Contact,"Observed interaction between Riya Yadav 14586 and Deepak Bansal. Available records include 13 calls, 5 transactions, and 1 meetings. Evidence does not establish a meaningful relationship."
REL00519,P0440,Akash Yadav 88512,P0339,Rohan Yadav 13984,19,2026-06-21; 2024-11-26; 2025-12-31; 2025-09-13; 2025-05-21; 2024-09-27; 2025-10-04; 2025-11-17; 2025-07-26; 2025-04-16; 2025-02-09; 2025-07-14; 2024-01-08; 2025-01-18; 2025-12-04; 2025-04-24; 2024-02-20; 2026-03-01; 2024-07-09,1114; 3175; 2962; 2078; 3591; 2061; 3402; 3114; 483; 2340; 1206; 1120; 144; 3420; 2751; 530; 2428; 880; 791,37590,6,2024-01-27; 2025-09-09; 2025-01-03; 2025-03-18; 2025-05-15; 2024-09-04,66888; 59716; 232903; 224271; 47658; 190932,822368.0,3,2025-12-24; 2025-09-10; 2025-12-16,Chandigarh; Ghaziabad; Gurugram,1,0.7984,Known Associate,Relationship evidence between Akash Yadav 88512 and Rohan Yadav 13984. Phone records show 19 calls. Transaction records show 6 transactions. Meeting records show 3 meetings.
REL00520,P0415,Nisha Chauhan,P0297,Karan Pandey 87097,6,2024-09-02; 2026-02-20; 2024-06-16; 2026-04-15; 2025-02-08; 2026-08-15,1706; 1002; 830; 1324; 1275; 1396,7533,3,2024-07-10; 2024-09-21; 2024-06-18,59579; 64049; 33032,156660.0,5,2025-09-28; 2026-08-13; 2025-12-27; 2024-06-12; 2024-08-17,Lucknow; Meerut; Gurugram; Delhi; Gurugram,0,0.2834,Colleague,"Observed interaction between Nisha Chauhan and Karan Pandey 87097. Available records include 6 calls, 3 transactions, and 5 meetings. Evidence does not establish a meaningful relationship."
REL00521,P0187,Karan Khan,P0023,Rahul Mehta,2,2024-03-07; 2025-03-09,651; 213,864,1,2024-08-21,6240,6240.0,0,,,1,0.6049,Former Partner,Relationship evidence between Karan Khan and Rahul Mehta. Phone records show 2 calls. Transaction records show 1 transactions. Meeting records show 0 meetings.
REL00522,P0301,Raj Verma,P0142,Vikram Chauhan,13,2025-09-11; 2025-08-28; 2025-06-21; 2024-06-01; 2026-06-29; 2025-09-14; 2024-01-10; 2026-03-29; 2025-11-19; 2025-05-09; 2024-12-05; 2026-04-19; 2024-11-24,232; 732; 1785; 610; 1473; 760; 319; 856; 177; 966; 722; 953; 1224,10809,3,2025-12-07; 2025-09-15; 2025-09-29,11101; 28442; 74235,113778.0,1,2024-08-14,Noida,1,0.5597,Colleague,Relationship evidence between Raj Verma and Vikram Chauhan. Phone records show 13 calls. Transaction records show 3 transactions. Meeting records show 1 meetings.
REL00523,P0403,Karan Bansal,P0292,Nisha Khanna 23227,11,2026-01-12; 2026-03-08; 2024-06-03; 2026-07-24; 2024-05-11; 2025-05-19; 2025-04-05; 2025-04-23; 2025-04-23; 2024-08-11; 2024-07-27,428; 1816; 3093; 2193; 2986; 258; 1751; 1765; 1343; 3110; 2078,20821,3,2024-01-29; 2026-08-05; 2026-04-01,126116; 10904; 64351,201371.0,2,2025-07-25; 2025-01-05,Delhi; Ghaziabad,0,0.3325,Acquaintance,"Observed interaction between Karan Bansal and Nisha Khanna 23227. Available records include 11 calls, 3 transactions, and 2 meetings. Evidence does not establish a meaningful relationship."
REL00524,P0036,Vivaan Agarwal,P0344,Priya Patel,15,2025-10-07; 2024-10-21; 2024-03-27; 2026-01-15; 2026-04-23; 2024-02-08; 2025-10-17; 2025-04-29; 2026-03-21; 2025-12-26; 2024-10-31; 2026-01-15; 2024-02-24; 2024-05-15; 2026-07-08,2151; 1226; 195; 2886; 2774; 1899; 2058; 3321; 3227; 1622; 2193; 804; 1873; 1977; 1841,30047,3,2024-05-21; 2025-01-15; 2025-08-05,10634; 230687; 122643,363964.0,5,2026-04-30; 2024-06-12; 2024-01-15; 2026-05-12; 2024-02-10,Ghaziabad; Jaipur; Ghaziabad; Lucknow; Meerut,0,0.422,Business Contact,"Observed interaction between Vivaan Agarwal and Priya Patel. Available records include 15 calls, 3 transactions, and 5 meetings. Evidence does not establish a meaningful relationship."
REL00525,P0414,Shreya Sharma,P0269,Akash Malhotra,28,2024-11-18; 2025-09-01; 2025-05-12; 2025-10-23; 2025-08-23; 2024-08-01; 2024-04-16; 2025-06-19; 2026-08-05; 2024-08-10; 2025-08-24; 2025-12-16; 2026-02-27; 2025-08-07; 2025-11-26; 2025-05-11; 2026-02-05; 2025-08-11; 2026-05-08; 2025-07-08; 2025-12-26; 2024-10-11; 2026-05-12; 2025-09-04; 2026-03-19; 2024-03-20; 2024-09-20; 2025-09-05,3012; 2192; 1870; 260; 2533; 3151; 2660; 1410; 3453; 1404; 178; 1275; 2566; 2996; 3398; 2830; 970; 705; 3493; 1827; 3294; 1907; 1334; 1006; 642; 659; 3172; 1031,55228,2,2025-08-27; 2024-09-20,244143; 109878,354021.0,3,2024-04-13; 2024-05-13; 2024-04-13,Gurugram; Lucknow; Agra,0,0.4464,Colleague,"Observed interaction between Shreya Sharma and Akash Malhotra. Available records include 28 calls, 2 transactions, and 3 meetings. Evidence does not establish a meaningful relationship."
REL00526,P0547,Deepak Sharma 15265,P0077,Amit Kumar,8,2026-08-13; 2024-12-13; 2024-08-21; 2024-09-14; 2024-01-17; 2024-01-05; 2025-12-17; 2024-03-15,867; 2925; 1964; 1909; 3156; 2983; 789; 683,15276,6,2026-07-20; 2024-07-16; 2026-04-16; 2025-08-28; 2025-06-27; 2025-12-21,249971; 89740; 140471; 88688; 55252; 226717,850839.0,5,2026-06-29; 2026-08-09; 2025-10-14; 2024-06-14; 2024-12-15,Jaipur; Chandigarh; Lucknow; Chandigarh; Noida,0,0.4965,Acquaintance,"Observed interaction between Deepak Sharma 15265 and Amit Kumar. Available records include 8 calls, 6 transactions, and 5 meetings. Evidence does not establish a meaningful relationship."
REL00527,P0514,Sneha Bansal 30951,P0539,Kavya Kumar 47061,8,2025-06-22; 2025-10-20; 2025-07-13; 2025-10-26; 2025-05-09; 2024-02-29; 2024-12-03; 2025-11-04,1179; 1796; 654; 198; 854; 1129; 161; 847,6818,1,2025-12-15,12097,12097.0,4,2026-01-18; 2024-07-23; 2025-12-15; 2026-01-10,Faridabad; Agra; Meerut; Jaipur,1,0.651,Colleague,Relationship evidence between Sneha Bansal 30951 and Kavya Kumar 47061. Phone records show 8 calls. Transaction records show 1 transactions. Meeting records show 4 meetings.
REL00528,P0589,Vikram Sharma 51362,P0550,Arjun Mehta,17,2025-03-14; 2025-12-04; 2025-03-30; 2025-09-30; 2024-10-02; 2025-08-03; 2026-03-04; 2026-03-26; 2025-01-31; 2024-07-16; 2026-06-23; 2025-11-25; 2025-07-08; 2024-09-04; 2024-01-04; 2026-05-26; 2025-09-27,1941; 751; 944; 1737; 3413; 608; 327; 3558; 2344; 363; 2470; 696; 1828; 462; 1693; 1761; 662,25558,1,2024-01-08,35940,35940.0,6,2025-03-04; 2024-11-26; 2024-12-30; 2026-07-11; 2024-11-22; 2026-01-20,Chandigarh; Lucknow; Jaipur; Faridabad; Meerut; Chandigarh,0,0.4329,Acquaintance,"Observed interaction between Vikram Sharma 51362 and Arjun Mehta. Available records include 17 calls, 1 transactions, and 6 meetings. Evidence does not establish a meaningful relationship."
REL00529,P0536,Abhishek Verma 42407,P0409,Saurabh Khan,14,2024-12-26; 2024-04-12; 2024-06-25; 2024-09-17; 2025-04-26; 2025-03-17; 2024-10-08; 2024-01-06; 2024-01-08; 2024-02-23; 2025-01-30; 2025-06-20; 2025-04-02; 2024-12-11,1127; 1671; 1717; 909; 1715; 1147; 331; 656; 1459; 177; 791; 206; 909; 843,13658,2,2024-12-27; 2024-09-18,44610; 15960,60570.0,4,2024-06-06; 2024-06-28; 2026-07-02; 2024-09-19,Faridabad; Faridabad; Noida; Lucknow,1,0.7443,Business Contact,Relationship evidence between Abhishek Verma 42407 and Saurabh Khan. Phone records show 14 calls. Transaction records show 2 transactions. Meeting records show 4 meetings.
REL00530,P0484,Neha Sharma 39583,P0304,Aarav Chauhan 8582,21,2025-06-25; 2025-02-20; 2026-07-23; 2025-07-01; 2025-03-12; 2024-01-18; 2025-06-08; 2026-03-05; 2024-08-26; 2026-05-06; 2024-11-21; 2026-04-20; 2025-04-26; 2026-06-07; 2024-02-12; 2026-01-17; 2024-03-06; 2025-04-08; 2024-01-21; 2024-09-08; 2025-02-22,914; 306; 2668; 1341; 3437; 1216; 750; 989; 2219; 2753; 1804; 368; 830; 305; 3385; 2961; 1483; 3115; 318; 2334; 2624,36120,6,2026-01-23; 2025-07-01; 2024-08-16; 2024-02-01; 2025-09-15; 2026-03-06,238760; 82870; 205744; 28130; 65729; 80546,701779.0,3,2025-11-15; 2025-08-15; 2024-01-13,Agra; Jaipur; Noida,1,0.9394,Associate,Relationship evidence between Neha Sharma 39583 and Aarav Chauhan 8582. Phone records show 21 calls. Transaction records show 6 transactions. Meeting records show 3 meetings.
REL00531,P0488,Amit Yadav 82318,P0497,Riya Gupta 73025,20,2025-07-22; 2024-10-02; 2024-04-22; 2024-08-02; 2025-01-06; 2025-02-02; 2025-09-16; 2024-10-03; 2025-06-23; 2024-01-14; 2024-11-01; 2024-11-21; 2026-07-25; 2024-02-13; 2025-04-20; 2024-07-28; 2024-12-28; 2026-02-10; 2026-02-27; 2025-01-21,3199; 2951; 2135; 1345; 2206; 178; 2467; 1438; 2160; 2742; 2737; 1032; 2467; 1148; 2892; 197; 1499; 2514; 3513; 2692,41512,3,2026-02-18; 2025-07-15; 2024-02-16,46793; 182454; 123297,352544.0,3,2024-01-02; 2024-06-21; 2026-01-04,Agra; Faridabad; Faridabad,0,0.2515,Business Contact,"Observed interaction between Amit Yadav 82318 and Riya Gupta 73025. Available records include 20 calls, 3 transactions, and 3 meetings. Evidence does not establish a meaningful relationship."
REL00532,P0046,Yash Bansal,P0239,Priya Gupta,6,2024-12-06; 2025-06-17; 2024-10-14; 2025-09-17; 2026-05-11; 2026-06-10,37; 499; 215; 884; 339; 177,2151,2,2024-02-11; 2024-08-20,3657; 18965,22622.0,1,2026-01-31,Chandigarh,1,0.6495,Associate,Relationship evidence between Yash Bansal and Priya Gupta. Phone records show 6 calls. Transaction records show 2 transactions. Meeting records show 1 meetings.
REL00533,P0483,Nisha Patel 11594,P0293,Raj Khan,3,2025-09-16; 2025-01-09; 2026-08-29,136; 692; 336,1164,1,2024-03-09,17325,17325.0,1,2026-07-09,Jaipur,0,0.2609,Former Partner,"Observed interaction between Nisha Patel 11594 and Raj Khan. Available records include 3 calls, 1 transactions, and 1 meetings. Evidence does not establish a meaningful relationship."
REL00534,P0536,Abhishek Verma 42407,P0163,Riya Malhotra,1,2026-05-09,640,640,2,2024-11-23; 2026-03-16,21516; 17539,39055.0,1,2026-06-13,Jaipur,1,0.6589,Colleague,Relationship evidence between Abhishek Verma 42407 and Riya Malhotra. Phone records show 1 calls. Transaction records show 2 transactions. Meeting records show 1 meetings.
REL00535,P0284,Aditya Gupta 85849,P0109,Rohan Verma,18,2026-07-01; 2025-03-15; 2024-02-01; 2026-01-24; 2025-10-20; 2025-01-04; 2026-01-09; 2025-07-15; 2025-01-20; 2026-01-03; 2025-09-29; 2026-02-13; 2024-10-13; 2024-06-18; 2025-04-15; 2025-03-06; 2026-05-08; 2025-05-07,659; 1117; 489; 262; 1799; 968; 454; 1493; 65; 846; 885; 432; 1787; 1269; 497; 1405; 1375; 1455,17257,3,2024-03-29; 2025-01-15; 2024-04-04,71419; 13839; 63438,148696.0,2,2025-07-07; 2025-05-27,Gurugram; Faridabad,0,0.4726,Business Contact,"Observed interaction between Aditya Gupta 85849 and Rohan Verma. Available records include 18 calls, 3 transactions, and 2 meetings. Evidence does not establish a meaningful relationship."
REL00536,P0391,Nisha Singh 13995,P0371,Sneha Patel,23,2026-08-08; 2024-06-05; 2024-08-29; 2024-05-16; 2025-04-16; 2026-01-12; 2024-05-27; 2024-08-13; 2025-10-31; 2025-04-30; 2024-05-01; 2025-04-06; 2025-10-01; 2025-05-29; 2026-08-26; 2025-08-16; 2024-01-28; 2024-06-04; 2026-06-24; 2024-06-24; 2024-08-21; 2025-04-27; 2025-11-26,1754; 1233; 175; 133; 1510; 1724; 1691; 1622; 937; 707; 1747; 618; 1697; 1523; 1170; 1345; 1366; 977; 173; 1434; 1190; 634; 1718,27078,5,2025-04-22; 2025-04-02; 2025-08-17; 2024-11-26; 2025-12-21,36011; 11253; 60349; 57144; 67064,231821.0,4,2024-11-17; 2024-11-17; 2024-07-26; 2025-08-30,Lucknow; Noida; Lucknow; Lucknow,0,0.4185,Colleague,"Observed interaction between Nisha Singh 13995 and Sneha Patel. Available records include 23 calls, 5 transactions, and 4 meetings. Evidence does not establish a meaningful relationship."
REL00537,P0041,Sneha Yadav,P0464,Neha Malhotra,4,2024-12-27; 2025-08-20; 2024-03-07; 2024-11-24,525; 636; 79; 591,1831,1,2025-08-17,10412,10412.0,0,,,1,0.5609,Acquaintance,Relationship evidence between Sneha Yadav and Neha Malhotra. Phone records show 4 calls. Transaction records show 1 transactions. Meeting records show 0 meetings.
REL00538,P0400,Rahul Verma 17246,P0172,Sneha Khan,6,2025-06-01; 2024-09-26; 2025-07-17; 2025-06-08; 2025-03-29; 2025-02-24,230; 557; 43; 179; 37; 721,1767,2,2025-05-05; 2025-02-12,3097; 5445,8542.0,0,,,0,0.0909,Known Associate,"Observed interaction between Rahul Verma 17246 and Sneha Khan. Available records include 6 calls, 2 transactions, and 0 meetings. Evidence does not establish a meaningful relationship."
REL00539,P0409,Saurabh Khan,P0112,Rohan Malhotra,0,,,0,2,2025-09-09; 2024-01-29,21210; 11435,32645.0,2,2026-01-25; 2024-03-31,Lucknow; Lucknow,0,0.0439,Colleague,"Observed interaction between Saurabh Khan and Rohan Malhotra. Available records include 0 calls, 2 transactions, and 2 meetings. Evidence does not establish a meaningful relationship."
REL00540,P0581,Aditya Patel 91545,P0553,Aman Chauhan 20789,5,2026-03-13; 2026-02-19; 2024-04-10; 2025-06-07; 2026-02-24,157; 855; 847; 47; 684,2590,1,2026-04-27,16505,16505.0,2,2024-01-08; 2026-07-26,Jaipur; Jaipur,0,0.2532,Former Partner,"Observed interaction between Aditya Patel 91545 and Aman Chauhan 20789. Available records include 5 calls, 1 transactions, and 2 meetings. Evidence does not establish a meaningful relationship."
REL00541,P0038,Riya Gupta,P0122,Aditya Patel 78965,8,2024-08-12; 2025-05-07; 2026-03-09; 2024-05-30; 2025-08-26; 2025-07-22; 2024-05-27; 2025-01-31,586; 641; 256; 249; 301; 743; 543; 698,4017,2,2026-08-10; 2026-05-19,14808; 22171,36979.0,1,2024-11-07,Agra,1,0.7206,Associate,Relationship evidence between Riya Gupta and Aditya Patel 78965. Phone records show 8 calls. Transaction records show 2 transactions. Meeting records show 1 meetings.
REL00542,P0048,Manish Singh,P0249,Aarav Patel 11486,15,2025-04-16; 2025-06-07; 2025-09-20; 2025-02-27; 2026-06-01; 2025-06-15; 2026-03-12; 2026-01-17; 2026-06-04; 2024-08-18; 2024-07-14; 2024-12-12; 2024-12-28; 2025-12-08; 2025-04-01,174; 3398; 2114; 1931; 1087; 3149; 535; 3257; 819; 3560; 3418; 2815; 1013; 530; 1442,29242,1,2024-12-03,99198,99198.0,4,2025-10-09; 2024-02-13; 2025-11-28; 2026-05-14,Meerut; Chandigarh; Delhi; Meerut,0,0.2444,Colleague,"Observed interaction between Manish Singh and Aarav Patel 11486. Available records include 15 calls, 1 transactions, and 4 meetings. Evidence does not establish a meaningful relationship."
REL00543,P0096,Arjun Gupta,P0538,Rahul Singh 52287,10,2025-06-12; 2024-10-07; 2025-12-28; 2026-04-21; 2024-10-13; 2024-09-26; 2024-02-15; 2024-11-14; 2025-01-11; 2025-06-05,570; 234; 127; 98; 338; 85; 335; 514; 72; 687,3060,2,2026-07-30; 2025-12-19,3855; 5493,9348.0,1,2026-08-16,Ghaziabad,1,0.7433,Known Associate,Relationship evidence between Arjun Gupta and Rahul Singh 52287. Phone records show 10 calls. Transaction records show 2 transactions. Meeting records show 1 meetings.
REL00544,P0331,Ravi Khan 10491,P0051,Aman Patel,17,2026-02-07; 2025-02-06; 2026-04-18; 2026-08-14; 2026-03-06; 2025-06-30; 2025-09-08; 2024-03-17; 2026-01-31; 2024-02-08; 2025-08-19; 2025-10-16; 2025-03-24; 2026-06-18; 2026-06-12; 2025-04-06; 2025-09-24,1948; 2322; 338; 702; 1070; 2736; 1359; 3414; 3306; 2690; 1213; 1582; 1866; 2218; 1315; 1198; 1807,31084,8,2025-04-29; 2025-08-11; 2026-04-09; 2024-10-27; 2024-01-26; 2026-07-25; 2026-02-18; 2024-08-25,224801; 212414; 120954; 200219; 234454; 122007; 88161; 223490,1426500.0,1,2024-01-23,Noida,0,0.3512,Acquaintance,"Observed interaction between Ravi Khan 10491 and Aman Patel. Available records include 17 calls, 8 transactions, and 1 meetings. Evidence does not establish a meaningful relationship."
REL00545,P0138,Nikhil Gupta,P0327,Sahil Singh 717,11,2024-12-29; 2025-08-19; 2026-08-25; 2025-05-25; 2025-01-09; 2025-04-08; 2025-12-24; 2026-07-28; 2024-06-13; 2025-09-07; 2026-07-20,1500; 1430; 361; 1416; 959; 538; 273; 1102; 865; 1205; 1645,11294,8,2026-01-30; 2024-08-01; 2025-12-28; 2024-02-08; 2024-05-19; 2025-08-01; 2026-04-29; 2024-03-31,45440; 50272; 41885; 23453; 31723; 31706; 24944; 41332,290755.0,5,2024-04-02; 2025-01-19; 2026-05-25; 2026-01-24; 2025-01-16,Noida; Lucknow; Meerut; Faridabad; Lucknow,0,0.2866,Business Contact,"Observed interaction between Nikhil Gupta and Sahil Singh 717. Available records include 11 calls, 8 transactions, and 5 meetings. Evidence does not establish a meaningful relationship."
REL00546,P0444,Saurabh Gupta 23322,P0399,Priya Patel 5755,3,2024-10-25; 2026-03-24; 2025-01-28,886; 502; 746,2134,0,,,0.0,1,2024-09-17,Jaipur,0,0.0701,Associate,"Observed interaction between Saurabh Gupta 23322 and Priya Patel 5755. Available records include 3 calls, 0 transactions, and 1 meetings. Evidence does not establish a meaningful relationship."
REL00547,P0126,Raj Khanna,P0354,Priya Sharma,5,2025-07-11; 2024-10-17; 2025-10-27; 2024-03-25; 2026-08-01,662; 518; 294; 778; 644,2896,2,2024-04-27; 2025-03-10,2585; 14981,17566.0,1,2024-01-04,Meerut,0,0.0145,Acquaintance,"Observed interaction between Raj Khanna and Priya Sharma. Available records include 5 calls, 2 transactions, and 1 meetings. Evidence does not establish a meaningful relationship."
REL00548,P0166,Neha Singh 29537,P0170,Pooja Khanna 65180,44,2025-08-01; 2025-07-19; 2024-03-14; 2025-10-23; 2026-05-04; 2026-08-23; 2024-10-20; 2026-07-01; 2024-04-11; 2024-08-21; 2026-03-17; 2026-02-20; 2024-11-03; 2026-05-07; 2024-10-07; 2025-11-14; 2025-05-06; 2025-01-30; 2025-12-16; 2026-06-29; 2024-02-29; 2025-12-23; 2025-08-27; 2024-09-18; 2026-04-16; 2025-07-29; 2024-07-27; 2025-12-11; 2025-05-13; 2026-04-10; 2025-04-05; 2024-10-21; 2024-01-27; 2026-01-23; 2024-05-11; 2025-08-28; 2026-04-09; 2026-01-06; 2026-05-30; 2024-05-08; 2025-07-02; 2025-02-18; 2024-10-22; 2025-11-11,2728; 1108; 944; 3276; 237; 3445; 740; 1859; 2718; 1544; 3188; 241; 2475; 3093; 2765; 2516; 1694; 3016; 3475; 886; 597; 2404; 892; 1822; 1664; 1973; 2002; 624; 2576; 3176; 1666; 1821; 1815; 1903; 439; 126; 691; 1403; 3178; 1734; 1105; 1258; 832; 3443,81092,4,2026-08-30; 2026-08-01; 2024-02-02; 2024-05-17,217993; 232568; 229751; 43555,723867.0,5,2024-05-16; 2025-11-27; 2025-12-16; 2024-08-13; 2024-10-02,Agra; Agra; Lucknow; Delhi; Noida,1,0.9569,Associate,Relationship evidence between Neha Singh 29537 and Pooja Khanna 65180. Phone records show 44 calls. Transaction records show 4 transactions. Meeting records show 5 meetings.
REL00549,P0214,Aditya Singh,P0449,Aditya Khanna 82942,22,2025-09-24; 2026-01-28; 2024-01-17; 2024-04-06; 2025-04-30; 2026-06-03; 2025-04-08; 2025-09-21; 2024-03-14; 2024-12-01; 2024-06-02; 2025-10-12; 2024-11-07; 2024-10-09; 2026-04-13; 2025-02-17; 2024-05-03; 2024-10-07; 2024-10-27; 2024-01-28; 2025-09-23; 2024-06-17,985; 1124; 3302; 1555; 376; 1995; 1365; 1739; 1596; 1898; 1378; 693; 3433; 1663; 3452; 335; 570; 2371; 1691; 1128; 2125; 3198,37972,4,2024-05-11; 2025-01-23; 2024-08-11; 2024-03-09,158795; 163237; 215073; 206722,743827.0,4,2024-12-31; 2026-01-22; 2026-07-15; 2025-10-20,Jaipur; Agra; Meerut; Meerut,0,0.4039,Colleague,"Observed interaction between Aditya Singh and Aditya Khanna 82942. Available records include 22 calls, 4 transactions, and 4 meetings. Evidence does not establish a meaningful relationship."
REL00550,P0162,Abhishek Khanna,P0188,Saurabh Yadav,26,2024-11-01; 2025-09-14; 2024-02-16; 2024-01-27; 2024-08-09; 2026-08-07; 2026-05-28; 2026-03-22; 2026-07-30; 2026-04-13; 2025-07-14; 2024-11-27; 2024-01-03; 2024-07-02; 2026-01-30; 2026-03-31; 2024-12-08; 2024-12-17; 2024-03-06; 2026-01-16; 2026-01-09; 2024-08-01; 2026-05-01; 2026-08-17; 2026-03-11; 2024-10-04,3312; 1301; 2918; 1167; 2370; 1755; 2090; 696; 859; 2304; 2315; 1056; 2465; 123; 1351; 2040; 3212; 1107; 1076; 390; 1155; 1599; 1250; 1668; 3115; 3146,45840,8,2025-12-13; 2024-03-26; 2025-01-17; 2025-12-04; 2025-05-08; 2024-10-26; 2025-08-17; 2026-04-29,61897; 49011; 103742; 34325; 40004; 78344; 192631; 214909,774863.0,4,2025-08-25; 2025-04-13; 2025-06-22; 2025-06-13,Chandigarh; Agra; Meerut; Ghaziabad,0,0.2222,Business Contact,"Observed interaction between Abhishek Khanna and Saurabh Yadav. Available records include 26 calls, 8 transactions, and 4 meetings. Evidence does not establish a meaningful relationship."
REL00551,P0009,Aditya Patel,P0297,Karan Pandey 87097,23,2025-05-22; 2025-10-28; 2025-03-21; 2025-03-11; 2024-04-07; 2025-06-10; 2024-07-17; 2024-02-23; 2025-12-16; 2025-06-25; 2026-04-03; 2025-01-17; 2025-05-29; 2024-02-22; 2024-03-02; 2024-04-12; 2026-01-10; 2025-12-14; 2025-07-02; 2025-05-06; 2024-09-06; 2024-03-28; 2024-11-15,482; 1252; 232; 724; 248; 192; 572; 528; 947; 1045; 1155; 904; 409; 1352; 272; 1698; 90; 1055; 1695; 1183; 218; 1183; 994,18430,6,2024-04-09; 2024-02-16; 2025-09-21; 2025-11-18; 2025-02-19; 2025-10-08,70747; 43953; 57475; 41477; 18891; 45341,277884.0,3,2026-02-18; 2025-04-10; 2026-05-09,Delhi; Jaipur; Lucknow,0,0.4281,Colleague,"Observed interaction between Aditya Patel and Karan Pandey 87097. Available records include 23 calls, 6 transactions, and 3 meetings. Evidence does not establish a meaningful relationship."
REL00552,P0003,Sahil Kumar,P0147,Nisha Yadav,6,2024-07-21; 2024-09-07; 2026-08-04; 2026-04-08; 2026-01-08; 2024-03-14,401; 289; 203; 743; 780; 220,2636,2,2024-01-13; 2025-02-17,1589; 2229,3818.0,2,2024-07-08; 2024-07-18,Delhi; Gurugram,0,0.336,Known Associate,"Observed interaction between Sahil Kumar and Nisha Yadav. Available records include 6 calls, 2 transactions, and 2 meetings. Evidence does not establish a meaningful relationship."
REL00553,P0443,Sneha Khanna 9925,P0344,Priya Patel,27,2024-11-30; 2026-07-26; 2026-04-30; 2024-05-21; 2024-06-21; 2024-10-22; 2026-01-28; 2024-04-07; 2024-04-08; 2024-10-23; 2026-03-18; 2024-06-06; 2024-01-28; 2025-02-17; 2025-02-22; 2025-05-06; 2024-02-07; 2024-04-15; 2024-11-18; 2024-03-18; 2024-09-19; 2024-11-23; 2026-01-26; 2025-08-25; 2025-08-02; 2024-05-25; 2024-01-20,255; 882; 929; 571; 481; 1798; 1575; 1123; 348; 323; 337; 339; 629; 136; 124; 714; 535; 1262; 327; 437; 1421; 420; 156; 822; 833; 346; 1401,18524,6,2024-01-29; 2024-04-07; 2025-11-10; 2026-01-26; 2025-09-20; 2026-02-14,8076; 11899; 16925; 29228; 35557; 72016,173701.0,6,2024-11-10; 2024-08-02; 2024-08-16; 2025-08-12; 2024-04-13; 2024-07-16,Ghaziabad; Gurugram; Meerut; Gurugram; Lucknow; Jaipur,0,0.5344,Acquaintance,"Observed interaction between Sneha Khanna 9925 and Priya Patel. Available records include 27 calls, 6 transactions, and 6 meetings. Evidence does not establish a meaningful relationship."
REL00554,P0120,Nikhil Sharma,P0220,Pooja Agarwal,12,2024-10-17; 2024-12-07; 2024-05-09; 2024-08-09; 2024-11-07; 2024-07-09; 2025-05-27; 2025-02-13; 2024-11-01; 2026-03-02; 2026-04-03; 2024-11-01,2616; 1933; 1873; 3368; 140; 829; 1200; 2510; 2217; 1881; 1878; 911,21356,5,2024-10-01; 2024-06-27; 2026-02-02; 2024-02-25; 2026-01-17,222399; 162919; 103482; 74885; 124626,688311.0,3,2026-02-07; 2025-04-09; 2025-10-13,Chandigarh; Ghaziabad; Faridabad,0,0.4317,Acquaintance,"Observed interaction between Nikhil Sharma and Pooja Agarwal. Available records include 12 calls, 5 transactions, and 3 meetings. Evidence does not establish a meaningful relationship."
REL00555,P0564,Karan Gupta 87415,P0370,Priya Patel 24833,4,2024-12-30; 2025-02-18; 2026-05-04; 2026-03-03,114; 362; 724; 201,1401,1,2025-01-27,13747,13747.0,0,,,0,0.1361,Colleague,"Observed interaction between Karan Gupta 87415 and Priya Patel 24833. Available records include 4 calls, 1 transactions, and 0 meetings. Evidence does not establish a meaningful relationship."
REL00556,P0341,Raj Malhotra 89960,P0577,Raj Verma 35297,2,2024-06-10; 2025-01-13,826; 272,1098,1,2026-06-12,21457,21457.0,1,2025-06-07,Delhi,0,0.2207,Associate,"Observed interaction between Raj Malhotra 89960 and Raj Verma 35297. Available records include 2 calls, 1 transactions, and 1 meetings. Evidence does not establish a meaningful relationship."
REL00557,P0427,Vivaan Sharma,P0308,Sneha Khanna,2,2024-08-12; 2024-09-12,434; 889,1323,1,2025-08-18,23371,23371.0,1,2025-01-14,Gurugram,0,0.1081,Associate,"Observed interaction between Vivaan Sharma and Sneha Khanna. Available records include 2 calls, 1 transactions, and 1 meetings. Evidence does not establish a meaningful relationship."
REL00558,P0453,Vikram Yadav 96722,P0278,Karan Verma 13929,18,2024-08-01; 2025-07-28; 2025-08-17; 2025-12-16; 2025-12-06; 2025-12-17; 2026-08-06; 2025-02-21; 2024-05-10; 2026-02-19; 2025-10-11; 2026-06-20; 2026-02-23; 2025-08-13; 2025-07-18; 2026-06-28; 2024-12-13; 2026-02-04,571; 375; 653; 474; 1508; 1606; 855; 1071; 1273; 368; 669; 271; 753; 1032; 227; 380; 1372; 997,14455,6,2026-06-03; 2025-10-22; 2025-12-15; 2026-08-14; 2025-03-04; 2026-08-31,27757; 73703; 31439; 44464; 37579; 29853,244795.0,6,2026-08-20; 2025-11-06; 2024-10-20; 2025-02-24; 2025-07-15; 2024-12-02,Lucknow; Jaipur; Ghaziabad; Agra; Delhi; Jaipur,0,0.4747,Colleague,"Observed interaction between Vikram Yadav 96722 and Karan Verma 13929. Available records include 18 calls, 6 transactions, and 6 meetings. Evidence does not establish a meaningful relationship."
REL00559,P0403,Karan Bansal,P0552,Neha Kumar 22714,14,2025-09-15; 2026-02-09; 2026-06-29; 2026-02-16; 2025-07-13; 2026-03-17; 2025-11-04; 2024-03-20; 2025-03-01; 2024-04-08; 2024-12-28; 2026-05-31; 2024-08-17; 2025-11-20,1084; 230; 267; 866; 1660; 1115; 1403; 462; 1482; 1005; 241; 119; 561; 107,10602,8,2025-05-24; 2026-04-05; 2024-08-01; 2025-04-30; 2024-05-13; 2025-01-23; 2024-03-01; 2025-04-27,23764; 2533; 14506; 37896; 72294; 57523; 65173; 74599,348288.0,5,2026-07-14; 2025-12-29; 2024-01-20; 2025-07-23; 2026-07-06,Gurugram; Jaipur; Faridabad; Agra; Ghaziabad,0,0.2412,Acquaintance,"Observed interaction between Karan Bansal and Neha Kumar 22714. Available records include 14 calls, 8 transactions, and 5 meetings. Evidence does not establish a meaningful relationship."
REL00560,P0126,Raj Khanna,P0293,Raj Khan,6,2026-02-25; 2024-10-31; 2026-03-12; 2026-03-02; 2025-03-28; 2025-02-10,208; 351; 677; 304; 878; 167,2585,0,,,0.0,2,2026-02-05; 2025-08-15,Gurugram; Jaipur,0,0.2964,Known Associate,"Observed interaction between Raj Khanna and Raj Khan. Available records include 6 calls, 0 transactions, and 2 meetings. Evidence does not establish a meaningful relationship."
REL00561,P0304,Aarav Chauhan 8582,P0353,Yash Verma,1,2024-04-21,491,491,0,,,0.0,2,2024-05-22; 2026-02-05,Agra; Agra,0,0.2244,Known Associate,"Observed interaction between Aarav Chauhan 8582 and Yash Verma. Available records include 1 calls, 0 transactions, and 2 meetings. Evidence does not establish a meaningful relationship."
REL00562,P0308,Sneha Khanna,P0012,Nikhil Bansal 10323,37,2026-05-16; 2025-11-11; 2024-03-22; 2025-11-14; 2024-04-22; 2024-07-04; 2025-10-19; 2025-02-27; 2025-12-20; 2026-07-21; 2025-01-27; 2026-01-05; 2024-10-26; 2025-08-03; 2025-04-16; 2024-03-31; 2025-09-27; 2025-02-23; 2025-04-07; 2025-11-19; 2024-01-27; 2025-02-25; 2025-11-29; 2026-06-29; 2025-07-17; 2024-08-17; 2024-08-11; 2024-12-02; 2024-08-13; 2025-09-06; 2024-04-23; 2024-02-03; 2024-04-17; 2025-02-02; 2024-04-20; 2024-06-22; 2024-12-24,3336; 3287; 2459; 232; 585; 1763; 3298; 3062; 1131; 2445; 2584; 1234; 3115; 2516; 258; 3238; 3209; 453; 917; 1047; 1068; 1234; 1233; 1002; 2070; 2847; 1837; 3532; 2094; 2810; 3397; 960; 2928; 1240; 2305; 3374; 531,74631,7,2024-10-15; 2024-02-16; 2026-04-25; 2025-07-30; 2025-07-12; 2026-03-27; 2025-12-08,79547; 33228; 200937; 26272; 28653; 236748; 123812,729197.0,6,2025-05-20; 2025-09-06; 2024-08-09; 2024-02-08; 2024-03-16; 2024-09-14,Lucknow; Noida; Noida; Jaipur; Delhi; Faridabad,1,0.883,Colleague,Relationship evidence between Sneha Khanna and Nikhil Bansal 10323. Phone records show 37 calls. Transaction records show 7 transactions. Meeting records show 6 meetings.
REL00563,P0086,Pooja Bansal,P0026,Anjali Agarwal,14,2025-07-29; 2026-04-30; 2026-06-21; 2025-03-03; 2026-05-23; 2025-03-03; 2026-08-06; 2024-05-01; 2025-02-17; 2026-07-26; 2025-07-11; 2024-02-03; 2026-02-04; 2024-03-15,1331; 1293; 141; 564; 657; 355; 309; 1791; 1636; 470; 588; 1087; 1581; 734,12537,3,2024-11-05; 2025-07-20; 2024-09-24,22438; 9853; 29463,61754.0,1,2024-11-22,Ghaziabad,0,0.2261,Acquaintance,"Observed interaction between Pooja Bansal and Anjali Agarwal. Available records include 14 calls, 3 transactions, and 1 meetings. Evidence does not establish a meaningful relationship."
REL00564,P0063,Sneha Malhotra,P0490,Saurabh Singh 73225,26,2026-07-31; 2025-07-10; 2025-01-26; 2024-03-01; 2024-03-22; 2024-11-27; 2026-03-17; 2025-05-07; 2024-04-11; 2026-05-25; 2025-12-19; 2026-06-23; 2024-03-29; 2026-03-20; 2025-05-22; 2024-04-28; 2024-07-27; 2026-06-16; 2024-05-18; 2026-03-12; 2025-12-23; 2024-04-10; 2025-08-19; 2025-11-29; 2024-11-12; 2026-08-06,1795; 1733; 93; 337; 681; 1010; 1430; 68; 390; 1126; 1197; 1704; 1401; 240; 652; 248; 304; 331; 1781; 1152; 1000; 1354; 672; 709; 339; 1052,22799,2,2026-08-14; 2025-12-14,11841; 29934,41775.0,4,2025-03-22; 2025-05-02; 2026-05-19; 2025-06-06,Meerut; Chandigarh; Jaipur; Faridabad,0,0.5011,Business Contact,"Observed interaction between Sneha Malhotra and Saurabh Singh 73225. Available records include 26 calls, 2 transactions, and 4 meetings. Evidence does not establish a meaningful relationship."
REL00565,P0193,Arjun Malhotra,P0074,Deepak Pandey,4,2026-07-29; 2025-10-14; 2025-05-26; 2024-11-04,649; 133; 693; 408,1883,0,,,0.0,0,,,0,0.0515,Colleague,"Observed interaction between Arjun Malhotra and Deepak Pandey. Available records include 4 calls, 0 transactions, and 0 meetings. Evidence does not establish a meaningful relationship."
REL00566,P0592,Aditya Yadav,P0294,Riya Gupta 89996,1,2024-05-01,376,376,2,2024-10-17; 2026-06-17,2069; 2994,5063.0,0,,,0,0.2514,Colleague,"Observed interaction between Aditya Yadav and Riya Gupta 89996. Available records include 1 calls, 2 transactions, and 0 meetings. Evidence does not establish a meaningful relationship."
REL00567,P0085,Yash Yadav 31187,P0344,Priya Patel,15,2024-07-08; 2025-02-01; 2024-03-09; 2025-02-20; 2025-07-15; 2024-09-16; 2026-04-13; 2024-12-18; 2024-12-11; 2024-06-20; 2024-11-26; 2024-06-28; 2026-02-14; 2025-11-02; 2025-05-23,3149; 1397; 427; 128; 689; 2712; 1608; 1279; 2112; 3071; 3432; 386; 3018; 2030; 2511,27949,1,2025-07-09,166555,166555.0,4,2025-12-22; 2025-09-20; 2024-10-09; 2025-06-17,Lucknow; Meerut; Jaipur; Jaipur,0,0.4116,Acquaintance,"Observed interaction between Yash Yadav 31187 and Priya Patel. Available records include 15 calls, 1 transactions, and 4 meetings. Evidence does not establish a meaningful relationship."
REL00568,P0519,Neha Pandey,P0584,Aman Patel 23225,1,2025-01-13,128,128,0,,,0.0,0,,,0,0.2109,Former Partner,"Observed interaction between Neha Pandey and Aman Patel 23225. Available records include 1 calls, 0 transactions, and 0 meetings. Evidence does not establish a meaningful relationship."
REL00569,P0349,Shreya Bansal,P0444,Saurabh Gupta 23322,6,2024-08-01; 2025-01-09; 2025-01-07; 2026-03-07; 2025-05-31; 2024-10-30,169; 892; 208; 479; 673; 761,3182,2,2024-03-29; 2025-04-11,5613; 13270,18883.0,3,2025-02-17; 2024-05-16; 2026-02-17,Meerut; Jaipur; Meerut,1,0.4578,Known Associate,Relationship evidence between Shreya Bansal and Saurabh Gupta 23322. Phone records show 6 calls. Transaction records show 2 transactions. Meeting records show 3 meetings.
REL00570,P0392,Aditya Pandey,P0009,Aditya Patel,1,2024-03-25,321,321,2,2026-05-29; 2025-10-31,9493; 4144,13637.0,0,,,1,0.7016,Known Associate,Relationship evidence between Aditya Pandey and Aditya Patel. Phone records show 1 calls. Transaction records show 2 transactions. Meeting records show 0 meetings.
REL00571,P0006,Shreya Singh,P0388,Nikhil Patel 86106,5,2024-09-23; 2024-02-11; 2026-03-17; 2025-12-18; 2025-06-08,475; 816; 847; 125; 25,2288,1,2024-01-04,21411,21411.0,0,,,0,0.3434,Former Partner,"Observed interaction between Shreya Singh and Nikhil Patel 86106. Available records include 5 calls, 1 transactions, and 0 meetings. Evidence does not establish a meaningful relationship."
REL00572,P0422,Raj Bansal,P0419,Vikram Malhotra 25972,24,2025-05-12; 2024-05-18; 2025-07-03; 2024-05-24; 2024-01-08; 2025-04-28; 2025-02-21; 2024-06-21; 2024-07-15; 2025-05-28; 2026-01-07; 2024-04-23; 2024-05-04; 2024-12-25; 2026-06-10; 2026-03-22; 2025-11-06; 2024-06-14; 2024-05-23; 2024-08-22; 2024-05-26; 2025-07-19; 2024-05-31; 2024-07-04,836; 2397; 754; 1282; 173; 2315; 1257; 2049; 1458; 757; 2274; 908; 1586; 2602; 2540; 2559; 1337; 250; 125; 1237; 497; 279; 3094; 3197,35763,1,2025-07-21,80248,80248.0,6,2025-04-08; 2025-09-11; 2026-04-01; 2024-04-28; 2024-08-21; 2025-01-16,Noida; Noida; Ghaziabad; Meerut; Delhi; Meerut,0,0.268,Business Contact,"Observed interaction between Raj Bansal and Vikram Malhotra 25972. Available records include 24 calls, 1 transactions, and 6 meetings. Evidence does not establish a meaningful relationship."
REL00573,P0454,Sahil Kumar 99294,P0150,Divya Bansal 30438,6,2025-08-29; 2024-05-14; 2026-08-03; 2026-04-25; 2024-01-08; 2026-03-21,467; 316; 140; 674; 737; 700,3034,2,2025-01-03; 2025-05-16,18736; 1841,20577.0,2,2025-09-05; 2026-02-16,Chandigarh; Lucknow,0,0.0917,Colleague,"Observed interaction between Sahil Kumar 99294 and Divya Bansal 30438. Available records include 6 calls, 2 transactions, and 2 meetings. Evidence does not establish a meaningful relationship."
REL00574,P0131,Aman Agarwal,P0554,Yash Khan 6118,6,2024-04-14; 2025-09-28; 2024-10-21; 2026-07-20; 2026-06-06; 2025-12-30,734; 556; 677; 218; 1315; 741,4241,0,,,0.0,3,2026-06-11; 2026-02-16; 2024-05-09,Lucknow; Noida; Faridabad,1,0.645,Associate,Relationship evidence between Aman Agarwal and Yash Khan 6118. Phone records show 6 calls. Transaction records show 0 transactions. Meeting records show 3 meetings.
REL00575,P0570,Anjali Mehta,P0420,Rohan Malhotra 80864,14,2024-03-28; 2025-10-18; 2025-06-06; 2025-11-21; 2025-07-22; 2026-08-06; 2025-09-16; 2024-08-16; 2024-01-24; 2025-01-29; 2024-08-15; 2026-02-13; 2024-12-18; 2025-05-24,1205; 1375; 1514; 111; 1439; 525; 1011; 1203; 1258; 1643; 296; 1427; 358; 259,13624,3,2024-08-15; 2026-04-23; 2025-11-07,60278; 34844; 33398,128520.0,5,2026-04-21; 2026-01-07; 2025-02-16; 2025-09-02; 2025-08-12,Delhi; Meerut; Meerut; Lucknow; Meerut,0,0.5352,Business Contact,"Observed interaction between Anjali Mehta and Rohan Malhotra 80864. Available records include 14 calls, 3 transactions, and 5 meetings. Evidence does not establish a meaningful relationship."
REL00576,P0505,Vivaan Patel 34524,P0382,Rohan Mehta,23,2026-02-16; 2024-10-11; 2024-07-10; 2025-08-12; 2026-07-05; 2026-01-24; 2024-01-01; 2026-05-04; 2025-03-05; 2025-09-09; 2025-03-16; 2025-08-03; 2025-10-14; 2024-02-20; 2025-12-07; 2024-11-01; 2025-01-02; 2026-07-04; 2024-06-05; 2025-06-16; 2025-09-14; 2026-03-31; 2025-07-10,938; 90; 832; 196; 1550; 159; 855; 739; 920; 1001; 552; 538; 986; 1608; 619; 820; 969; 148; 229; 877; 711; 354; 969,16660,5,2025-02-28; 2024-04-05; 2026-08-06; 2024-08-16; 2025-03-04,11058; 41169; 74330; 9679; 20351,156587.0,6,2025-01-01; 2024-08-13; 2025-10-12; 2024-01-21; 2025-06-08; 2024-10-14,Ghaziabad; Chandigarh; Jaipur; Agra; Agra; Gurugram,0,0.4241,Acquaintance,"Observed interaction between Vivaan Patel 34524 and Rohan Mehta. Available records include 23 calls, 5 transactions, and 6 meetings. Evidence does not establish a meaningful relationship."
REL00577,P0408,Karan Gupta 8892,P0303,Saurabh Yadav 49147,14,2026-04-01; 2026-06-16; 2026-04-11; 2024-01-10; 2025-06-28; 2024-10-15; 2025-11-22; 2024-07-07; 2024-09-03; 2026-01-31; 2024-05-24; 2026-07-11; 2024-09-13; 2024-06-27,495; 677; 1109; 69; 1630; 125; 620; 223; 990; 1512; 318; 690; 286; 1534,10278,8,2024-12-04; 2024-12-16; 2024-09-09; 2026-08-22; 2026-06-13; 2025-02-11; 2025-09-06; 2024-04-20,44942; 72068; 46307; 43330; 62101; 38934; 5774; 52354,365810.0,4,2024-06-27; 2026-05-04; 2025-05-25; 2025-07-30,Jaipur; Delhi; Gurugram; Faridabad,0,0.2576,Colleague,"Observed interaction between Karan Gupta 8892 and Saurabh Yadav 49147. Available records include 14 calls, 8 transactions, and 4 meetings. Evidence does not establish a meaningful relationship."
REL00578,P0464,Neha Malhotra,P0063,Sneha Malhotra,29,2026-03-24; 2024-12-12; 2025-11-22; 2025-09-06; 2024-10-25; 2025-01-02; 2024-07-04; 2026-08-11; 2024-08-15; 2026-05-18; 2024-03-25; 2024-11-25; 2025-10-17; 2025-07-04; 2026-08-01; 2026-04-09; 2024-05-22; 2025-06-21; 2025-01-31; 2024-08-19; 2024-02-17; 2024-10-13; 2024-01-21; 2026-07-22; 2026-04-28; 2024-05-23; 2025-09-11; 2025-03-21; 2025-02-05,436; 1473; 1324; 1288; 245; 966; 383; 263; 1054; 665; 381; 1289; 344; 1758; 328; 114; 678; 238; 894; 1010; 1169; 1635; 422; 304; 795; 1461; 553; 1269; 420,23159,4,2026-07-10; 2025-02-19; 2025-01-26; 2025-09-10,29514; 64238; 2649; 53932,150333.0,2,2024-08-14; 2024-05-09,Meerut; Delhi,0,0.5399,Acquaintance,"Observed interaction between Neha Malhotra and Sneha Malhotra. Available records include 29 calls, 4 transactions, and 2 meetings. Evidence does not establish a meaningful relationship."
REL00579,P0125,Aman Mehta,P0237,Yash Mehta 69394,10,2024-07-08; 2024-06-03; 2024-02-16; 2025-03-04; 2024-04-07; 2025-11-18; 2025-08-22; 2024-02-19; 2024-04-18; 2025-08-13,1100; 2753; 1117; 986; 1650; 2655; 1044; 2124; 2594; 2115,18138,1,2024-03-27,168257,168257.0,3,2024-03-04; 2024-01-03; 2024-02-29,Delhi; Gurugram; Agra,0,0.4268,Business Contact,"Observed interaction between Aman Mehta and Yash Mehta 69394. Available records include 10 calls, 1 transactions, and 3 meetings. Evidence does not establish a meaningful relationship."
REL00580,P0441,Arjun Agarwal,P0102,Divya Bansal 42364,9,2026-01-05; 2025-11-24; 2024-10-14; 2025-12-17; 2025-05-19; 2024-03-06; 2025-06-10; 2026-01-27; 2025-01-12,1569; 2576; 1386; 130; 3098; 1961; 2493; 2666; 3445,19324,3,2026-07-09; 2024-05-26; 2024-08-20,10123; 84882; 218121,313126.0,3,2026-03-09; 2024-12-18; 2026-01-14,Ghaziabad; Gurugram; Ghaziabad,0,0.229,Acquaintance,"Observed interaction between Arjun Agarwal and Divya Bansal 42364. Available records include 9 calls, 3 transactions, and 3 meetings. Evidence does not establish a meaningful relationship."
REL00581,P0395,Akash Malhotra 5560,P0480,Aditya Agarwal 58388,6,2024-10-18; 2024-12-05; 2025-01-20; 2024-10-23; 2025-03-27; 2026-01-21,314; 877; 270; 474; 33; 821,2789,2,2026-01-27; 2024-05-01,20650; 10189,30839.0,0,,,0,0.3313,Known Associate,"Observed interaction between Akash Malhotra 5560 and Aditya Agarwal 58388. Available records include 6 calls, 2 transactions, and 0 meetings. Evidence does not establish a meaningful relationship."
REL00582,P0362,Kavya Kumar 48680,P0201,Rahul Verma,7,2025-05-25; 2025-03-14; 2025-03-06; 2025-12-29; 2025-03-14; 2024-12-14; 2024-02-29,765; 422; 1409; 1024; 1387; 1615; 916,7538,0,,,0.0,4,2024-03-09; 2024-05-08; 2024-01-28; 2026-03-13,Agra; Gurugram; Lucknow; Noida,1,0.8211,Acquaintance,Relationship evidence between Kavya Kumar 48680 and Rahul Verma. Phone records show 7 calls. Transaction records show 0 transactions. Meeting records show 4 meetings.
REL00583,P0329,Priya Mehta,P0489,Aman Malhotra 18838,0,,,0,1,2024-03-16,24137,24137.0,2,2025-10-01; 2024-03-02,Gurugram; Gurugram,0,0.0936,Former Partner,"Observed interaction between Priya Mehta and Aman Malhotra 18838. Available records include 0 calls, 1 transactions, and 2 meetings. Evidence does not establish a meaningful relationship."
REL00584,P0117,Aarav Bansal,P0401,Sneha Mehta,18,2025-10-06; 2026-04-25; 2025-05-04; 2025-10-09; 2025-03-13; 2024-07-28; 2024-12-09; 2024-09-08; 2024-05-18; 2024-06-03; 2024-07-22; 2025-12-01; 2025-05-12; 2024-05-06; 2025-07-06; 2024-12-30; 2025-08-22; 2024-06-08,206; 342; 835; 1736; 1362; 1118; 1535; 642; 1385; 1109; 812; 908; 511; 1079; 231; 230; 645; 1792,16478,0,,,0.0,4,2024-06-04; 2025-09-12; 2024-11-15; 2024-07-16,Delhi; Delhi; Delhi; Ghaziabad,1,0.6997,Known Associate,Relationship evidence between Aarav Bansal and Sneha Mehta. Phone records show 18 calls. Transaction records show 0 transactions. Meeting records show 4 meetings.
REL00585,P0345,Karan Gupta 73681,P0252,Saurabh Agarwal,21,2025-12-15; 2024-03-15; 2024-07-31; 2024-05-26; 2024-09-22; 2025-03-23; 2024-12-18; 2025-09-05; 2025-11-05; 2025-10-03; 2025-05-29; 2026-05-21; 2025-01-24; 2025-01-24; 2025-09-19; 2024-08-01; 2024-05-09; 2025-05-05; 2026-02-12; 2025-07-02; 2025-12-31,1176; 543; 2130; 2819; 2388; 946; 3402; 2917; 2155; 1810; 1522; 2455; 413; 1516; 981; 2265; 691; 288; 506; 522; 3310,34755,6,2024-10-08; 2025-11-14; 2026-06-10; 2024-02-01; 2026-04-14; 2025-02-01,220718; 102562; 52904; 193587; 122189; 113001,804961.0,7,2024-10-26; 2024-07-07; 2025-03-17; 2025-03-31; 2026-06-05; 2026-03-23; 2026-06-16,Ghaziabad; Meerut; Noida; Gurugram; Chandigarh; Gurugram; Faridabad,1,0.8227,Former Partner,Relationship evidence between Karan Gupta 73681 and Saurabh Agarwal. Phone records show 21 calls. Transaction records show 6 transactions. Meeting records show 7 meetings.
REL00586,P0354,Priya Sharma,P0226,Aarav Yadav,20,2026-08-10; 2026-02-08; 2025-01-30; 2025-09-20; 2025-04-25; 2025-02-24; 2024-09-23; 2025-06-25; 2025-03-27; 2025-06-07; 2024-10-27; 2025-08-25; 2025-03-12; 2024-06-12; 2024-06-17; 2024-10-12; 2026-04-13; 2026-04-01; 2025-08-14; 2024-10-21,3020; 1625; 3521; 612; 208; 1376; 1786; 2681; 685; 1409; 143; 1812; 2489; 650; 2444; 1835; 1459; 1689; 2306; 1487,33237,6,2026-05-29; 2024-04-22; 2024-05-26; 2026-04-18; 2025-11-19; 2024-02-25,237113; 120546; 210780; 43128; 206789; 127259,945615.0,6,2026-06-15; 2025-03-03; 2025-12-29; 2025-05-19; 2024-07-02; 2025-09-03,Ghaziabad; Meerut; Delhi; Agra; Chandigarh; Agra,0,0.4722,Colleague,"Observed interaction between Priya Sharma and Aarav Yadav. Available records include 20 calls, 6 transactions, and 6 meetings. Evidence does not establish a meaningful relationship."
REL00587,P0264,Nikhil Patel 45707,P0276,Kavya Sharma,7,2025-03-23; 2026-06-08; 2026-03-12; 2025-11-03; 2025-01-15; 2026-07-11; 2024-01-05,441; 361; 1672; 461; 659; 1070; 1005,5669,3,2025-07-17; 2026-05-27; 2025-12-07,2819; 39601; 47205,89625.0,5,2025-05-19; 2026-01-10; 2025-08-03; 2025-04-19; 2026-05-28,Gurugram; Meerut; Noida; Lucknow; Faridabad,0,0.4443,Colleague,"Observed interaction between Nikhil Patel 45707 and Kavya Sharma. Available records include 7 calls, 3 transactions, and 5 meetings. Evidence does not establish a meaningful relationship."
REL00588,P0054,Neha Mehta,P0470,Vikram Khan 35044,1,2025-09-17,562,562,0,,,0.0,2,2024-05-17; 2024-04-05,Faridabad; Chandigarh,0,0.1989,Associate,"Observed interaction between Neha Mehta and Vikram Khan 35044. Available records include 1 calls, 0 transactions, and 2 meetings. Evidence does not establish a meaningful relationship."
REL00589,P0148,Riya Gupta 17993,P0249,Aarav Patel 11486,3,2026-06-20; 2024-06-08; 2025-12-11,77; 601; 735,1413,2,2025-12-21; 2024-10-03,10876; 2598,13474.0,2,2026-01-04; 2026-08-02,Jaipur; Chandigarh,0,0.1461,Colleague,"Observed interaction between Riya Gupta 17993 and Aarav Patel 11486. Available records include 3 calls, 2 transactions, and 2 meetings. Evidence does not establish a meaningful relationship."
REL00590,P0456,Divya Gupta 68563,P0013,Abhishek Agarwal,1,2024-08-12,707,707,1,2024-05-23,17546,17546.0,2,2025-03-12; 2024-07-24,Delhi; Noida,0,0.0329,Known Associate,"Observed interaction between Divya Gupta 68563 and Abhishek Agarwal. Available records include 1 calls, 1 transactions, and 2 meetings. Evidence does not establish a meaningful relationship."
REL00591,P0142,Vikram Chauhan,P0156,Nisha Agarwal 87045,6,2025-11-23; 2025-06-14; 2024-10-26; 2025-05-30; 2026-07-29; 2024-10-01,149; 417; 856; 279; 811; 576,3088,0,,,0.0,2,2024-07-27; 2024-07-28,Ghaziabad; Jaipur,0,0.2987,Associate,"Observed interaction between Vikram Chauhan and Nisha Agarwal 87045. Available records include 6 calls, 0 transactions, and 2 meetings. Evidence does not establish a meaningful relationship."
REL00592,P0591,Pooja Yadav 31031,P0391,Nisha Singh 13995,30,2026-01-11; 2026-01-27; 2025-10-15; 2024-03-28; 2025-12-15; 2024-07-30; 2025-01-25; 2024-01-09; 2026-05-22; 2024-12-09; 2025-10-17; 2025-11-24; 2024-09-16; 2025-09-13; 2026-07-28; 2024-10-19; 2026-07-01; 2025-03-21; 2026-06-16; 2026-07-26; 2025-09-05; 2024-05-16; 2024-01-25; 2025-07-29; 2025-01-14; 2026-07-28; 2025-03-05; 2024-10-13; 2025-08-04; 2026-01-02,3535; 332; 585; 889; 716; 1191; 2666; 1633; 3247; 503; 2429; 1001; 1652; 324; 3498; 2795; 123; 437; 563; 1479; 1315; 1723; 569; 2066; 1533; 3343; 2293; 3050; 2950; 3021,51461,3,2025-10-19; 2024-03-02; 2025-07-07,240103; 22789; 66816,329708.0,6,2025-06-20; 2026-01-21; 2025-06-05; 2025-08-13; 2025-10-16; 2026-02-14,Delhi; Faridabad; Faridabad; Noida; Delhi; Faridabad,0,0.2215,Colleague,"Observed interaction between Pooja Yadav 31031 and Nisha Singh 13995. Available records include 30 calls, 3 transactions, and 6 meetings. Evidence does not establish a meaningful relationship."
REL00593,P0248,Priya Pandey,P0066,Rohan Patel,17,2025-12-04; 2024-08-06; 2026-05-03; 2024-12-04; 2024-07-14; 2025-06-18; 2025-10-11; 2025-11-01; 2024-04-15; 2024-10-08; 2025-06-11; 2025-10-23; 2024-08-10; 2025-05-03; 2024-11-13; 2025-04-14; 2024-11-23,1562; 2191; 324; 927; 292; 2677; 2738; 169; 542; 1771; 2234; 1421; 1682; 1274; 1952; 570; 2114,24440,7,2026-05-10; 2026-04-15; 2025-04-06; 2025-07-16; 2024-09-25; 2024-02-06; 2024-04-03,169435; 19752; 50571; 242935; 131265; 217174; 249048,1080180.0,5,2025-11-03; 2024-04-15; 2025-02-18; 2026-07-07; 2025-09-12,Lucknow; Lucknow; Ghaziabad; Chandigarh; Noida,0,0.3526,Business Contact,"Observed interaction between Priya Pandey and Rohan Patel. Available records include 17 calls, 7 transactions, and 5 meetings. Evidence does not establish a meaningful relationship."
REL00594,P0110,Saurabh Pandey,P0375,Ravi Singh 33587,16,2025-03-08; 2024-04-25; 2024-03-28; 2025-08-05; 2025-08-07; 2025-04-26; 2026-04-26; 2026-05-01; 2025-01-29; 2025-03-25; 2024-12-30; 2025-08-16; 2026-01-23; 2025-12-30; 2025-06-17; 2024-07-25,1419; 467; 387; 907; 194; 1035; 145; 1533; 717; 117; 741; 1158; 484; 827; 448; 583,11162,3,2024-12-31; 2025-10-21; 2025-07-06,10778; 47583; 57310,115671.0,5,2024-12-01; 2025-03-26; 2025-12-23; 2024-06-02; 2025-07-12,Meerut; Ghaziabad; Meerut; Ghaziabad; Ghaziabad,1,0.7409,Former Partner,Relationship evidence between Saurabh Pandey and Ravi Singh 33587. Phone records show 16 calls. Transaction records show 3 transactions. Meeting records show 5 meetings.
REL00595,P0522,Deepak Bansal 95582,P0168,Shreya Chauhan,1,2025-11-06,165,165,1,2024-04-06,15839,15839.0,1,2026-07-16,Chandigarh,0,0.124,Business Contact,"Observed interaction between Deepak Bansal 95582 and Shreya Chauhan. Available records include 1 calls, 1 transactions, and 1 meetings. Evidence does not establish a meaningful relationship."
REL00596,P0045,Anjali Sharma,P0069,Vikram Malhotra,2,2026-08-09; 2025-03-11,458; 581,1039,2,2025-05-11; 2025-09-11,7316; 640,7956.0,1,2026-04-14,Ghaziabad,0,0.0122,Acquaintance,"Observed interaction between Anjali Sharma and Vikram Malhotra. Available records include 2 calls, 2 transactions, and 1 meetings. Evidence does not establish a meaningful relationship."
REL00597,P0528,Abhishek Singh 48450,P0350,Arjun Verma 8362,1,2025-05-05,792,792,1,2025-01-28,14590,14590.0,0,,,0,0.2115,Colleague,"Observed interaction between Abhishek Singh 48450 and Arjun Verma 8362. Available records include 1 calls, 1 transactions, and 0 meetings. Evidence does not establish a meaningful relationship."
REL00598,P0228,Vivaan Patel,P0262,Shreya Malhotra 90290,0,,,0,2,2026-04-10; 2026-01-26,23769; 2506,26275.0,1,2024-06-17,Meerut,0,0.0528,Business Contact,"Observed interaction between Vivaan Patel and Shreya Malhotra 90290. Available records include 0 calls, 2 transactions, and 1 meetings. Evidence does not establish a meaningful relationship."
REL00599,P0531,Rohan Verma 41592,P0380,Neha Patel,3,2024-01-05; 2026-04-03; 2025-07-11,498; 857; 215,1570,0,,,0.0,0,,,0,0.3301,Business Contact,"Observed interaction between Rohan Verma 41592 and Neha Patel. Available records include 3 calls, 0 transactions, and 0 meetings. Evidence does not establish a meaningful relationship."
REL00600,P0008,Nikhil Bansal,P0549,Shreya Bansal 88955,20,2025-04-12; 2026-02-22; 2026-04-28; 2024-08-17; 2025-07-22; 2026-06-04; 2026-01-02; 2026-05-14; 2024-06-19; 2026-08-30; 2025-05-10; 2026-03-23; 2025-05-01; 2025-04-25; 2025-04-11; 2026-07-30; 2026-02-03; 2026-08-30; 2026-02-12; 2024-04-28,307; 1616; 1086; 659; 347; 713; 322; 1479; 1560; 1044; 1396; 1092; 858; 466; 62; 1657; 1294; 185; 77; 966,17186,3,2026-07-18; 2024-03-25; 2024-05-29,11592; 8298; 20554,40444.0,6,2026-01-03; 2026-05-28; 2024-10-12; 2024-05-24; 2024-07-17; 2024-10-29,Faridabad; Chandigarh; Ghaziabad; Delhi; Meerut; Chandigarh,0,0.4971,Acquaintance,"Observed interaction between Nikhil Bansal and Shreya Bansal 88955. Available records include 20 calls, 3 transactions, and 6 meetings. Evidence does not establish a meaningful relationship."
REL00601,P0458,Vivaan Singh,P0481,Aman Patel 48868,6,2026-07-13; 2025-03-13; 2026-08-15; 2024-05-03; 2025-11-25; 2025-08-16,616; 666; 506; 130; 405; 393,2716,2,2025-12-27; 2025-09-16,14737; 11964,26701.0,2,2026-03-01; 2025-02-12,Jaipur; Chandigarh,0,0.1483,Associate,"Observed interaction between Vivaan Singh and Aman Patel 48868. Available records include 6 calls, 2 transactions, and 2 meetings. Evidence does not establish a meaningful relationship."
REL00602,P0042,Manish Mehta,P0387,Aarav Khan,11,2026-03-08; 2024-09-29; 2024-01-17; 2024-01-18; 2025-09-21; 2025-12-31; 2025-01-10; 2024-06-04; 2024-06-14; 2026-08-16; 2026-04-23,1779; 636; 343; 1441; 837; 1457; 1519; 806; 461; 1658; 999,11936,1,2025-10-01,28252,28252.0,3,2025-12-12; 2024-07-05; 2024-05-10,Noida; Agra; Noida,1,0.8009,Former Partner,Relationship evidence between Manish Mehta and Aarav Khan. Phone records show 11 calls. Transaction records show 1 transactions. Meeting records show 3 meetings.
REL00603,P0250,Neha Mehta 86644,P0014,Priya Singh,0,,,0,1,2024-10-18,16170,16170.0,2,2025-11-18; 2024-09-06,Jaipur; Delhi,0,0.2692,Known Associate,"Observed interaction between Neha Mehta 86644 and Priya Singh. Available records include 0 calls, 1 transactions, and 2 meetings. Evidence does not establish a meaningful relationship."
REL00604,P0343,Riya Yadav,P0505,Vivaan Patel 34524,4,2026-07-18; 2026-08-25; 2024-12-02; 2024-02-08,783; 738; 118; 64,1703,0,,,0.0,0,,,0,0.0335,Acquaintance,"Observed interaction between Riya Yadav and Vivaan Patel 34524. Available records include 4 calls, 0 transactions, and 0 meetings. Evidence does not establish a meaningful relationship."
REL00605,P0156,Nisha Agarwal 87045,P0430,Pooja Patel 72359,1,2024-05-17,430,430,2,2024-12-23; 2025-07-27,19237; 24019,43256.0,0,,,1,0.5127,Associate,Relationship evidence between Nisha Agarwal 87045 and Pooja Patel 72359. Phone records show 1 calls. Transaction records show 2 transactions. Meeting records show 0 meetings.
REL00606,P0268,Shreya Gupta,P0480,Aditya Agarwal 58388,18,2024-08-13; 2024-11-22; 2024-10-22; 2025-06-03; 2025-05-27; 2025-12-31; 2024-07-30; 2025-01-01; 2025-05-18; 2026-07-04; 2024-04-01; 2025-09-06; 2024-07-10; 2024-04-20; 2024-10-17; 2025-08-07; 2025-02-16; 2025-04-28,1227; 246; 1735; 576; 847; 556; 1515; 1094; 906; 1357; 853; 640; 1450; 1763; 551; 1723; 379; 106,17524,4,2026-06-16; 2024-07-31; 2024-04-03; 2026-08-23,66861; 20180; 55433; 57480,199954.0,2,2025-01-08; 2024-05-29,Lucknow; Gurugram,1,0.6524,Business Contact,Relationship evidence between Shreya Gupta and Aditya Agarwal 58388. Phone records show 18 calls. Transaction records show 4 transactions. Meeting records show 2 meetings.
REL00607,P0552,Neha Kumar 22714,P0342,Manish Gupta,6,2026-01-07; 2025-05-25; 2025-11-16; 2024-05-11; 2024-10-24; 2024-01-03,60; 850; 55; 725; 772; 711,3173,2,2025-11-04; 2024-05-24,1181; 18394,19575.0,0,,,0,0.143,Business Contact,"Observed interaction between Neha Kumar 22714 and Manish Gupta. Available records include 6 calls, 2 transactions, and 0 meetings. Evidence does not establish a meaningful relationship."
REL00608,P0051,Aman Patel,P0089,Deepak Mehta,5,2026-03-19; 2024-01-18; 2024-11-23; 2024-03-29; 2025-08-26,44; 592; 804; 366; 306,2112,2,2024-08-01; 2026-04-23,5193; 16736,21929.0,1,2026-06-17,Noida,0,0.1462,Business Contact,"Observed interaction between Aman Patel and Deepak Mehta. Available records include 5 calls, 2 transactions, and 1 meetings. Evidence does not establish a meaningful relationship."
REL00609,P0208,Priya Bansal,P0059,Shreya Malhotra,5,2024-08-28; 2024-11-23; 2026-07-09; 2025-03-06; 2026-05-15,691; 242; 410; 632; 749,2724,2,2026-02-19; 2026-05-02,7078; 921,7999.0,0,,,0,0.0404,Acquaintance,"Observed interaction between Priya Bansal and Shreya Malhotra. Available records include 5 calls, 2 transactions, and 0 meetings. Evidence does not establish a meaningful relationship."
REL00610,P0060,Vivaan Khanna,P0059,Shreya Malhotra,1,2025-06-22,860,860,2,2025-09-01; 2025-08-25,8193; 2661,10854.0,0,,,1,0.6159,Acquaintance,Relationship evidence between Vivaan Khanna and Shreya Malhotra. Phone records show 1 calls. Transaction records show 2 transactions. Meeting records show 0 meetings.
REL00611,P0534,Neha Verma,P0117,Aarav Bansal,5,2025-06-23; 2025-10-21; 2026-08-29; 2024-08-24; 2024-12-09,1491; 630; 192; 746; 1173,4232,5,2026-06-20; 2026-08-23; 2025-09-06; 2026-02-13; 2024-07-03,8628; 32161; 8470; 36407; 30917,116583.0,5,2025-10-10; 2025-03-30; 2025-03-03; 2025-03-10; 2024-03-31,Ghaziabad; Jaipur; Jaipur; Gurugram; Lucknow,0,0.5207,Business Contact,"Observed interaction between Neha Verma and Aarav Bansal. Available records include 5 calls, 5 transactions, and 5 meetings. Evidence does not establish a meaningful relationship."
REL00612,P0026,Anjali Agarwal,P0525,Divya Bansal 82134,20,2025-10-12; 2025-03-15; 2025-06-16; 2024-03-09; 2024-12-23; 2026-05-23; 2026-06-04; 2026-02-18; 2025-08-08; 2024-11-06; 2026-03-09; 2025-04-14; 2026-07-04; 2025-12-15; 2024-09-19; 2026-02-26; 2025-04-13; 2026-05-17; 2024-01-04; 2026-06-11,1543; 3060; 1022; 421; 3512; 481; 268; 1548; 2908; 2366; 988; 2882; 3313; 3157; 1121; 154; 2630; 1892; 2156; 950,36372,5,2025-09-11; 2025-04-03; 2025-09-25; 2025-05-30; 2024-10-24,46571; 34815; 156197; 163230; 42713,443526.0,7,2026-02-03; 2024-11-11; 2024-05-23; 2025-11-14; 2025-03-08; 2025-09-12; 2024-08-26,Chandigarh; Jaipur; Meerut; Delhi; Noida; Jaipur; Chandigarh,1,0.8482,Associate,Relationship evidence between Anjali Agarwal and Divya Bansal 82134. Phone records show 20 calls. Transaction records show 5 transactions. Meeting records show 7 meetings.
REL00613,P0101,Arjun Kumar,P0522,Deepak Bansal 95582,20,2026-08-07; 2024-08-29; 2025-03-18; 2025-07-11; 2025-06-22; 2026-07-16; 2025-11-11; 2025-11-13; 2025-01-01; 2024-01-26; 2024-03-30; 2026-01-16; 2025-11-01; 2025-02-10; 2026-06-19; 2026-03-05; 2026-03-12; 2025-10-17; 2024-06-14; 2025-04-15,882; 412; 1272; 385; 436; 930; 945; 950; 969; 1114; 1761; 1475; 1114; 82; 1227; 1492; 1468; 458; 976; 1378,19726,7,2025-02-10; 2024-03-28; 2026-08-30; 2025-02-08; 2026-04-16; 2024-11-28; 2024-06-22,26544; 74128; 72487; 2088; 62791; 40198; 33698,311934.0,2,2026-04-07; 2024-11-21,Agra; Lucknow,0,0.2372,Colleague,"Observed interaction between Arjun Kumar and Deepak Bansal 95582. Available records include 20 calls, 7 transactions, and 2 meetings. Evidence does not establish a meaningful relationship."
REL00614,P0332,Manish Chauhan,P0350,Arjun Verma 8362,20,2024-11-26; 2025-09-09; 2026-05-06; 2025-05-22; 2025-01-24; 2024-10-30; 2024-01-26; 2025-07-16; 2026-05-08; 2024-07-11; 2026-07-23; 2025-07-24; 2025-01-13; 2026-01-29; 2025-06-28; 2024-01-26; 2024-11-20; 2024-01-31; 2026-08-04; 2024-03-15,1515; 655; 315; 1643; 962; 283; 1658; 853; 735; 1048; 1189; 1253; 445; 1230; 203; 1745; 344; 1268; 781; 871,18996,8,2024-12-25; 2026-03-31; 2024-04-05; 2025-07-01; 2025-06-29; 2025-03-27; 2024-03-23; 2025-10-25,16961; 42418; 70889; 58168; 7161; 9350; 49324; 7713,261984.0,4,2024-01-05; 2026-01-05; 2025-09-09; 2024-07-07,Faridabad; Faridabad; Agra; Gurugram,0,0.383,Colleague,"Observed interaction between Manish Chauhan and Arjun Verma 8362. Available records include 20 calls, 8 transactions, and 4 meetings. Evidence does not establish a meaningful relationship."
REL00615,P0458,Vivaan Singh,P0575,Arjun Agarwal 22041,15,2024-02-20; 2025-10-03; 2024-08-26; 2025-10-19; 2024-01-18; 2026-03-03; 2024-05-24; 2025-08-26; 2024-07-19; 2024-01-19; 2024-05-06; 2024-04-14; 2026-01-18; 2026-06-17; 2024-06-02,756; 1357; 87; 190; 1378; 1098; 861; 1771; 1341; 133; 1070; 623; 410; 1230; 1604,13909,5,2024-01-24; 2025-02-15; 2025-11-08; 2025-10-20; 2025-09-07,47171; 21560; 25744; 23240; 31761,149476.0,4,2026-05-21; 2024-07-12; 2025-02-21; 2025-09-11,Ghaziabad; Noida; Lucknow; Delhi,1,0.6769,Known Associate,Relationship evidence between Vivaan Singh and Arjun Agarwal 22041. Phone records show 15 calls. Transaction records show 5 transactions. Meeting records show 4 meetings.
REL00616,P0043,Saurabh Verma,P0014,Priya Singh,25,2026-03-15; 2024-06-25; 2026-07-15; 2025-01-29; 2025-10-28; 2025-12-28; 2025-03-09; 2024-05-22; 2024-09-22; 2025-12-19; 2026-04-04; 2025-08-10; 2025-04-07; 2025-01-07; 2024-09-01; 2025-04-25; 2026-08-25; 2026-03-22; 2026-01-22; 2025-10-12; 2024-10-22; 2024-01-26; 2025-12-15; 2026-04-08; 2024-11-30,1073; 1661; 1473; 248; 1712; 1374; 1621; 627; 684; 860; 1418; 1283; 812; 895; 1449; 1651; 1075; 583; 161; 1535; 839; 1171; 1069; 1675; 486,27435,4,2025-01-05; 2025-10-23; 2024-11-07; 2024-09-16,50847; 30687; 35342; 45293,162169.0,1,2026-01-11,Noida,0,0.2982,Colleague,"Observed interaction between Saurabh Verma and Priya Singh. Available records include 25 calls, 4 transactions, and 1 meetings. Evidence does not establish a meaningful relationship."
REL00617,P0440,Akash Yadav 88512,P0563,Divya Agarwal 46462,5,2026-08-07; 2026-06-13; 2025-06-10; 2024-07-22; 2025-11-13,785; 294; 538; 223; 825,2665,1,2024-10-30,18901,18901.0,1,2026-01-29,Ghaziabad,0,0.2349,Former Partner,"Observed interaction between Akash Yadav 88512 and Divya Agarwal 46462. Available records include 5 calls, 1 transactions, and 1 meetings. Evidence does not establish a meaningful relationship."
REL00618,P0362,Kavya Kumar 48680,P0561,Nikhil Gupta 11047,9,2024-08-09; 2025-03-20; 2025-02-05; 2026-04-29; 2024-11-02; 2025-06-14; 2024-11-16; 2024-09-03; 2024-06-06,120; 1417; 1721; 1003; 1028; 807; 1134; 1024; 69,8323,3,2026-08-04; 2025-06-04; 2026-07-11,40106; 33942; 22849,96897.0,4,2026-03-02; 2026-06-24; 2025-10-28; 2025-02-22,Agra; Lucknow; Ghaziabad; Faridabad,1,0.6493,Known Associate,Relationship evidence between Kavya Kumar 48680 and Nikhil Gupta 11047. Phone records show 9 calls. Transaction records show 3 transactions. Meeting records show 4 meetings.
REL00619,P0441,Arjun Agarwal,P0346,Aman Khan,0,,,0,1,2026-02-20,24225,24225.0,0,,,0,0.2788,Former Partner,"Observed interaction between Arjun Agarwal and Aman Khan. Available records include 0 calls, 1 transactions, and 0 meetings. Evidence does not establish a meaningful relationship."
REL00620,P0327,Sahil Singh 717,P0062,Vikram Patel,14,2024-10-02; 2025-02-14; 2025-04-19; 2024-06-18; 2026-01-20; 2026-04-22; 2024-01-09; 2024-02-22; 2025-04-13; 2024-07-20; 2024-10-14; 2024-06-25; 2026-07-28; 2026-02-15,2591; 3226; 923; 2443; 307; 2974; 2034; 1950; 1050; 3144; 2127; 701; 3579; 2537,29586,5,2024-11-18; 2024-10-03; 2025-10-12; 2026-03-18; 2026-08-02,100533; 184838; 174858; 189732; 11254,661215.0,6,2024-09-04; 2025-07-29; 2026-08-05; 2024-01-30; 2024-03-05; 2025-03-07,Gurugram; Meerut; Lucknow; Meerut; Noida; Meerut,1,0.7588,Business Contact,Relationship evidence between Sahil Singh 717 and Vikram Patel. Phone records show 14 calls. Transaction records show 5 transactions. Meeting records show 6 meetings.
REL00621,P0136,Abhishek Bansal,P0005,Manish Verma,15,2024-04-06; 2024-11-15; 2024-08-02; 2024-12-17; 2024-08-20; 2026-06-24; 2024-03-07; 2024-05-22; 2026-07-19; 2025-04-20; 2025-09-02; 2024-09-28; 2026-03-01; 2025-12-01; 2025-12-04,1436; 1461; 536; 1748; 518; 1597; 1066; 1330; 1764; 1613; 737; 445; 221; 1693; 1537,17702,1,2026-01-12,15181,15181.0,6,2024-04-24; 2024-05-25; 2024-09-01; 2025-11-03; 2024-12-27; 2025-08-12,Delhi; Faridabad; Gurugram; Jaipur; Meerut; Gurugram,0,0.5097,Acquaintance,"Observed interaction between Abhishek Bansal and Manish Verma. Available records include 15 calls, 1 transactions, and 6 meetings. Evidence does not establish a meaningful relationship."
REL00622,P0271,Divya Kumar,P0153,Aditya Patel 87721,18,2025-12-09; 2024-02-22; 2025-06-20; 2025-01-07; 2025-05-22; 2024-08-16; 2025-06-25; 2024-07-16; 2025-07-21; 2026-01-02; 2025-11-24; 2024-12-24; 2024-12-22; 2024-10-26; 2024-12-16; 2024-03-23; 2024-09-22; 2025-10-09,3219; 1886; 287; 3389; 2592; 3494; 2683; 451; 2514; 1070; 1447; 504; 441; 2072; 2846; 1366; 1529; 3514,35304,7,2025-01-01; 2024-11-16; 2026-02-12; 2025-12-01; 2024-08-13; 2025-12-06; 2025-04-09,193117; 18192; 210505; 119544; 45576; 134231; 58883,780048.0,2,2025-07-10; 2026-05-15,Noida; Jaipur,0,0.3595,Business Contact,"Observed interaction between Divya Kumar and Aditya Patel 87721. Available records include 18 calls, 7 transactions, and 2 meetings. Evidence does not establish a meaningful relationship."
REL00623,P0254,Saurabh Chauhan,P0453,Vikram Yadav 96722,3,2026-05-16; 2024-03-29; 2025-11-14,345; 870; 507,1722,0,,,0.0,0,,,0,0.1373,Business Contact,"Observed interaction between Saurabh Chauhan and Vikram Yadav 96722. Available records include 3 calls, 0 transactions, and 0 meetings. Evidence does not establish a meaningful relationship."
REL00624,P0434,Divya Mehta,P0171,Priya Khanna,13,2025-06-10; 2024-09-20; 2025-06-22; 2024-05-01; 2025-06-07; 2026-03-13; 2025-11-01; 2025-03-28; 2025-02-05; 2024-06-12; 2024-01-15; 2025-08-26; 2025-09-28,362; 1856; 2458; 1078; 463; 2591; 3528; 1887; 1105; 202; 3356; 3577; 1082,23545,2,2026-08-03; 2025-09-25,166686; 98087,264773.0,2,2026-08-30; 2024-03-16,Jaipur; Chandigarh,0,0.5294,Business Contact,"Observed interaction between Divya Mehta and Priya Khanna. Available records include 13 calls, 2 transactions, and 2 meetings. Evidence does not establish a meaningful relationship."
REL00625,P0319,Abhishek Singh 67682,P0344,Priya Patel,27,2026-07-25; 2025-11-24; 2025-12-21; 2026-01-10; 2025-03-04; 2025-03-27; 2024-08-21; 2025-11-23; 2026-04-03; 2024-04-12; 2026-08-28; 2024-06-26; 2026-02-17; 2024-08-08; 2024-10-14; 2026-03-11; 2024-08-22; 2026-04-27; 2026-03-05; 2025-06-27; 2026-07-30; 2025-07-23; 2025-06-27; 2024-02-09; 2024-11-11; 2025-05-29; 2024-12-18,245; 1406; 657; 1391; 371; 177; 357; 816; 1304; 1730; 556; 880; 669; 810; 154; 1451; 356; 1192; 419; 1668; 1539; 546; 279; 564; 582; 331; 1025,21475,6,2025-01-05; 2026-02-24; 2025-01-14; 2025-03-28; 2025-01-22; 2025-04-22,26222; 10378; 16444; 45415; 40378; 5182,144019.0,6,2026-02-05; 2024-10-19; 2025-10-05; 2024-09-21; 2024-07-17; 2026-07-05,Noida; Lucknow; Ghaziabad; Faridabad; Ghaziabad; Jaipur,0,0.509,Business Contact,"Observed interaction between Abhishek Singh 67682 and Priya Patel. Available records include 27 calls, 6 transactions, and 6 meetings. Evidence does not establish a meaningful relationship."
REL00626,P0382,Rohan Mehta,P0231,Vivaan Chauhan 39170,6,2024-05-01; 2025-11-25; 2025-10-19; 2024-04-19; 2024-11-24; 2024-01-17,1791; 722; 2918; 2514; 589; 2877,11411,3,2026-08-16; 2025-04-23; 2025-09-11,43163; 112190; 246781,402134.0,6,2026-03-12; 2024-12-13; 2026-04-08; 2024-03-06; 2026-07-20; 2025-04-07,Ghaziabad; Gurugram; Lucknow; Noida; Jaipur; Gurugram,0,0.4399,Colleague,"Observed interaction between Rohan Mehta and Vivaan Chauhan 39170. Available records include 6 calls, 3 transactions, and 6 meetings. Evidence does not establish a meaningful relationship."
REL00627,P0086,Pooja Bansal,P0055,Karan Verma,4,2026-04-19; 2025-09-25; 2024-06-08; 2024-06-09,120; 627; 583; 272,1602,1,2025-02-10,19086,19086.0,0,,,0,0.316,Acquaintance,"Observed interaction between Pooja Bansal and Karan Verma. Available records include 4 calls, 1 transactions, and 0 meetings. Evidence does not establish a meaningful relationship."
REL00628,P0330,Raj Yadav 44360,P0454,Sahil Kumar 99294,18,2024-04-26; 2026-03-02; 2024-01-28; 2025-01-02; 2024-05-20; 2025-08-01; 2025-06-10; 2025-11-29; 2025-04-07; 2025-05-14; 2024-01-02; 2025-03-28; 2025-10-20; 2024-10-26; 2024-12-20; 2026-05-20; 2025-09-01; 2026-01-28,1327; 1781; 1552; 225; 824; 462; 175; 580; 621; 710; 164; 81; 1716; 423; 72; 328; 1649; 1383,14073,3,2025-01-21; 2026-01-30; 2026-04-06,70254; 33986; 66797,171037.0,4,2025-07-22; 2025-09-19; 2024-02-05; 2026-06-27,Ghaziabad; Faridabad; Meerut; Delhi,1,0.6061,Colleague,Relationship evidence between Raj Yadav 44360 and Sahil Kumar 99294. Phone records show 18 calls. Transaction records show 3 transactions. Meeting records show 4 meetings.
REL00629,P0324,Rohan Verma 2171,P0516,Nikhil Patel 47637,18,2024-08-31; 2025-10-26; 2026-03-08; 2024-02-18; 2024-10-05; 2024-01-09; 2025-09-11; 2026-03-10; 2026-01-06; 2026-03-18; 2024-07-29; 2024-10-06; 2025-02-21; 2025-12-02; 2025-12-07; 2025-04-15; 2025-11-26; 2024-12-22,669; 1340; 200; 1158; 1516; 1541; 359; 551; 1675; 928; 1169; 1094; 257; 151; 214; 558; 1760; 1185,16325,3,2025-11-11; 2024-05-15; 2025-04-02,24612; 11394; 8352,44358.0,1,2026-06-11,Meerut,1,0.583,Known Associate,Relationship evidence between Rohan Verma 2171 and Nikhil Patel 47637. Phone records show 18 calls. Transaction records show 3 transactions. Meeting records show 1 meetings.
REL00630,P0251,Sahil Singh,P0288,Divya Gupta,1,2024-06-12,172,172,0,,,0.0,2,2024-01-03; 2024-04-10,Ghaziabad; Lucknow,1,0.6473,Known Associate,Relationship evidence between Sahil Singh and Divya Gupta. Phone records show 1 calls. Transaction records show 0 transactions. Meeting records show 2 meetings.
REL00631,P0174,Kavya Chauhan,P0371,Sneha Patel,3,2025-12-02; 2026-01-18; 2024-03-19,790; 708; 416,1914,0,,,0.0,1,2025-06-19,Noida,1,0.6671,Colleague,Relationship evidence between Kavya Chauhan and Sneha Patel. Phone records show 3 calls. Transaction records show 0 transactions. Meeting records show 1 meetings.
REL00632,P0421,Akash Malhotra 22388,P0228,Vivaan Patel,1,2025-10-26,738,738,0,,,0.0,0,,,1,0.5937,Known Associate,Relationship evidence between Akash Malhotra 22388 and Vivaan Patel. Phone records show 1 calls. Transaction records show 0 transactions. Meeting records show 0 meetings.
REL00633,P0252,Saurabh Agarwal,P0390,Vikram Verma,12,2025-06-06; 2025-08-29; 2025-12-24; 2024-11-09; 2025-10-25; 2025-05-12; 2025-03-14; 2025-05-08; 2024-07-07; 2024-02-17; 2024-02-13; 2024-01-24,1568; 650; 450; 1172; 2982; 3057; 528; 3317; 326; 2061; 156; 1990,18257,10,2024-04-26; 2025-03-20; 2024-09-04; 2024-10-02; 2025-07-28; 2025-01-08; 2026-06-11; 2026-03-24; 2024-01-29; 2026-03-24,181497; 185975; 149757; 229663; 169031; 94054; 37315; 57265; 66804; 130265,1301626.0,7,2024-01-07; 2025-06-25; 2025-01-15; 2024-03-23; 2026-02-22; 2024-04-22; 2026-06-22,Agra; Noida; Agra; Faridabad; Faridabad; Meerut; Faridabad,1,0.965,Former Partner,Relationship evidence between Saurabh Agarwal and Vikram Verma. Phone records show 12 calls. Transaction records show 10 transactions. Meeting records show 7 meetings.
REL00634,P0431,Abhishek Agarwal 75544,P0484,Neha Sharma 39583,4,2024-12-12; 2025-02-02; 2026-04-22; 2024-04-27,634; 210; 484; 458,1786,1,2025-05-25,3064,3064.0,1,2024-08-29,Chandigarh,0,0.1617,Colleague,"Observed interaction between Abhishek Agarwal 75544 and Neha Sharma 39583. Available records include 4 calls, 1 transactions, and 1 meetings. Evidence does not establish a meaningful relationship."
REL00635,P0120,Nikhil Sharma,P0514,Sneha Bansal 30951,3,2024-09-03; 2025-08-21; 2024-12-28,430; 129; 157,716,0,,,0.0,1,2026-01-29,Jaipur,0,0.2701,Former Partner,"Observed interaction between Nikhil Sharma and Sneha Bansal 30951. Available records include 3 calls, 0 transactions, and 1 meetings. Evidence does not establish a meaningful relationship."
REL00636,P0391,Nisha Singh 13995,P0452,Vivaan Khanna 40284,11,2025-01-07; 2025-05-21; 2024-07-31; 2025-04-14; 2024-04-10; 2024-07-19; 2025-07-11; 2026-05-16; 2026-05-22; 2025-06-21; 2025-05-04,1590; 646; 1745; 155; 399; 1553; 346; 505; 1467; 1402; 1529,11337,0,,,0.0,3,2026-02-18; 2024-10-22; 2025-11-14,Jaipur; Noida; Faridabad,1,0.648,Former Partner,Relationship evidence between Nisha Singh 13995 and Vivaan Khanna 40284. Phone records show 11 calls. Transaction records show 0 transactions. Meeting records show 3 meetings.
REL00637,P0401,Sneha Mehta,P0391,Nisha Singh 13995,20,2024-10-30; 2025-11-27; 2024-04-23; 2024-03-14; 2026-04-04; 2025-04-13; 2025-03-02; 2026-03-08; 2024-04-09; 2025-12-01; 2024-11-01; 2024-06-27; 2025-10-03; 2025-11-18; 2024-04-14; 2025-01-18; 2024-07-09; 2024-10-29; 2025-06-07; 2024-08-20,290; 1290; 872; 1149; 1569; 923; 484; 911; 596; 1041; 115; 1783; 572; 855; 701; 832; 1163; 1217; 853; 1274,18490,7,2025-06-06; 2026-07-13; 2025-05-09; 2026-08-07; 2024-01-23; 2024-08-09; 2025-01-21,74247; 32320; 2391; 5710; 38477; 72947; 30821,256913.0,2,2025-05-13; 2025-11-30,Agra; Ghaziabad,0,0.3405,Business Contact,"Observed interaction between Sneha Mehta and Nisha Singh 13995. Available records include 20 calls, 7 transactions, and 2 meetings. Evidence does not establish a meaningful relationship."
REL00638,P0233,Aditya Khanna,P0081,Aman Chauhan,23,2026-08-28; 2025-08-31; 2024-04-26; 2025-11-08; 2025-10-21; 2024-06-20; 2025-05-09; 2026-08-15; 2024-02-29; 2025-01-27; 2024-12-03; 2025-09-04; 2024-08-16; 2024-10-13; 2024-03-06; 2024-02-14; 2026-07-18; 2024-09-27; 2024-02-21; 2025-01-21; 2026-01-30; 2026-08-17; 2025-12-03,357; 1245; 252; 227; 1172; 985; 408; 322; 1111; 381; 635; 1042; 314; 1122; 454; 101; 239; 1158; 293; 974; 1486; 1254; 1642,17174,3,2026-08-26; 2025-02-14; 2025-10-29,9002; 64974; 45865,119841.0,6,2025-11-24; 2025-04-03; 2025-06-22; 2025-09-19; 2026-01-16; 2026-03-20,Lucknow; Faridabad; Agra; Chandigarh; Faridabad; Agra,0,0.415,Acquaintance,"Observed interaction between Aditya Khanna and Aman Chauhan. Available records include 23 calls, 3 transactions, and 6 meetings. Evidence does not establish a meaningful relationship."
REL00639,P0059,Shreya Malhotra,P0324,Rohan Verma 2171,9,2024-10-12; 2025-07-13; 2026-05-24; 2025-02-23; 2026-03-20; 2024-12-09; 2025-03-03; 2024-12-30; 2025-06-13,1570; 254; 1192; 1329; 1154; 1417; 268; 79; 946,8209,2,2024-03-19; 2025-05-19,29690; 43075,72765.0,4,2025-02-20; 2026-06-01; 2024-09-06; 2024-04-06,Jaipur; Ghaziabad; Noida; Gurugram,0,0.4087,Business Contact,"Observed interaction between Shreya Malhotra and Rohan Verma 2171. Available records include 9 calls, 2 transactions, and 4 meetings. Evidence does not establish a meaningful relationship."
REL00640,P0376,Divya Gupta 4899,P0361,Ravi Chauhan,6,2026-06-06; 2026-02-10; 2025-02-28; 2024-04-15; 2025-03-04; 2025-09-03,332; 643; 440; 243; 519; 594,2771,0,,,0.0,2,2025-06-03; 2024-03-13,Noida; Agra,0,0.2953,Known Associate,"Observed interaction between Divya Gupta 4899 and Ravi Chauhan. Available records include 6 calls, 0 transactions, and 2 meetings. Evidence does not establish a meaningful relationship."
REL00641,P0217,Abhishek Sharma,P0539,Kavya Kumar 47061,27,2024-02-18; 2024-04-26; 2026-02-20; 2024-07-31; 2025-10-20; 2026-04-23; 2024-01-14; 2025-05-26; 2024-03-19; 2025-03-12; 2025-05-20; 2024-12-22; 2024-07-12; 2026-03-25; 2025-11-30; 2025-12-13; 2024-06-24; 2024-04-27; 2025-02-02; 2024-08-15; 2026-04-01; 2025-12-08; 2024-07-18; 2025-03-07; 2026-08-01; 2024-05-03; 2026-04-01,1775; 555; 217; 1022; 1317; 1139; 734; 608; 1244; 135; 1604; 1796; 152; 695; 1471; 1293; 1769; 175; 556; 1035; 1437; 394; 1291; 791; 1595; 665; 820,26285,1,2025-06-12,45634,45634.0,4,2025-05-30; 2024-08-18; 2024-12-15; 2025-12-12,Jaipur; Ghaziabad; Agra; Agra,0,0.3919,Acquaintance,"Observed interaction between Abhishek Sharma and Kavya Kumar 47061. Available records include 27 calls, 1 transactions, and 4 meetings. Evidence does not establish a meaningful relationship."
REL00642,P0127,Rahul Khanna,P0157,Amit Bansal,12,2025-09-10; 2025-10-09; 2024-06-06; 2024-05-28; 2026-07-21; 2024-11-25; 2026-03-06; 2026-07-02; 2024-12-16; 2024-04-18; 2025-03-24; 2026-04-08,617; 202; 1767; 1289; 1494; 1575; 437; 720; 1202; 196; 1348; 1573,12420,5,2026-05-13; 2026-07-13; 2026-08-29; 2026-05-01; 2024-09-17,66688; 57177; 25527; 15932; 25880,191204.0,2,2025-12-24; 2024-07-11,Jaipur; Delhi,1,0.5901,Known Associate,Relationship evidence between Rahul Khanna and Amit Bansal. Phone records show 12 calls. Transaction records show 5 transactions. Meeting records show 2 meetings.
REL00643,P0556,Shreya Malhotra 13015,P0405,Amit Bansal 7627,23,2026-04-24; 2024-07-31; 2026-01-10; 2026-03-02; 2025-07-22; 2024-09-14; 2024-11-21; 2024-08-27; 2024-04-06; 2024-11-17; 2025-02-02; 2024-08-10; 2026-03-05; 2024-02-23; 2025-09-09; 2024-09-05; 2024-01-09; 2026-07-05; 2026-03-01; 2026-03-31; 2025-04-26; 2025-09-04; 2025-02-13,2255; 2829; 3138; 1503; 3295; 2666; 308; 2784; 2524; 1875; 2969; 2829; 1372; 1604; 3348; 2492; 2325; 2023; 675; 2698; 1256; 3107; 251,50126,5,2025-07-29; 2026-02-06; 2025-09-17; 2025-09-11; 2026-06-06,56095; 194187; 38209; 130822; 136734,556047.0,3,2025-10-13; 2026-03-06; 2026-07-02,Ghaziabad; Meerut; Noida,0,0.3465,Business Contact,"Observed interaction between Shreya Malhotra 13015 and Amit Bansal 7627. Available records include 23 calls, 5 transactions, and 3 meetings. Evidence does not establish a meaningful relationship."
REL00644,P0521,Deepak Yadav,P0066,Rohan Patel,4,2024-07-15; 2026-08-14; 2025-03-15; 2025-04-08,49; 509; 729; 159,1446,0,,,0.0,3,2024-05-03; 2025-05-05; 2025-11-03,Ghaziabad; Faridabad; Delhi,1,0.6619,Associate,Relationship evidence between Deepak Yadav and Rohan Patel. Phone records show 4 calls. Transaction records show 0 transactions. Meeting records show 3 meetings.
REL00645,P0185,Aditya Kumar,P0313,Akash Mehta 47021,25,2026-05-21; 2026-08-25; 2024-10-03; 2024-04-06; 2025-12-05; 2025-09-23; 2025-06-21; 2026-06-19; 2026-03-21; 2026-05-09; 2026-01-09; 2024-08-23; 2026-04-10; 2026-04-08; 2024-03-03; 2025-02-25; 2025-11-20; 2026-07-23; 2024-09-08; 2024-07-08; 2026-01-21; 2024-08-28; 2025-03-20; 2024-11-16; 2024-11-11,89; 252; 1174; 264; 1388; 1679; 694; 654; 609; 404; 667; 1618; 1192; 614; 378; 1430; 1428; 123; 382; 1479; 632; 561; 1715; 1773; 1604,22803,3,2025-01-11; 2024-01-08; 2025-12-15,42324; 59569; 55916,157809.0,6,2024-12-25; 2025-12-19; 2026-07-04; 2026-08-18; 2024-04-03; 2024-04-30,Lucknow; Jaipur; Noida; Meerut; Jaipur; Faridabad,0,0.2028,Acquaintance,"Observed interaction between Aditya Kumar and Akash Mehta 47021. Available records include 25 calls, 3 transactions, and 6 meetings. Evidence does not establish a meaningful relationship."
REL00646,P0590,Divya Chauhan 12679,P0292,Nisha Khanna 23227,5,2024-07-16; 2025-09-27; 2025-07-06; 2025-09-26; 2025-12-24,86; 217; 498; 59; 347,1207,1,2024-11-14,21349,21349.0,2,2024-05-17; 2024-11-03,Meerut; Noida,1,0.6553,Associate,Relationship evidence between Divya Chauhan 12679 and Nisha Khanna 23227. Phone records show 5 calls. Transaction records show 1 transactions. Meeting records show 2 meetings.
REL00647,P0058,Yash Yadav,P0521,Deepak Yadav,36,2026-07-12; 2026-04-21; 2026-03-09; 2024-03-13; 2024-01-28; 2025-10-20; 2024-07-23; 2024-11-21; 2025-01-27; 2024-11-23; 2025-09-23; 2024-09-30; 2024-07-04; 2026-02-06; 2025-08-14; 2025-08-30; 2024-06-28; 2024-02-06; 2025-10-11; 2024-06-27; 2024-09-04; 2025-05-06; 2025-01-26; 2025-12-29; 2025-01-25; 2025-03-19; 2025-08-20; 2025-11-10; 2026-08-17; 2025-03-09; 2025-09-06; 2024-06-26; 2026-03-04; 2024-06-20; 2025-08-06; 2024-12-21,1077; 1069; 2320; 1691; 502; 2449; 1144; 500; 3539; 387; 2680; 3489; 2339; 3324; 3210; 905; 2613; 2892; 186; 3543; 2664; 3368; 1064; 3328; 3372; 1371; 639; 1268; 2797; 2704; 729; 1324; 129; 1670; 1859; 2878,71023,4,2024-06-30; 2025-06-08; 2026-02-01; 2024-07-11,80820; 117508; 60152; 62840,321320.0,7,2026-04-05; 2024-11-03; 2025-11-21; 2025-06-13; 2025-07-05; 2025-09-11; 2024-08-23,Ghaziabad; Faridabad; Ghaziabad; Chandigarh; Meerut; Noida; Lucknow,1,0.8377,Colleague,Relationship evidence between Yash Yadav and Deepak Yadav. Phone records show 36 calls. Transaction records show 4 transactions. Meeting records show 7 meetings.
REL00648,P0261,Abhishek Verma,P0039,Deepak Khan 71122,7,2024-06-28; 2024-10-18; 2024-09-12; 2026-01-14; 2025-07-29; 2024-06-29; 2025-01-27,655; 156; 587; 357; 371; 41; 480,2647,1,2024-10-02,7191,7191.0,2,2024-12-14; 2026-04-20,Delhi; Agra,1,0.7086,Former Partner,Relationship evidence between Abhishek Verma and Deepak Khan 71122. Phone records show 7 calls. Transaction records show 1 transactions. Meeting records show 2 meetings.
REL00649,P0168,Shreya Chauhan,P0573,Nisha Mehta,4,2025-09-15; 2024-10-05; 2026-06-19; 2026-08-01,511; 883; 666; 28,2088,2,2024-09-11; 2025-08-05,14489; 20326,34815.0,1,2026-06-13,Jaipur,0,0.1063,Acquaintance,"Observed interaction between Shreya Chauhan and Nisha Mehta. Available records include 4 calls, 2 transactions, and 1 meetings. Evidence does not establish a meaningful relationship."
REL00650,P0215,Divya Sharma,P0331,Ravi Khan 10491,7,2024-12-02; 2024-02-15; 2024-09-21; 2025-04-13; 2024-05-07; 2026-04-01; 2025-07-16,1131; 472; 69; 137; 1620; 1272; 1694,6395,3,2025-08-25; 2024-12-14; 2024-10-07,19874; 74152; 68670,162696.0,4,2026-08-30; 2025-04-11; 2024-08-05; 2026-08-14,Faridabad; Faridabad; Agra; Jaipur,1,0.7701,Former Partner,Relationship evidence between Divya Sharma and Ravi Khan 10491. Phone records show 7 calls. Transaction records show 3 transactions. Meeting records show 4 meetings.
REL00651,P0529,Aditya Verma,P0445,Divya Verma 57879,40,2024-01-17; 2025-02-22; 2025-12-18; 2024-04-19; 2025-04-13; 2025-12-18; 2026-05-23; 2026-05-25; 2025-10-19; 2024-01-23; 2026-06-12; 2026-06-03; 2026-06-06; 2026-05-25; 2025-03-19; 2025-08-21; 2024-02-22; 2024-03-28; 2026-05-16; 2024-09-24; 2025-09-28; 2025-03-26; 2026-07-18; 2024-03-25; 2024-03-23; 2024-01-27; 2026-02-15; 2024-08-08; 2026-03-28; 2025-06-20; 2024-09-23; 2026-03-26; 2026-08-31; 2026-01-03; 2026-08-12; 2026-08-26; 2025-04-03; 2024-04-15; 2024-12-10; 2025-02-05,2087; 3516; 1588; 1835; 1890; 3101; 1454; 120; 2793; 1507; 433; 2343; 3101; 2189; 1850; 201; 2930; 512; 1694; 2132; 2832; 1318; 1188; 2425; 3082; 2917; 860; 957; 1283; 2963; 969; 1627; 2621; 2740; 1901; 2477; 2238; 1462; 196; 1259,74591,7,2024-11-27; 2026-02-16; 2026-07-20; 2024-01-18; 2025-10-23; 2024-12-09; 2026-03-11,117206; 117093; 234623; 195443; 161155; 217352; 70116,1112988.0,5,2025-05-11; 2024-12-17; 2024-11-14; 2024-02-16; 2024-05-18,Faridabad; Gurugram; Lucknow; Jaipur; Noida,1,0.8585,Known Associate,Relationship evidence between Aditya Verma and Divya Verma 57879. Phone records show 40 calls. Transaction records show 7 transactions. Meeting records show 5 meetings.
REL00652,P0550,Arjun Mehta,P0172,Sneha Khan,18,2024-02-04; 2026-05-14; 2024-05-13; 2024-12-04; 2024-02-27; 2026-06-01; 2025-11-29; 2026-05-29; 2024-09-03; 2025-07-05; 2024-11-27; 2026-06-11; 2025-12-23; 2025-05-17; 2025-03-14; 2026-02-01; 2024-06-25; 2026-02-12,830; 1761; 676; 1113; 1677; 206; 1348; 902; 1617; 1608; 570; 1119; 1384; 648; 1233; 560; 1613; 1593,20458,0,,,0.0,3,2025-02-20; 2026-05-30; 2025-07-26,Delhi; Jaipur; Ghaziabad,1,0.6566,Business Contact,Relationship evidence between Arjun Mehta and Sneha Khan. Phone records show 18 calls. Transaction records show 0 transactions. Meeting records show 3 meetings.
REL00653,P0360,Raj Chauhan 40909,P0227,Nikhil Malhotra,6,2026-05-20; 2026-02-21; 2024-05-24; 2025-03-25; 2025-07-16; 2025-08-14,832; 1291; 742; 232; 1711; 1310,6118,0,,,0.0,1,2025-10-26,Ghaziabad,1,0.5505,Associate,Relationship evidence between Raj Chauhan 40909 and Nikhil Malhotra. Phone records show 6 calls. Transaction records show 0 transactions. Meeting records show 1 meetings.
REL00654,P0302,Sneha Khan 58415,P0516,Nikhil Patel 47637,9,2025-01-20; 2026-02-16; 2025-05-01; 2024-02-19; 2026-07-01; 2024-08-09; 2025-01-31; 2024-12-01; 2025-02-28,720; 331; 915; 3181; 1850; 1003; 1159; 1365; 2905,13429,8,2024-10-15; 2024-08-04; 2025-10-05; 2025-09-01; 2024-09-21; 2025-02-16; 2025-06-04; 2026-03-10,166696; 108964; 205876; 203658; 198410; 74121; 70982; 37512,1066219.0,4,2025-07-04; 2024-03-14; 2025-11-21; 2024-06-03,Ghaziabad; Ghaziabad; Meerut; Chandigarh,0,0.4379,Acquaintance,"Observed interaction between Sneha Khan 58415 and Nikhil Patel 47637. Available records include 9 calls, 8 transactions, and 4 meetings. Evidence does not establish a meaningful relationship."
REL00655,P0091,Aman Malhotra,P0489,Aman Malhotra 18838,6,2025-04-04; 2026-06-22; 2024-08-13; 2026-05-08; 2024-05-07; 2026-06-26,477; 328; 306; 385; 492; 492,2480,2,2026-06-26; 2025-03-14,6170; 22625,28795.0,0,,,0,0.1506,Acquaintance,"Observed interaction between Aman Malhotra and Aman Malhotra 18838. Available records include 6 calls, 2 transactions, and 0 meetings. Evidence does not establish a meaningful relationship."
REL00656,P0140,Pooja Patel,P0398,Vikram Pandey,17,2024-02-12; 2025-06-05; 2025-09-20; 2026-07-12; 2026-07-20; 2025-07-21; 2026-07-25; 2026-06-26; 2025-09-11; 2025-05-15; 2026-04-13; 2025-05-22; 2024-09-28; 2026-03-13; 2025-05-22; 2026-03-02; 2026-05-29,1653; 2631; 1236; 2922; 1294; 2782; 1100; 1288; 3557; 2177; 3039; 1489; 686; 2526; 1570; 3595; 899,34444,8,2025-04-01; 2026-02-06; 2025-04-15; 2026-03-17; 2024-09-16; 2026-06-18; 2026-04-25; 2026-06-09,17208; 207456; 215523; 72921; 134832; 112050; 132088; 120072,1012150.0,5,2025-07-24; 2025-05-01; 2024-10-15; 2024-01-26; 2024-09-28,Gurugram; Delhi; Chandigarh; Jaipur; Chandigarh,0,0.3241,Acquaintance,"Observed interaction between Pooja Patel and Vikram Pandey. Available records include 17 calls, 8 transactions, and 5 meetings. Evidence does not establish a meaningful relationship."
REL00657,P0316,Sneha Kumar,P0456,Divya Gupta 68563,1,2024-03-18,344,344,1,2026-02-11,15939,15939.0,0,,,0,0.2706,Business Contact,"Observed interaction between Sneha Kumar and Divya Gupta 68563. Available records include 1 calls, 1 transactions, and 0 meetings. Evidence does not establish a meaningful relationship."
REL00658,P0213,Kavya Chauhan 57985,P0061,Neha Agarwal,23,2026-05-21; 2024-10-11; 2026-01-26; 2024-02-04; 2026-03-26; 2025-02-22; 2025-01-16; 2025-02-11; 2024-12-31; 2026-01-13; 2025-06-02; 2024-06-02; 2024-09-04; 2026-02-01; 2024-10-24; 2026-01-09; 2024-09-26; 2024-12-17; 2024-09-07; 2025-06-21; 2026-03-30; 2024-12-07; 2025-11-01,1405; 925; 808; 563; 760; 429; 470; 1446; 326; 902; 940; 125; 1352; 1459; 1434; 1621; 87; 135; 592; 1015; 119; 1228; 1569,19710,1,2024-03-21,11193,11193.0,1,2024-03-02,Ghaziabad,0,0.4852,Acquaintance,"Observed interaction between Kavya Chauhan 57985 and Neha Agarwal. Available records include 23 calls, 1 transactions, and 1 meetings. Evidence does not establish a meaningful relationship."
REL00659,P0599,Neha Singh 485,P0371,Sneha Patel,7,2024-03-23; 2024-03-29; 2025-07-14; 2024-04-14; 2025-11-30; 2026-06-27; 2024-11-21,2177; 1000; 3187; 1954; 3345; 1253; 1765,14681,2,2025-03-12; 2024-03-19,91778; 201408,293186.0,5,2024-11-09; 2025-04-26; 2025-04-04; 2025-03-11; 2026-08-03,Noida; Lucknow; Jaipur; Lucknow; Chandigarh,0,0.4341,Colleague,"Observed interaction between Neha Singh 485 and Sneha Patel. Available records include 7 calls, 2 transactions, and 5 meetings. Evidence does not establish a meaningful relationship."
REL00660,P0288,Divya Gupta,P0473,Shreya Chauhan 2816,17,2025-07-14; 2026-06-25; 2024-05-30; 2025-12-26; 2025-09-20; 2024-01-17; 2026-01-28; 2025-01-16; 2025-12-30; 2024-05-16; 2025-01-12; 2025-02-17; 2024-12-17; 2025-09-06; 2025-08-23; 2025-01-18; 2024-01-18,1138; 1374; 1327; 198; 625; 1531; 396; 1496; 536; 1476; 534; 67; 1555; 429; 1236; 1502; 440,15860,3,2025-05-23; 2025-03-08; 2026-07-19,39456; 4273; 43359,87088.0,4,2024-10-11; 2026-05-08; 2025-05-07; 2025-11-27,Ghaziabad; Agra; Lucknow; Jaipur,1,0.6077,Acquaintance,Relationship evidence between Divya Gupta and Shreya Chauhan 2816. Phone records show 17 calls. Transaction records show 3 transactions. Meeting records show 4 meetings.
